id_main,type,uri,resource_url,uri150,width,height
100030,primary,https://i.discogs.com/pvrIuTIINUCOHAuXnywBv-rHmaQCVOYR13i0KWo628c/rs:fit/g:sm/q:90/h:572/w:600/czM6Ly9kaXNjb2dz/LWRhdGFiYXNlLWlt/YWdlcy9SLTEwMDAz/MC0xMzM0ODg2ODM5/LmpwZWc.jpeg,https://i.discogs.com/pvrIuTIINUCOHAuXnywBv-rHmaQCVOYR13i0KWo628c/rs:fit/g:sm/q:90/h:572/w:600/czM6Ly9kaXNjb2dz/LWRhdGFiYXNlLWlt/YWdlcy9SLTEwMDAz/MC0xMzM0ODg2ODM5/LmpwZWc.jpeg,https://i.discogs.com/EGgXDyXArpQbeegBi2mXrbIeRt0ElnQ72eLDjlQUxbI/rs:fit/g:sm/q:40/h:150/w:150/czM6Ly9kaXNjb2dz/LWRhdGFiYXNlLWlt/YWdlcy9SLTEwMDAz/MC0xMzM0ODg2ODM5/LmpwZWc.jpeg,600,572
100030,secondary,https://i.discogs.com/0MmntoK4HHcVYgraE10b6CToLxTVMEa06tDVm6MFn30/rs:fit/g:sm/q:90/h:574/w:600/czM6Ly9kaXNjb2dz/LWRhdGFiYXNlLWlt/YWdlcy9SLTEwMDAz/MC0xMzM0ODg2ODMx/LmpwZWc.jpeg,https://i.discogs.com/0MmntoK4HHcVYgraE10b6CToLxTVMEa06tDVm6MFn30/rs:fit/g:sm/q:90/h:574/w:600/czM6Ly9kaXNjb2dz/LWRhdGFiYXNlLWlt/YWdlcy9SLTEwMDAz/MC0xMzM0ODg2ODMx/LmpwZWc.jpeg,https://i.discogs.com/e6hFwN9L9LnB6yWjqM1DSvd29ZpJgAbGQafgmZ5qMOQ/rs:fit/g:sm/q:40/h:150/w:150/czM6Ly9kaXNjb2dz/LWRhdGFiYXNlLWlt/YWdlcy9SLTEwMDAz/MC0xMzM0ODg2ODMx/LmpwZWc.jpeg,600,574
100036,primary,https://i.discogs.com/U1RYesltnhE5mEqBKj6UDCTG_qT8Zs58qIXrACrjwJE/rs:fit/g:sm/q:90/h:600/w:600/czM6Ly9kaXNjb2dz/LWRhdGFiYXNlLWlt/YWdlcy9SLTEwMDAz/Ni0xNjkzMzI3Mzc2/LTE5OTYuanBlZw.jpeg,https://i.discogs.com/U1RYesltnhE5mEqBKj6UDCTG_qT8Zs58qIXrACrjwJE/rs:fit/g:sm/q:90/h:600/w:600/czM6Ly9kaXNjb2dz/LWRhdGFiYXNlLWlt/YWdlcy9SLTEwMDAz/Ni0xNjkzMzI3Mzc2/LTE5OTYuanBlZw.jpeg,https://i.discogs.com/lrpUtRjWgqHUKTDk_1AYUhEN8n4iFZSTuc_0HeaOzTU/rs:fit/g:sm/q:40/h:150/w:150/czM6Ly9kaXNjb2dz/LWRhdGFiYXNlLWlt/YWdlcy9SLTEwMDAz/Ni0xNjkzMzI3Mzc2/LTE5OTYuanBlZw.jpeg,600,600
100036,secondary,https://i.discogs.com/gH8_AM2E81RTbxZXzuoyoKM90S95Dc8e4sD6KOR0UwI/rs:fit/g:sm/q:90/h:600/w:600/czM6Ly9kaXNjb2dz/LWRhdGFiYXNlLWlt/YWdlcy9SLTEwMDAz/Ni0xNjkzMzI3Mzc2/LTkxNjAuanBlZw.jpeg,https://i.discogs.com/gH8_AM2E81RTbxZXzuoyoKM90S95Dc8e4sD6KOR0UwI/rs:fit/g:sm/q:90/h:600/w:600/czM6Ly9kaXNjb2dz/LWRhdGFiYXNlLWlt/YWdlcy9SLTEwMDAz/Ni0xNjkzMzI3Mzc2/LTkxNjAuanBlZw.jpeg,https://i.discogs.com/7WOBYR1njo1RnigQzo4-4E4O_oCkS2afHVIZLqWceLE/rs:fit/g:sm/q:40/h:150/w:150/czM6Ly9kaXNjb2dz/LWRhdGFiYXNlLWlt/YWdlcy9SLTEwMDAz/Ni0xNjkzMzI3Mzc2/LTkxNjAuanBlZw.jpeg,600,600
100050,primary,https://i.discogs.com/oFMc-w1Bc5AFJBZ4Imh8NPqGU2yrgYt__909zkUDPQE/rs:fit/g:sm/q:90/h:600/w:600/czM6Ly9kaXNjb2dz/LWRhdGFiYXNlLWlt/YWdlcy9SLTEwMDA1/MC0xNDc5NzM3NzEw/LTI4NDIuanBlZw.jpeg,https://i.discogs.com/oFMc-w1Bc5AFJBZ4Imh8NPqGU2yrgYt__909zkUDPQE/rs:fit/g:sm/q:90/h:600/w:600/czM6Ly9kaXNjb2dz/LWRhdGFiYXNlLWlt/YWdlcy9SLTEwMDA1/MC0xNDc5NzM3NzEw/LTI4NDIuanBlZw.jpeg,https://i.discogs.com/3N-NpCk8xDg-7CurLFemHNnSbFFbtG2lqo_V9-vqI_M/rs:fit/g:sm/q:40/h:150/w:150/czM6Ly9kaXNjb2dz/LWRhdGFiYXNlLWlt/YWdlcy9SLTEwMDA1/MC0xNDc5NzM3NzEw/LTI4NDIuanBlZw.jpeg,600,600
100050,secondary,https://i.discogs.com/xovLmqoZ51p4w7wKX9dpmOizA4C07tkf6w9f5zvlNX4/rs:fit/g:sm/q:90/h:600/w:600/czM6Ly9kaXNjb2dz/LWRhdGFiYXNlLWlt/YWdlcy9SLTEwMDA1/MC0xNDc5NzM3NzEz/LTQ4NDYuanBlZw.jpeg,https://i.discogs.com/xovLmqoZ51p4w7wKX9dpmOizA4C07tkf6w9f5zvlNX4/rs:fit/g:sm/q:90/h:600/w:600/czM6Ly9kaXNjb2dz/LWRhdGFiYXNlLWlt/YWdlcy9SLTEwMDA1/MC0xNDc5NzM3NzEz/LTQ4NDYuanBlZw.jpeg,https://i.discogs.com/MCpjfg6GcvRpL4Vg-Z9ltgSDPc5Xd_QfrpUmnTi-7so/rs:fit/g:sm/q:40/h:150/w:150/czM6Ly9kaXNjb2dz/LWRhdGFiYXNlLWlt/YWdlcy9SLTEwMDA1/MC0xNDc5NzM3NzEz/LTQ4NDYuanBlZw.jpeg,600,600
100050,secondary,https://i.discogs.com/zRzNLdvGDP5OHAZnm2MuxEasiNHnlOBGJvjufBhunME/rs:fit/g:sm/q:90/h:600/w:600/czM6Ly9kaXNjb2dz/LWRhdGFiYXNlLWlt/YWdlcy9SLTEwMDA1/MC0xNDc5NzM3NzE4/LTI3ODYuanBlZw.jpeg,https://i.discogs.com/zRzNLdvGDP5OHAZnm2MuxEasiNHnlOBGJvjufBhunME/rs:fit/g:sm/q:90/h:600/w:600/czM6Ly9kaXNjb2dz/LWRhdGFiYXNlLWlt/YWdlcy9SLTEwMDA1/MC0xNDc5NzM3NzE4/LTI3ODYuanBlZw.jpeg,https://i.discogs.com/XVhsY4Xoi4IUJ5UTWKKD1_UBSp9Hl1UeBeUTAg0dKWk/rs:fit/g:sm/q:40/h:150/w:150/czM6Ly9kaXNjb2dz/LWRhdGFiYXNlLWlt/YWdlcy9SLTEwMDA1/MC0xNDc5NzM3NzE4/LTI3ODYuanBlZw.jpeg,600,600
100050,secondary,https://i.discogs.com/5buD7RtoDjYawtb_5WN_TLSePW_Lxyn_yUg72EYnoiI/rs:fit/g:sm/q:90/h:600/w:600/czM6Ly9kaXNjb2dz/LWRhdGFiYXNlLWlt/YWdlcy9SLTEwMDA1/MC0xNDc5NzM3NzE1/LTQ3NjIuanBlZw.jpeg,https://i.discogs.com/5buD7RtoDjYawtb_5WN_TLSePW_Lxyn_yUg72EYnoiI/rs:fit/g:sm/q:90/h:600/w:600/czM6Ly9kaXNjb2dz/LWRhdGFiYXNlLWlt/YWdlcy9SLTEwMDA1/MC0xNDc5NzM3NzE1/LTQ3NjIuanBlZw.jpeg,https://i.discogs.com/JowNvlZJyiSMo-JndAc8rm0f8OKY63lHK1weybq1Js8/rs:fit/g:sm/q:40/h:150/w:150/czM6Ly9kaXNjb2dz/LWRhdGFiYXNlLWlt/YWdlcy9SLTEwMDA1/MC0xNDc5NzM3NzE1/LTQ3NjIuanBlZw.jpeg,600,600
10028704,primary,https://i.discogs.com/Alk-G9KGmm3OP2-mztdHXrjN2imUnrt3hti6W4mnVxc/rs:fit/g:sm/q:90/h:593/w:600/czM6Ly9kaXNjb2dz/LWRhdGFiYXNlLWlt/YWdlcy9SLTEwMDI4/NzA0LTE0OTAzODYz/MzQtOTMwNC5tcG8.jpeg,https://i.discogs.com/Alk-G9KGmm3OP2-mztdHXrjN2imUnrt3hti6W4mnVxc/rs:fit/g:sm/q:90/h:593/w:600/czM6Ly9kaXNjb2dz/LWRhdGFiYXNlLWlt/YWdlcy9SLTEwMDI4/NzA0LTE0OTAzODYz/MzQtOTMwNC5tcG8.jpeg,https://i.discogs.com/xBi5Fv1z2hlumTv3jRPHXCgUK4iw0P6AO3gO7u_4yTc/rs:fit/g:sm/q:40/h:150/w:150/czM6Ly9kaXNjb2dz/LWRhdGFiYXNlLWlt/YWdlcy9SLTEwMDI4/NzA0LTE0OTAzODYz/MzQtOTMwNC5tcG8.jpeg,600,593
10028704,secondary,https://i.discogs.com/K0KBm45ULvTEjOByGG8xG4gsLFvtpTPlVq1Emjf8b5Y/rs:fit/g:sm/q:90/h:595/w:600/czM6Ly9kaXNjb2dz/LWRhdGFiYXNlLWlt/YWdlcy9SLTEwMDI4/NzA0LTE0OTAzODYz/MzMtMjY4My5tcG8.jpeg,https://i.discogs.com/K0KBm45ULvTEjOByGG8xG4gsLFvtpTPlVq1Emjf8b5Y/rs:fit/g:sm/q:90/h:595/w:600/czM6Ly9kaXNjb2dz/LWRhdGFiYXNlLWlt/YWdlcy9SLTEwMDI4/NzA0LTE0OTAzODYz/MzMtMjY4My5tcG8.jpeg,https://i.discogs.com/dFC2tvdmHlYueWbDxUAJ1S9MoKIAu_40Mp24CT142FM/rs:fit/g:sm/q:40/h:150/w:150/czM6Ly9kaXNjb2dz/LWRhdGFiYXNlLWlt/YWdlcy9SLTEwMDI4/NzA0LTE0OTAzODYz/MzMtMjY4My5tcG8.jpeg,600,595
10028704,secondary,https://i.discogs.com/EdCRBHc_BHeVbOID-VjN0BdNJsr2_eLYpoaQJAFNjQ4/rs:fit/g:sm/q:90/h:501/w:600/czM6Ly9kaXNjb2dz/LWRhdGFiYXNlLWlt/YWdlcy9SLTEwMDI4/NzA0LTE0OTAzODYz/MzYtOTE1MC5tcG8.jpeg,https://i.discogs.com/EdCRBHc_BHeVbOID-VjN0BdNJsr2_eLYpoaQJAFNjQ4/rs:fit/g:sm/q:90/h:501/w:600/czM6Ly9kaXNjb2dz/LWRhdGFiYXNlLWlt/YWdlcy9SLTEwMDI4/NzA0LTE0OTAzODYz/MzYtOTE1MC5tcG8.jpeg,https://i.discogs.com/yvmVQKEsTxp7YrGUiEvoSIzDojXAO-euQHOZ4QvbYS0/rs:fit/g:sm/q:40/h:150/w:150/czM6Ly9kaXNjb2dz/LWRhdGFiYXNlLWlt/YWdlcy9SLTEwMDI4/NzA0LTE0OTAzODYz/MzYtOTE1MC5tcG8.jpeg,600,501
10028704,secondary,https://i.discogs.com/5w0SopF8KjunBI0LPzq1NMsh808gcrG2g09KoyP6hPE/rs:fit/g:sm/q:90/h:585/w:600/czM6Ly9kaXNjb2dz/LWRhdGFiYXNlLWlt/YWdlcy9SLTEwMDI4/NzA0LTE0OTAzODYz/NjUtMzQ0Ni5tcG8.jpeg,https://i.discogs.com/5w0SopF8KjunBI0LPzq1NMsh808gcrG2g09KoyP6hPE/rs:fit/g:sm/q:90/h:585/w:600/czM6Ly9kaXNjb2dz/LWRhdGFiYXNlLWlt/YWdlcy9SLTEwMDI4/NzA0LTE0OTAzODYz/NjUtMzQ0Ni5tcG8.jpeg,https://i.discogs.com/Dc5apAo2MbgbtA4nxjghh-WzOyEvkK-n1i21ENGiEns/rs:fit/g:sm/q:40/h:150/w:150/czM6Ly9kaXNjb2dz/LWRhdGFiYXNlLWlt/YWdlcy9SLTEwMDI4/NzA0LTE0OTAzODYz/NjUtMzQ0Ni5tcG8.jpeg,600,585
10028704,secondary,https://i.discogs.com/4J0hW_RKhi3_Y_cCdrdCACfy_wJZapGLsoCRfyr32g0/rs:fit/g:sm/q:90/h:589/w:600/czM6Ly9kaXNjb2dz/LWRhdGFiYXNlLWlt/YWdlcy9SLTEwMDI4/NzA0LTE0OTAzODYz/NjMtNDgyNC5tcG8.jpeg,https://i.discogs.com/4J0hW_RKhi3_Y_cCdrdCACfy_wJZapGLsoCRfyr32g0/rs:fit/g:sm/q:90/h:589/w:600/czM6Ly9kaXNjb2dz/LWRhdGFiYXNlLWlt/YWdlcy9SLTEwMDI4/NzA0LTE0OTAzODYz/NjMtNDgyNC5tcG8.jpeg,https://i.discogs.com/4ae7KvMIbQsViTOMV2AEsyNjJFjOCS6nwIF3AtYEi08/rs:fit/g:sm/q:40/h:150/w:150/czM6Ly9kaXNjb2dz/LWRhdGFiYXNlLWlt/YWdlcy9SLTEwMDI4/NzA0LTE0OTAzODYz/NjMtNDgyNC5tcG8.jpeg,600,589
10028704,secondary,https://i.discogs.com/2NcqEQM68GSlMtZdi-eMKH1bGZqfDCwZXmXwNNbxniw/rs:fit/g:sm/q:90/h:595/w:600/czM6Ly9kaXNjb2dz/LWRhdGFiYXNlLWlt/YWdlcy9SLTEwMDI4/NzA0LTE0OTAzODYz/NTItNTM3NC5tcG8.jpeg,https://i.discogs.com/2NcqEQM68GSlMtZdi-eMKH1bGZqfDCwZXmXwNNbxniw/rs:fit/g:sm/q:90/h:595/w:600/czM6Ly9kaXNjb2dz/LWRhdGFiYXNlLWlt/YWdlcy9SLTEwMDI4/NzA0LTE0OTAzODYz/NTItNTM3NC5tcG8.jpeg,https://i.discogs.com/JeC3P7lWAM5dZY7YdIxItD_HqCVYsWflqO1i12sUyVE/rs:fit/g:sm/q:40/h:150/w:150/czM6Ly9kaXNjb2dz/LWRhdGFiYXNlLWlt/YWdlcy9SLTEwMDI4/NzA0LTE0OTAzODYz/NTItNTM3NC5tcG8.jpeg,600,595
10028704,secondary,https://i.discogs.com/nFObYpbV4jkVGmya32krB0HHx0MZBY4JtrtclVhNMf0/rs:fit/g:sm/q:90/h:594/w:600/czM6Ly9kaXNjb2dz/LWRhdGFiYXNlLWlt/YWdlcy9SLTEwMDI4/NzA0LTE0OTAzODYz/NDItMTM4My5tcG8.jpeg,https://i.discogs.com/nFObYpbV4jkVGmya32krB0HHx0MZBY4JtrtclVhNMf0/rs:fit/g:sm/q:90/h:594/w:600/czM6Ly9kaXNjb2dz/LWRhdGFiYXNlLWlt/YWdlcy9SLTEwMDI4/NzA0LTE0OTAzODYz/NDItMTM4My5tcG8.jpeg,https://i.discogs.com/-HWJtZUCHfRdOE4ZXrX0nO5eLYfVzhuCNNQLmdy6goI/rs:fit/g:sm/q:40/h:150/w:150/czM6Ly9kaXNjb2dz/LWRhdGFiYXNlLWlt/YWdlcy9SLTEwMDI4/NzA0LTE0OTAzODYz/NDItMTM4My5tcG8.jpeg,600,594
10028704,secondary,https://i.discogs.com/hY1LlyxpglIT1MiIYDabXZnVebJXpgwXpKgF5lBg4AI/rs:fit/g:sm/q:90/h:389/w:600/czM6Ly9kaXNjb2dz/LWRhdGFiYXNlLWlt/YWdlcy9SLTEwMDI4/NzA0LTE0OTAzODYz/NDQtODgzNi5tcG8.jpeg,https://i.discogs.com/hY1LlyxpglIT1MiIYDabXZnVebJXpgwXpKgF5lBg4AI/rs:fit/g:sm/q:90/h:389/w:600/czM6Ly9kaXNjb2dz/LWRhdGFiYXNlLWlt/YWdlcy9SLTEwMDI4/NzA0LTE0OTAzODYz/NDQtODgzNi5tcG8.jpeg,https://i.discogs.com/mHFo6boEbf2CualBxbgSq3i0AQ89aCPLNwhZNYUsgMU/rs:fit/g:sm/q:40/h:150/w:150/czM6Ly9kaXNjb2dz/LWRhdGFiYXNlLWlt/YWdlcy9SLTEwMDI4/NzA0LTE0OTAzODYz/NDQtODgzNi5tcG8.jpeg,600,389
10028974,secondary,https://i.discogs.com/1kbuvKN4bgcRNcTJlEp7ImsTrzaKBFA4LdLK2VKfqSI/rs:fit/g:sm/q:90/h:600/w:461/czM6Ly9kaXNjb2dz/LWRhdGFiYXNlLWlt/YWdlcy9SLTEwMDI4/OTc0LTE0OTAzODg1/NzQtNTgyOC5qcGVn.jpeg,https://i.discogs.com/1kbuvKN4bgcRNcTJlEp7ImsTrzaKBFA4LdLK2VKfqSI/rs:fit/g:sm/q:90/h:600/w:461/czM6Ly9kaXNjb2dz/LWRhdGFiYXNlLWlt/YWdlcy9SLTEwMDI4/OTc0LTE0OTAzODg1/NzQtNTgyOC5qcGVn.jpeg,https://i.discogs.com/Z0BD19ojSvhVbP-lcxUE-IbqjWT01GWFrluHfbvCQ0g/rs:fit/g:sm/q:40/h:150/w:150/czM6Ly9kaXNjb2dz/LWRhdGFiYXNlLWlt/YWdlcy9SLTEwMDI4/OTc0LTE0OTAzODg1/NzQtNTgyOC5qcGVn.jpeg,461,600
10039902,primary,https://i.discogs.com/X_9vCFzaKWZhE4Hv29p6nU-hLTN8iSPQmtThbgw2gkM/rs:fit/g:sm/q:90/h:600/w:597/czM6Ly9kaXNjb2dz/LWRhdGFiYXNlLWlt/YWdlcy9SLTEwMDM5/OTAyLTE0OTA1NTk5/NDEtMjQ0MC5qcGVn.jpeg,https://i.discogs.com/X_9vCFzaKWZhE4Hv29p6nU-hLTN8iSPQmtThbgw2gkM/rs:fit/g:sm/q:90/h:600/w:597/czM6Ly9kaXNjb2dz/LWRhdGFiYXNlLWlt/YWdlcy9SLTEwMDM5/OTAyLTE0OTA1NTk5/NDEtMjQ0MC5qcGVn.jpeg,https://i.discogs.com/ShC9gpROk-kWE6mALIWta5U8f1gURVKO-mYXX8DqOqk/rs:fit/g:sm/q:40/h:150/w:150/czM6Ly9kaXNjb2dz/LWRhdGFiYXNlLWlt/YWdlcy9SLTEwMDM5/OTAyLTE0OTA1NTk5/NDEtMjQ0MC5qcGVn.jpeg,597,600
10039902,secondary,https://i.discogs.com/-j4Z8yKGavdiX_-mQNEtl2qUIJFz5yTjmYC0WQpnoQE/rs:fit/g:sm/q:90/h:464/w:600/czM6Ly9kaXNjb2dz/LWRhdGFiYXNlLWlt/YWdlcy9SLTEwMDM5/OTAyLTE0OTA1NTk5/NTAtNjM3OS5qcGVn.jpeg,https://i.discogs.com/-j4Z8yKGavdiX_-mQNEtl2qUIJFz5yTjmYC0WQpnoQE/rs:fit/g:sm/q:90/h:464/w:600/czM6Ly9kaXNjb2dz/LWRhdGFiYXNlLWlt/YWdlcy9SLTEwMDM5/OTAyLTE0OTA1NTk5/NTAtNjM3OS5qcGVn.jpeg,https://i.discogs.com/O7D23GFd_6OHaAVk6ORngssAUT7Y-otqwEr0MhjCTZI/rs:fit/g:sm/q:40/h:150/w:150/czM6Ly9kaXNjb2dz/LWRhdGFiYXNlLWlt/YWdlcy9SLTEwMDM5/OTAyLTE0OTA1NTk5/NTAtNjM3OS5qcGVn.jpeg,600,464
10039902,secondary,https://i.discogs.com/4QLfLRt0dTQtFZ-EZeeh6eWXZNp8lmOKcAf2vzvt3yU/rs:fit/g:sm/q:90/h:599/w:600/czM6Ly9kaXNjb2dz/LWRhdGFiYXNlLWlt/YWdlcy9SLTEwMDM5/OTAyLTE0OTA1NTk5/NDYtNTI3NS5qcGVn.jpeg,https://i.discogs.com/4QLfLRt0dTQtFZ-EZeeh6eWXZNp8lmOKcAf2vzvt3yU/rs:fit/g:sm/q:90/h:599/w:600/czM6Ly9kaXNjb2dz/LWRhdGFiYXNlLWlt/YWdlcy9SLTEwMDM5/OTAyLTE0OTA1NTk5/NDYtNTI3NS5qcGVn.jpeg,https://i.discogs.com/6SLhL9ql9rG8am2Ukme7w3EGpHpd9gZNsjkBmghrXTU/rs:fit/g:sm/q:40/h:150/w:150/czM6Ly9kaXNjb2dz/LWRhdGFiYXNlLWlt/YWdlcy9SLTEwMDM5/OTAyLTE0OTA1NTk5/NDYtNTI3NS5qcGVn.jpeg,600,599
10039902,secondary,https://i.discogs.com/hE_yApDIeSltA0TOaJ-yAVOR5WTbHKsusJG5ySFalLw/rs:fit/g:sm/q:90/h:599/w:600/czM6Ly9kaXNjb2dz/LWRhdGFiYXNlLWlt/YWdlcy9SLTEwMDM5/OTAyLTE0OTA1NTk5/NDgtNDQ5NS5qcGVn.jpeg,https://i.discogs.com/hE_yApDIeSltA0TOaJ-yAVOR5WTbHKsusJG5ySFalLw/rs:fit/g:sm/q:90/h:599/w:600/czM6Ly9kaXNjb2dz/LWRhdGFiYXNlLWlt/YWdlcy9SLTEwMDM5/OTAyLTE0OTA1NTk5/NDgtNDQ5NS5qcGVn.jpeg,https://i.discogs.com/5DdxWcM6pqMFoH0SZI6zAuqWztrQcb2qbcfjhvCNHNM/rs:fit/g:sm/q:40/h:150/w:150/czM6Ly9kaXNjb2dz/LWRhdGFiYXNlLWlt/YWdlcy9SLTEwMDM5/OTAyLTE0OTA1NTk5/NDgtNDQ5NS5qcGVn.jpeg,600,599
10039902,secondary,https://i.discogs.com/tHJnuifQlMGfb-L7874pGzhb-TkRhU6OMH9bXv2YwGA/rs:fit/g:sm/q:90/h:600/w:590/czM6Ly9kaXNjb2dz/LWRhdGFiYXNlLWlt/YWdlcy9SLTEwMDM5/OTAyLTE0OTA1NTk5/NDktMjE2NS5qcGVn.jpeg,https://i.discogs.com/tHJnuifQlMGfb-L7874pGzhb-TkRhU6OMH9bXv2YwGA/rs:fit/g:sm/q:90/h:600/w:590/czM6Ly9kaXNjb2dz/LWRhdGFiYXNlLWlt/YWdlcy9SLTEwMDM5/OTAyLTE0OTA1NTk5/NDktMjE2NS5qcGVn.jpeg,https://i.discogs.com/ygjpPXpz2Bn-oMK4I1LB7LyguBaF4IZpYh19ysuHvF4/rs:fit/g:sm/q:40/h:150/w:150/czM6Ly9kaXNjb2dz/LWRhdGFiYXNlLWlt/YWdlcy9SLTEwMDM5/OTAyLTE0OTA1NTk5/NDktMjE2NS5qcGVn.jpeg,590,600
10039902,secondary,https://i.discogs.com/FrTwesOqFo6-7VblAetGSesWh3pWxBkQee8EZupaBCc/rs:fit/g:sm/q:90/h:600/w:597/czM6Ly9kaXNjb2dz/LWRhdGFiYXNlLWlt/YWdlcy9SLTEwMDM5/OTAyLTE0OTA1NTk5/NDQtNDgxOC5qcGVn.jpeg,https://i.discogs.com/FrTwesOqFo6-7VblAetGSesWh3pWxBkQee8EZupaBCc/rs:fit/g:sm/q:90/h:600/w:597/czM6Ly9kaXNjb2dz/LWRhdGFiYXNlLWlt/YWdlcy9SLTEwMDM5/OTAyLTE0OTA1NTk5/NDQtNDgxOC5qcGVn.jpeg,https://i.discogs.com/5soAz_7y1KpNEfeO-iLhk0VUQDGHDnu_WRBWu6CmqRQ/rs:fit/g:sm/q:40/h:150/w:150/czM6Ly9kaXNjb2dz/LWRhdGFiYXNlLWlt/YWdlcy9SLTEwMDM5/OTAyLTE0OTA1NTk5/NDQtNDgxOC5qcGVn.jpeg,597,600
10045492,secondary,https://i.discogs.com/NZfnPdDe3RhqQHkzDGsro675AqYyWOrTgz07gDNX6V0/rs:fit/g:sm/q:90/h:600/w:593/czM6Ly9kaXNjb2dz/LWRhdGFiYXNlLWlt/YWdlcy9SLTEwMDQ1/NDkyLTE0OTA2NTkw/MjItNTA4NS5qcGVn.jpeg,https://i.discogs.com/NZfnPdDe3RhqQHkzDGsro675AqYyWOrTgz07gDNX6V0/rs:fit/g:sm/q:90/h:600/w:593/czM6Ly9kaXNjb2dz/LWRhdGFiYXNlLWlt/YWdlcy9SLTEwMDQ1/NDkyLTE0OTA2NTkw/MjItNTA4NS5qcGVn.jpeg,https://i.discogs.com/5Pg8k0bQEFXwxwCgsgSc6OkzJYUwsDuuoexIlzyIiE8/rs:fit/g:sm/q:40/h:150/w:150/czM6Ly9kaXNjb2dz/LWRhdGFiYXNlLWlt/YWdlcy9SLTEwMDQ1/NDkyLTE0OTA2NTkw/MjItNTA4NS5qcGVn.jpeg,593,600
10045492,secondary,https://i.discogs.com/uNo7OzMrP1hRmeQLf-6BkpVy_N27-krINb7fUx8IOp4/rs:fit/g:sm/q:90/h:600/w:599/czM6Ly9kaXNjb2dz/LWRhdGFiYXNlLWlt/YWdlcy9SLTEwMDQ1/NDkyLTE0OTA2NTkw/ODAtMzAyMC5qcGVn.jpeg,https://i.discogs.com/uNo7OzMrP1hRmeQLf-6BkpVy_N27-krINb7fUx8IOp4/rs:fit/g:sm/q:90/h:600/w:599/czM6Ly9kaXNjb2dz/LWRhdGFiYXNlLWlt/YWdlcy9SLTEwMDQ1/NDkyLTE0OTA2NTkw/ODAtMzAyMC5qcGVn.jpeg,https://i.discogs.com/BRXBlxpcz9NtDNsOgS8eop4af6aRp_SG2GX3gOGjeg4/rs:fit/g:sm/q:40/h:150/w:150/czM6Ly9kaXNjb2dz/LWRhdGFiYXNlLWlt/YWdlcy9SLTEwMDQ1/NDkyLTE0OTA2NTkw/ODAtMzAyMC5qcGVn.jpeg,599,600
10045492,secondary,https://i.discogs.com/gvtQ4VcJC3VFWoVhqsH2c-KN7KaQIJSBI7nepFWmf1E/rs:fit/g:sm/q:90/h:600/w:600/czM6Ly9kaXNjb2dz/LWRhdGFiYXNlLWlt/YWdlcy9SLTEwMDQ1/NDkyLTE0OTA2NTkw/OTgtOTM3MS5qcGVn.jpeg,https://i.discogs.com/gvtQ4VcJC3VFWoVhqsH2c-KN7KaQIJSBI7nepFWmf1E/rs:fit/g:sm/q:90/h:600/w:600/czM6Ly9kaXNjb2dz/LWRhdGFiYXNlLWlt/YWdlcy9SLTEwMDQ1/NDkyLTE0OTA2NTkw/OTgtOTM3MS5qcGVn.jpeg,https://i.discogs.com/dIipOyDtiFA27F7tENFj3GAyNbKZZuf0xm_c7V8OdZ0/rs:fit/g:sm/q:40/h:150/w:150/czM6Ly9kaXNjb2dz/LWRhdGFiYXNlLWlt/YWdlcy9SLTEwMDQ1/NDkyLTE0OTA2NTkw/OTgtOTM3MS5qcGVn.jpeg,600,600
10045492,secondary,https://i.discogs.com/4Swf_3xluH59TrNO3xUQ4Ej0laTZgF3pnbvveIDIU7Q/rs:fit/g:sm/q:90/h:600/w:596/czM6Ly9kaXNjb2dz/LWRhdGFiYXNlLWlt/YWdlcy9SLTEwMDQ1/NDkyLTE0OTA2NTkx/NTMtNzU1NC5qcGVn.jpeg,https://i.discogs.com/4Swf_3xluH59TrNO3xUQ4Ej0laTZgF3pnbvveIDIU7Q/rs:fit/g:sm/q:90/h:600/w:596/czM6Ly9kaXNjb2dz/LWRhdGFiYXNlLWlt/YWdlcy9SLTEwMDQ1/NDkyLTE0OTA2NTkx/NTMtNzU1NC5qcGVn.jpeg,https://i.discogs.com/VGwaEvhY5X2Q3xo7wY9NlJAlSPafLG2bTNSIIqnBghI/rs:fit/g:sm/q:40/h:150/w:150/czM6Ly9kaXNjb2dz/LWRhdGFiYXNlLWlt/YWdlcy9SLTEwMDQ1/NDkyLTE0OTA2NTkx/NTMtNzU1NC5qcGVn.jpeg,596,600
10055810,primary,https://i.discogs.com/Wyjsg9TGZX_0BvgjrYN7YO8QDZejb6qTPqZ3qZbm18I/rs:fit/g:sm/q:90/h:600/w:599/czM6Ly9kaXNjb2dz/LWRhdGFiYXNlLWlt/YWdlcy9SLTEwMDU1/ODEwLTE0OTA4NDY4/NjUtNTcyMy5wbmc.jpeg,https://i.discogs.com/Wyjsg9TGZX_0BvgjrYN7YO8QDZejb6qTPqZ3qZbm18I/rs:fit/g:sm/q:90/h:600/w:599/czM6Ly9kaXNjb2dz/LWRhdGFiYXNlLWlt/YWdlcy9SLTEwMDU1/ODEwLTE0OTA4NDY4/NjUtNTcyMy5wbmc.jpeg,https://i.discogs.com/8qL5jEMSITqZoXxQph25u_19DP79FO9iGnGMfSQE9gE/rs:fit/g:sm/q:40/h:150/w:150/czM6Ly9kaXNjb2dz/LWRhdGFiYXNlLWlt/YWdlcy9SLTEwMDU1/ODEwLTE0OTA4NDY4/NjUtNTcyMy5wbmc.jpeg,599,600
10055810,secondary,https://i.discogs.com/gxL2Hu1kwiZo08WLyc_PqAfxt2NVNO1FaCBbE4cSr3A/rs:fit/g:sm/q:90/h:469/w:600/czM6Ly9kaXNjb2dz/LWRhdGFiYXNlLWlt/YWdlcy9SLTEwMDU1/ODEwLTE0OTA4NDY4/ODEtNjA0MS5wbmc.jpeg,https://i.discogs.com/gxL2Hu1kwiZo08WLyc_PqAfxt2NVNO1FaCBbE4cSr3A/rs:fit/g:sm/q:90/h:469/w:600/czM6Ly9kaXNjb2dz/LWRhdGFiYXNlLWlt/YWdlcy9SLTEwMDU1/ODEwLTE0OTA4NDY4/ODEtNjA0MS5wbmc.jpeg,https://i.discogs.com/4UQT2ubdRjtPufLxxoyzejTcTSd1IYkWDW4novU30NU/rs:fit/g:sm/q:40/h:150/w:150/czM6Ly9kaXNjb2dz/LWRhdGFiYXNlLWlt/YWdlcy9SLTEwMDU1/ODEwLTE0OTA4NDY4/ODEtNjA0MS5wbmc.jpeg,600,469
10055810,secondary,https://i.discogs.com/mgiV1vVfTxkaCNYlkK6w0_9opWRQqeIBUl6_EAXI67g/rs:fit/g:sm/q:90/h:600/w:591/czM6Ly9kaXNjb2dz/LWRhdGFiYXNlLWlt/YWdlcy9SLTEwMDU1/ODEwLTE0OTA4NDY5/MTYtNjEyOS5wbmc.jpeg,https://i.discogs.com/mgiV1vVfTxkaCNYlkK6w0_9opWRQqeIBUl6_EAXI67g/rs:fit/g:sm/q:90/h:600/w:591/czM6Ly9kaXNjb2dz/LWRhdGFiYXNlLWlt/YWdlcy9SLTEwMDU1/ODEwLTE0OTA4NDY5/MTYtNjEyOS5wbmc.jpeg,https://i.discogs.com/lS9rlWxRydiHMMLX1HERQ0zYsLcHgRlPAL9pbOGcv6I/rs:fit/g:sm/q:40/h:150/w:150/czM6Ly9kaXNjb2dz/LWRhdGFiYXNlLWlt/YWdlcy9SLTEwMDU1/ODEwLTE0OTA4NDY5/MTYtNjEyOS5wbmc.jpeg,591,600
10055810,secondary,https://i.discogs.com/xoQnfT1KCJhaEicwkD55zUvb-mgqrputaeGVYT-9pso/rs:fit/g:sm/q:90/h:600/w:591/czM6Ly9kaXNjb2dz/LWRhdGFiYXNlLWlt/YWdlcy9SLTEwMDU1/ODEwLTE0OTA4NDY4/NTUtOTA5NC5wbmc.jpeg,https://i.discogs.com/xoQnfT1KCJhaEicwkD55zUvb-mgqrputaeGVYT-9pso/rs:fit/g:sm/q:90/h:600/w:591/czM6Ly9kaXNjb2dz/LWRhdGFiYXNlLWlt/YWdlcy9SLTEwMDU1/ODEwLTE0OTA4NDY4/NTUtOTA5NC5wbmc.jpeg,https://i.discogs.com/nyjiJs_AXf_4PGBctsXHFZe97WXeHzqZZx7c0ymQ03E/rs:fit/g:sm/q:40/h:150/w:150/czM6Ly9kaXNjb2dz/LWRhdGFiYXNlLWlt/YWdlcy9SLTEwMDU1/ODEwLTE0OTA4NDY4/NTUtOTA5NC5wbmc.jpeg,591,600
10055810,secondary,https://i.discogs.com/vdf-YKYo76OALF9ioYq1kqbLgK9zUZCtmHRdP3tW2wk/rs:fit/g:sm/q:90/h:585/w:600/czM6Ly9kaXNjb2dz/LWRhdGFiYXNlLWlt/YWdlcy9SLTEwMDU1/ODEwLTE0OTA4NDY5/MjctMzA1OC5wbmc.jpeg,https://i.discogs.com/vdf-YKYo76OALF9ioYq1kqbLgK9zUZCtmHRdP3tW2wk/rs:fit/g:sm/q:90/h:585/w:600/czM6Ly9kaXNjb2dz/LWRhdGFiYXNlLWlt/YWdlcy9SLTEwMDU1/ODEwLTE0OTA4NDY5/MjctMzA1OC5wbmc.jpeg,https://i.discogs.com/AQLxzYMOtFWlusAgtYtCfpcVaEgkRF48TjGlP7cYChM/rs:fit/g:sm/q:40/h:150/w:150/czM6Ly9kaXNjb2dz/LWRhdGFiYXNlLWlt/YWdlcy9SLTEwMDU1/ODEwLTE0OTA4NDY5/MjctMzA1OC5wbmc.jpeg,600,585
10055810,secondary,https://i.discogs.com/Fnn5_ulZ8Eddt64uMOr1ps_NMuqTMolqWqBOtXKI9rc/rs:fit/g:sm/q:90/h:600/w:589/czM6Ly9kaXNjb2dz/LWRhdGFiYXNlLWlt/YWdlcy9SLTEwMDU1/ODEwLTE0OTA4NDY5/MzEtMTU1MS5wbmc.jpeg,https://i.discogs.com/Fnn5_ulZ8Eddt64uMOr1ps_NMuqTMolqWqBOtXKI9rc/rs:fit/g:sm/q:90/h:600/w:589/czM6Ly9kaXNjb2dz/LWRhdGFiYXNlLWlt/YWdlcy9SLTEwMDU1/ODEwLTE0OTA4NDY5/MzEtMTU1MS5wbmc.jpeg,https://i.discogs.com/BrWIHMKqrPYJH1_GvxwQApwrDYG-_2E8MG0kFBvzN18/rs:fit/g:sm/q:40/h:150/w:150/czM6Ly9kaXNjb2dz/LWRhdGFiYXNlLWlt/YWdlcy9SLTEwMDU1/ODEwLTE0OTA4NDY5/MzEtMTU1MS5wbmc.jpeg,589,600
10055810,secondary,https://i.discogs.com/jD0EBTFiv2KOL_LNRFsiRh3bIHYOjTJPMBYOYhBjz-k/rs:fit/g:sm/q:90/h:600/w:592/czM6Ly9kaXNjb2dz/LWRhdGFiYXNlLWlt/YWdlcy9SLTEwMDU1/ODEwLTE0OTA4NDY5/MzMtMzYyMi5wbmc.jpeg,https://i.discogs.com/jD0EBTFiv2KOL_LNRFsiRh3bIHYOjTJPMBYOYhBjz-k/rs:fit/g:sm/q:90/h:600/w:592/czM6Ly9kaXNjb2dz/LWRhdGFiYXNlLWlt/YWdlcy9SLTEwMDU1/ODEwLTE0OTA4NDY5/MzMtMzYyMi5wbmc.jpeg,https://i.discogs.com/HbetzoxixUXY55rs79xxUkmCDtJu1rdJWeO9sWeMNHc/rs:fit/g:sm/q:40/h:150/w:150/czM6Ly9kaXNjb2dz/LWRhdGFiYXNlLWlt/YWdlcy9SLTEwMDU1/ODEwLTE0OTA4NDY5/MzMtMzYyMi5wbmc.jpeg,592,600
10055810,secondary,https://i.discogs.com/WmrbbWWrd9agUAX7fVtbH6vcfsVUlpdsbaSMKgC7n34/rs:fit/g:sm/q:90/h:478/w:600/czM6Ly9kaXNjb2dz/LWRhdGFiYXNlLWlt/YWdlcy9SLTEwMDU1/ODEwLTE0OTA4NDY5/NTEtNDYzMi5wbmc.jpeg,https://i.discogs.com/WmrbbWWrd9agUAX7fVtbH6vcfsVUlpdsbaSMKgC7n34/rs:fit/g:sm/q:90/h:478/w:600/czM6Ly9kaXNjb2dz/LWRhdGFiYXNlLWlt/YWdlcy9SLTEwMDU1/ODEwLTE0OTA4NDY5/NTEtNDYzMi5wbmc.jpeg,https://i.discogs.com/22yB3tS_mjtW2cblkQOs8AqGH7RxjEWCo3T7KFTDFMY/rs:fit/g:sm/q:40/h:150/w:150/czM6Ly9kaXNjb2dz/LWRhdGFiYXNlLWlt/YWdlcy9SLTEwMDU1/ODEwLTE0OTA4NDY5/NTEtNDYzMi5wbmc.jpeg,600,478
100654,primary,https://i.discogs.com/9nlHyZkRNDvDkrD2DAu7uYtUxtasl127I6oBSCBYbLE/rs:fit/g:sm/q:90/h:600/w:600/czM6Ly9kaXNjb2dz/LWRhdGFiYXNlLWlt/YWdlcy9SLTEwMDY1/NC0xNjEyMDI1Nzk3/LTkzNzEuanBlZw.jpeg,https://i.discogs.com/9nlHyZkRNDvDkrD2DAu7uYtUxtasl127I6oBSCBYbLE/rs:fit/g:sm/q:90/h:600/w:600/czM6Ly9kaXNjb2dz/LWRhdGFiYXNlLWlt/YWdlcy9SLTEwMDY1/NC0xNjEyMDI1Nzk3/LTkzNzEuanBlZw.jpeg,https://i.discogs.com/sqsGknvszFfmcwnJsuwISsexagArYng2EK6TrE4kN64/rs:fit/g:sm/q:40/h:150/w:150/czM6Ly9kaXNjb2dz/LWRhdGFiYXNlLWlt/YWdlcy9SLTEwMDY1/NC0xNjEyMDI1Nzk3/LTkzNzEuanBlZw.jpeg,600,600
100654,secondary,https://i.discogs.com/nkb2hTUXLXiU8PJ5uF-RaxFh332ic2GC8bnHuQBx-zw/rs:fit/g:sm/q:90/h:600/w:599/czM6Ly9kaXNjb2dz/LWRhdGFiYXNlLWlt/YWdlcy9SLTEwMDY1/NC0xNjEyMDI1ODI5/LTg2NTMuanBlZw.jpeg,https://i.discogs.com/nkb2hTUXLXiU8PJ5uF-RaxFh332ic2GC8bnHuQBx-zw/rs:fit/g:sm/q:90/h:600/w:599/czM6Ly9kaXNjb2dz/LWRhdGFiYXNlLWlt/YWdlcy9SLTEwMDY1/NC0xNjEyMDI1ODI5/LTg2NTMuanBlZw.jpeg,https://i.discogs.com/KIiBHQqCZp8iYS4Dfync49O2Tb7IHcMy6DwYbHz0VPE/rs:fit/g:sm/q:40/h:150/w:150/czM6Ly9kaXNjb2dz/LWRhdGFiYXNlLWlt/YWdlcy9SLTEwMDY1/NC0xNjEyMDI1ODI5/LTg2NTMuanBlZw.jpeg,599,600
100654,secondary,https://i.discogs.com/1MsuZ0kSv9Tx1bEeYnzf45tv48NcVjFWVAh0BVNDKJs/rs:fit/g:sm/q:90/h:599/w:600/czM6Ly9kaXNjb2dz/LWRhdGFiYXNlLWlt/YWdlcy9SLTEwMDY1/NC0xNjEyMDI1ODM4/LTU4MjYuanBlZw.jpeg,https://i.discogs.com/1MsuZ0kSv9Tx1bEeYnzf45tv48NcVjFWVAh0BVNDKJs/rs:fit/g:sm/q:90/h:599/w:600/czM6Ly9kaXNjb2dz/LWRhdGFiYXNlLWlt/YWdlcy9SLTEwMDY1/NC0xNjEyMDI1ODM4/LTU4MjYuanBlZw.jpeg,https://i.discogs.com/LYvajkpcA3vc74D-RIkCyrAopgtWI0_YSO_6gMvrLVg/rs:fit/g:sm/q:40/h:150/w:150/czM6Ly9kaXNjb2dz/LWRhdGFiYXNlLWlt/YWdlcy9SLTEwMDY1/NC0xNjEyMDI1ODM4/LTU4MjYuanBlZw.jpeg,600,599
100654,secondary,https://i.discogs.com/Dwbpgj-5Q-hfh-_fHZacdBQAJceymCcj6z-rXvJh_f8/rs:fit/g:sm/q:90/h:593/w:600/czM6Ly9kaXNjb2dz/LWRhdGFiYXNlLWlt/YWdlcy9SLTEwMDY1/NC0xNjEyMDI1Nzcx/LTI4NjUuanBlZw.jpeg,https://i.discogs.com/Dwbpgj-5Q-hfh-_fHZacdBQAJceymCcj6z-rXvJh_f8/rs:fit/g:sm/q:90/h:593/w:600/czM6Ly9kaXNjb2dz/LWRhdGFiYXNlLWlt/YWdlcy9SLTEwMDY1/NC0xNjEyMDI1Nzcx/LTI4NjUuanBlZw.jpeg,https://i.discogs.com/EvSL2n6dA9Kms6ucPBwdr_by9CeQwrux5E3I4-IyhLs/rs:fit/g:sm/q:40/h:150/w:150/czM6Ly9kaXNjb2dz/LWRhdGFiYXNlLWlt/YWdlcy9SLTEwMDY1/NC0xNjEyMDI1Nzcx/LTI4NjUuanBlZw.jpeg,600,593
10066421,secondary,https://i.discogs.com/WSz-rQAurOTrwMA2AFuhmc2IzTJzU_ml3e3UzbYn_MI/rs:fit/g:sm/q:90/h:600/w:600/czM6Ly9kaXNjb2dz/LWRhdGFiYXNlLWlt/YWdlcy9SLTEwMDY2/NDIxLTE0OTEwMzcy/NzctMzczMy5wbmc.jpeg,https://i.discogs.com/WSz-rQAurOTrwMA2AFuhmc2IzTJzU_ml3e3UzbYn_MI/rs:fit/g:sm/q:90/h:600/w:600/czM6Ly9kaXNjb2dz/LWRhdGFiYXNlLWlt/YWdlcy9SLTEwMDY2/NDIxLTE0OTEwMzcy/NzctMzczMy5wbmc.jpeg,https://i.discogs.com/85hbgkO24e5ZAT7n8ofJbK2RUPVgN5NAosH7hDo2GwE/rs:fit/g:sm/q:40/h:150/w:150/czM6Ly9kaXNjb2dz/LWRhdGFiYXNlLWlt/YWdlcy9SLTEwMDY2/NDIxLTE0OTEwMzcy/NzctMzczMy5wbmc.jpeg,600,600
10082296,primary,https://i.discogs.com/xx02V5vG4wbQOAqM3niEhYajaUzLquV_dUFGGvsshbM/rs:fit/g:sm/q:90/h:582/w:600/czM6Ly9kaXNjb2dz/LWRhdGFiYXNlLWlt/YWdlcy9SLTEwMDgy/Mjk2LTE1NDgyNDY0/NjUtMjA2OS5qcGVn.jpeg,https://i.discogs.com/xx02V5vG4wbQOAqM3niEhYajaUzLquV_dUFGGvsshbM/rs:fit/g:sm/q:90/h:582/w:600/czM6Ly9kaXNjb2dz/LWRhdGFiYXNlLWlt/YWdlcy9SLTEwMDgy/Mjk2LTE1NDgyNDY0/NjUtMjA2OS5qcGVn.jpeg,https://i.discogs.com/CvyKjLvO9fu3VNWtBMYQ9kBT_j3Ive4X1pVU1hbKLEE/rs:fit/g:sm/q:40/h:150/w:150/czM6Ly9kaXNjb2dz/LWRhdGFiYXNlLWlt/YWdlcy9SLTEwMDgy/Mjk2LTE1NDgyNDY0/NjUtMjA2OS5qcGVn.jpeg,600,582
10082296,secondary,https://i.discogs.com/gN0dKLdxeSd1mx-jkhsv599ZGaBx-qyCWWF7E67jM_A/rs:fit/g:sm/q:90/h:581/w:600/czM6Ly9kaXNjb2dz/LWRhdGFiYXNlLWlt/YWdlcy9SLTEwMDgy/Mjk2LTE1NDgyNDY0/NzAtMzkyMy5qcGVn.jpeg,https://i.discogs.com/gN0dKLdxeSd1mx-jkhsv599ZGaBx-qyCWWF7E67jM_A/rs:fit/g:sm/q:90/h:581/w:600/czM6Ly9kaXNjb2dz/LWRhdGFiYXNlLWlt/YWdlcy9SLTEwMDgy/Mjk2LTE1NDgyNDY0/NzAtMzkyMy5qcGVn.jpeg,https://i.discogs.com/ddRYBVMMgbhX6TxazCydHhE61MdT_ePlKdj-NHnfVZE/rs:fit/g:sm/q:40/h:150/w:150/czM6Ly9kaXNjb2dz/LWRhdGFiYXNlLWlt/YWdlcy9SLTEwMDgy/Mjk2LTE1NDgyNDY0/NzAtMzkyMy5qcGVn.jpeg,600,581
100833,primary,https://i.discogs.com/Xeylw-zMW3ETTjDdeTFhsW-yzl1-UYloUNfQ9z_Fsyw/rs:fit/g:sm/q:90/h:600/w:589/czM6Ly9kaXNjb2dz/LWRhdGFiYXNlLWlt/YWdlcy9SLTEwMDgz/My0xNzc0MDU4NDM1/LTExNTguanBlZw.jpeg,https://i.discogs.com/Xeylw-zMW3ETTjDdeTFhsW-yzl1-UYloUNfQ9z_Fsyw/rs:fit/g:sm/q:90/h:600/w:589/czM6Ly9kaXNjb2dz/LWRhdGFiYXNlLWlt/YWdlcy9SLTEwMDgz/My0xNzc0MDU4NDM1/LTExNTguanBlZw.jpeg,https://i.discogs.com/MUwIgFxRRdzgkyCdKhtCQI7qAnV1dZZyrmW4WFABypk/rs:fit/g:sm/q:40/h:150/w:150/czM6Ly9kaXNjb2dz/LWRhdGFiYXNlLWlt/YWdlcy9SLTEwMDgz/My0xNzc0MDU4NDM1/LTExNTguanBlZw.jpeg,589,600
100833,secondary,https://i.discogs.com/0JbdMiefD7DWMovP_aR8grCEoVrNB6mvFDEP1c-tR5U/rs:fit/g:sm/q:90/h:600/w:594/czM6Ly9kaXNjb2dz/LWRhdGFiYXNlLWlt/YWdlcy9SLTEwMDgz/My0xNzc0MDU4NDM2/LTQxOTQuanBlZw.jpeg,https://i.discogs.com/0JbdMiefD7DWMovP_aR8grCEoVrNB6mvFDEP1c-tR5U/rs:fit/g:sm/q:90/h:600/w:594/czM6Ly9kaXNjb2dz/LWRhdGFiYXNlLWlt/YWdlcy9SLTEwMDgz/My0xNzc0MDU4NDM2/LTQxOTQuanBlZw.jpeg,https://i.discogs.com/kWMM0fwPh7bwmIJTLtNAJ4tXd7jIpzFVJ2sfXG6me5s/rs:fit/g:sm/q:40/h:150/w:150/czM6Ly9kaXNjb2dz/LWRhdGFiYXNlLWlt/YWdlcy9SLTEwMDgz/My0xNzc0MDU4NDM2/LTQxOTQuanBlZw.jpeg,594,600
100833,secondary,https://i.discogs.com/hfdCiy-2SP-hiMOPeDlZMmVN0O_IPTCT62Q-sgtTReY/rs:fit/g:sm/q:90/h:600/w:594/czM6Ly9kaXNjb2dz/LWRhdGFiYXNlLWlt/YWdlcy9SLTEwMDgz/My0xNzc0MDU4NDM1/LTQ4NDkuanBlZw.jpeg,https://i.discogs.com/hfdCiy-2SP-hiMOPeDlZMmVN0O_IPTCT62Q-sgtTReY/rs:fit/g:sm/q:90/h:600/w:594/czM6Ly9kaXNjb2dz/LWRhdGFiYXNlLWlt/YWdlcy9SLTEwMDgz/My0xNzc0MDU4NDM1/LTQ4NDkuanBlZw.jpeg,https://i.discogs.com/miiEiACv4HUjpG7MvEE_9QCqG2aFDLYAiXhmclVH-ng/rs:fit/g:sm/q:40/h:150/w:150/czM6Ly9kaXNjb2dz/LWRhdGFiYXNlLWlt/YWdlcy9SLTEwMDgz/My0xNzc0MDU4NDM1/LTQ4NDkuanBlZw.jpeg,594,600
100833,secondary,https://i.discogs.com/2z64S197of8t8ZYsvuaCZmYicRkSMbCm5gqN62Qc1nE/rs:fit/g:sm/q:90/h:588/w:600/czM6Ly9kaXNjb2dz/LWRhdGFiYXNlLWlt/YWdlcy9SLTEwMDgz/My0xNzc0MDU4NDM3/LTUyMDAuanBlZw.jpeg,https://i.discogs.com/2z64S197of8t8ZYsvuaCZmYicRkSMbCm5gqN62Qc1nE/rs:fit/g:sm/q:90/h:588/w:600/czM6Ly9kaXNjb2dz/LWRhdGFiYXNlLWlt/YWdlcy9SLTEwMDgz/My0xNzc0MDU4NDM3/LTUyMDAuanBlZw.jpeg,https://i.discogs.com/dVBE-CNYBai_HMrMmZlFyPIwelZabXpf13gRuWxzmQg/rs:fit/g:sm/q:40/h:150/w:150/czM6Ly9kaXNjb2dz/LWRhdGFiYXNlLWlt/YWdlcy9SLTEwMDgz/My0xNzc0MDU4NDM3/LTUyMDAuanBlZw.jpeg,600,588
10094904,primary,https://i.discogs.com/E6jwjVmZr7__VNE8DnTaMkNYzLcUK4kxrmfGKl8d4XI/rs:fit/g:sm/q:90/h:600/w:600/czM6Ly9kaXNjb2dz/LWRhdGFiYXNlLWlt/YWdlcy9SLTEwMDk0/OTA0LTE0OTE1MDg3/MjQtMTg0OS5qcGVn.jpeg,https://i.discogs.com/E6jwjVmZr7__VNE8DnTaMkNYzLcUK4kxrmfGKl8d4XI/rs:fit/g:sm/q:90/h:600/w:600/czM6Ly9kaXNjb2dz/LWRhdGFiYXNlLWlt/YWdlcy9SLTEwMDk0/OTA0LTE0OTE1MDg3/MjQtMTg0OS5qcGVn.jpeg,https://i.discogs.com/_hsZvuUVXvt0XEowHgPo2ulZ4bTAVWNJ4fbVp238M5E/rs:fit/g:sm/q:40/h:150/w:150/czM6Ly9kaXNjb2dz/LWRhdGFiYXNlLWlt/YWdlcy9SLTEwMDk0/OTA0LTE0OTE1MDg3/MjQtMTg0OS5qcGVn.jpeg,600,600
10094904,secondary,https://i.discogs.com/IdRLqjjDbVoKxDhhZhUsUwWsYvJBLS4rmB931QZ2G-k/rs:fit/g:sm/q:90/h:600/w:600/czM6Ly9kaXNjb2dz/LWRhdGFiYXNlLWlt/YWdlcy9SLTEwMDk0/OTA0LTE1MDkzOTgy/NzEtNDgwOS5qcGVn.jpeg,https://i.discogs.com/IdRLqjjDbVoKxDhhZhUsUwWsYvJBLS4rmB931QZ2G-k/rs:fit/g:sm/q:90/h:600/w:600/czM6Ly9kaXNjb2dz/LWRhdGFiYXNlLWlt/YWdlcy9SLTEwMDk0/OTA0LTE1MDkzOTgy/NzEtNDgwOS5qcGVn.jpeg,https://i.discogs.com/7tEzsHMmmbpNEusPPZH-5b0MiS_Uz643kRmGfmq76_A/rs:fit/g:sm/q:40/h:150/w:150/czM6Ly9kaXNjb2dz/LWRhdGFiYXNlLWlt/YWdlcy9SLTEwMDk0/OTA0LTE1MDkzOTgy/NzEtNDgwOS5qcGVn.jpeg,600,600
10097790,primary,https://i.discogs.com/neDuq0j9_nSji8kpz-Gq01Qe8XcCuoA2c0ZIT6JpuWs/rs:fit/g:sm/q:90/h:539/w:600/czM6Ly9kaXNjb2dz/LWRhdGFiYXNlLWlt/YWdlcy9SLTEwMDk3/NzkwLTE0OTE1Njky/NTctNTM4NC5qcGVn.jpeg,https://i.discogs.com/neDuq0j9_nSji8kpz-Gq01Qe8XcCuoA2c0ZIT6JpuWs/rs:fit/g:sm/q:90/h:539/w:600/czM6Ly9kaXNjb2dz/LWRhdGFiYXNlLWlt/YWdlcy9SLTEwMDk3/NzkwLTE0OTE1Njky/NTctNTM4NC5qcGVn.jpeg,https://i.discogs.com/UoJKKiaP9grPTTw4fwFchrj4rI6DR2BwMSNAt_KKZho/rs:fit/g:sm/q:40/h:150/w:150/czM6Ly9kaXNjb2dz/LWRhdGFiYXNlLWlt/YWdlcy9SLTEwMDk3/NzkwLTE0OTE1Njky/NTctNTM4NC5qcGVn.jpeg,600,539
10097790,secondary,https://i.discogs.com/jUQxzJn3HZctBc4VNuo5QpFGLphexqk9BD4bAxQKQNY/rs:fit/g:sm/q:90/h:531/w:600/czM6Ly9kaXNjb2dz/LWRhdGFiYXNlLWlt/YWdlcy9SLTEwMDk3/NzkwLTE2NzIyNDYw/NDYtMTU1NC5qcGVn.jpeg,https://i.discogs.com/jUQxzJn3HZctBc4VNuo5QpFGLphexqk9BD4bAxQKQNY/rs:fit/g:sm/q:90/h:531/w:600/czM6Ly9kaXNjb2dz/LWRhdGFiYXNlLWlt/YWdlcy9SLTEwMDk3/NzkwLTE2NzIyNDYw/NDYtMTU1NC5qcGVn.jpeg,https://i.discogs.com/po1BmaFW95CaLo43C-Dy0Fy4hwJUEf3_nL4QBjaGTA4/rs:fit/g:sm/q:40/h:150/w:150/czM6Ly9kaXNjb2dz/LWRhdGFiYXNlLWlt/YWdlcy9SLTEwMDk3/NzkwLTE2NzIyNDYw/NDYtMTU1NC5qcGVn.jpeg,600,531
1010154,primary,https://i.discogs.com/MdKKjjGHTVFFiqbywG3Ltjzr9SUCCSun_wcV1Z0Kt14/rs:fit/g:sm/q:90/h:599/w:600/czM6Ly9kaXNjb2dz/LWRhdGFiYXNlLWlt/YWdlcy9SLTEwMTAx/NTQtMTM0MTY0Mzg3/Ni0xNDU3LmpwZWc.jpeg,https://i.discogs.com/MdKKjjGHTVFFiqbywG3Ltjzr9SUCCSun_wcV1Z0Kt14/rs:fit/g:sm/q:90/h:599/w:600/czM6Ly9kaXNjb2dz/LWRhdGFiYXNlLWlt/YWdlcy9SLTEwMTAx/NTQtMTM0MTY0Mzg3/Ni0xNDU3LmpwZWc.jpeg,https://i.discogs.com/eA9bJrglBmkMxiTx7zhUyAwOAVBel4vm84DOrBtCCpI/rs:fit/g:sm/q:40/h:150/w:150/czM6Ly9kaXNjb2dz/LWRhdGFiYXNlLWlt/YWdlcy9SLTEwMTAx/NTQtMTM0MTY0Mzg3/Ni0xNDU3LmpwZWc.jpeg,600,599
1010154,secondary,https://i.discogs.com/g3kJO1ARXfgUlEx3Akiu3wPXtChfWUzcWov6bsnoyeM/rs:fit/g:sm/q:90/h:599/w:600/czM6Ly9kaXNjb2dz/LWRhdGFiYXNlLWlt/YWdlcy9SLTEwMTAx/NTQtMTM0MTY0Mzg4/My0yNzEwLmpwZWc.jpeg,https://i.discogs.com/g3kJO1ARXfgUlEx3Akiu3wPXtChfWUzcWov6bsnoyeM/rs:fit/g:sm/q:90/h:599/w:600/czM6Ly9kaXNjb2dz/LWRhdGFiYXNlLWlt/YWdlcy9SLTEwMTAx/NTQtMTM0MTY0Mzg4/My0yNzEwLmpwZWc.jpeg,https://i.discogs.com/-NXRF2NoOm6CbSyyLcExIpYf-6bzq5-ub_9Er1U1M5Q/rs:fit/g:sm/q:40/h:150/w:150/czM6Ly9kaXNjb2dz/LWRhdGFiYXNlLWlt/YWdlcy9SLTEwMTAx/NTQtMTM0MTY0Mzg4/My0yNzEwLmpwZWc.jpeg,600,599
1010154,secondary,https://i.discogs.com/6uJ6eMQbJRKWFhyp10kPnFMwb5SGsye8npH0FCwCO5s/rs:fit/g:sm/q:90/h:600/w:593/czM6Ly9kaXNjb2dz/LWRhdGFiYXNlLWlt/YWdlcy9SLTEwMTAx/NTQtMTM0MTY0Mzg5/MC04NTA2LmpwZWc.jpeg,https://i.discogs.com/6uJ6eMQbJRKWFhyp10kPnFMwb5SGsye8npH0FCwCO5s/rs:fit/g:sm/q:90/h:600/w:593/czM6Ly9kaXNjb2dz/LWRhdGFiYXNlLWlt/YWdlcy9SLTEwMTAx/NTQtMTM0MTY0Mzg5/MC04NTA2LmpwZWc.jpeg,https://i.discogs.com/ZvVdSjsyl4hZ3nHMOv89hvcQDY6ICP7EwbYkerGCctY/rs:fit/g:sm/q:40/h:150/w:150/czM6Ly9kaXNjb2dz/LWRhdGFiYXNlLWlt/YWdlcy9SLTEwMTAx/NTQtMTM0MTY0Mzg5/MC04NTA2LmpwZWc.jpeg,593,600
1010154,secondary,https://i.discogs.com/8bICmTx-WDtkYUiH29JCSdW-4poA0T1VN5VCo_nD3d0/rs:fit/g:sm/q:90/h:600/w:595/czM6Ly9kaXNjb2dz/LWRhdGFiYXNlLWlt/YWdlcy9SLTEwMTAx/NTQtMTM0MTY0Mzg5/Ny05MDQ4LmpwZWc.jpeg,https://i.discogs.com/8bICmTx-WDtkYUiH29JCSdW-4poA0T1VN5VCo_nD3d0/rs:fit/g:sm/q:90/h:600/w:595/czM6Ly9kaXNjb2dz/LWRhdGFiYXNlLWlt/YWdlcy9SLTEwMTAx/NTQtMTM0MTY0Mzg5/Ny05MDQ4LmpwZWc.jpeg,https://i.discogs.com/rR7dfXuBNGZayj6le5joA_a4vejcJyQ6kfosJ5PyQAQ/rs:fit/g:sm/q:40/h:150/w:150/czM6Ly9kaXNjb2dz/LWRhdGFiYXNlLWlt/YWdlcy9SLTEwMTAx/NTQtMTM0MTY0Mzg5/Ny05MDQ4LmpwZWc.jpeg,595,600
101026,primary,https://i.discogs.com/EFnEdWYG1VcOSlswEtHjl_mBVub-WS_iO0LU9X4MZdw/rs:fit/g:sm/q:90/h:600/w:600/czM6Ly9kaXNjb2dz/LWRhdGFiYXNlLWlt/YWdlcy9SLTEwMTAy/Ni0xNTE3MzQxOTE5/LTM1NzUuanBlZw.jpeg,https://i.discogs.com/EFnEdWYG1VcOSlswEtHjl_mBVub-WS_iO0LU9X4MZdw/rs:fit/g:sm/q:90/h:600/w:600/czM6Ly9kaXNjb2dz/LWRhdGFiYXNlLWlt/YWdlcy9SLTEwMTAy/Ni0xNTE3MzQxOTE5/LTM1NzUuanBlZw.jpeg,https://i.discogs.com/avncP3TgUVBDmlhBTOPa1uhz0TxPA7kA7ovI-u4uKKg/rs:fit/g:sm/q:40/h:150/w:150/czM6Ly9kaXNjb2dz/LWRhdGFiYXNlLWlt/YWdlcy9SLTEwMTAy/Ni0xNTE3MzQxOTE5/LTM1NzUuanBlZw.jpeg,600,600
101026,secondary,https://i.discogs.com/M02fdhNI2n0kwi31sbyHViXbVt-P0luCedJ0NhKA5RM/rs:fit/g:sm/q:90/h:600/w:564/czM6Ly9kaXNjb2dz/LWRhdGFiYXNlLWlt/YWdlcy9SLTEwMTAy/Ni0xNTMzNDc4NDM3/LTc4OTYuanBlZw.jpeg,https://i.discogs.com/M02fdhNI2n0kwi31sbyHViXbVt-P0luCedJ0NhKA5RM/rs:fit/g:sm/q:90/h:600/w:564/czM6Ly9kaXNjb2dz/LWRhdGFiYXNlLWlt/YWdlcy9SLTEwMTAy/Ni0xNTMzNDc4NDM3/LTc4OTYuanBlZw.jpeg,https://i.discogs.com/647batWXFOt4ZLfbaLIZhC48ofF3miTDnXrjw2LSZIQ/rs:fit/g:sm/q:40/h:150/w:150/czM6Ly9kaXNjb2dz/LWRhdGFiYXNlLWlt/YWdlcy9SLTEwMTAy/Ni0xNTMzNDc4NDM3/LTc4OTYuanBlZw.jpeg,564,600
10117670,primary,https://i.discogs.com/zAMI8SyqYUcbiLtFERI9001qlWsxguXUkiKGITgNlSk/rs:fit/g:sm/q:90/h:600/w:600/czM6Ly9kaXNjb2dz/LWRhdGFiYXNlLWlt/YWdlcy9SLTEwMTE3/NjcwLTE1OTUwNjQ3/NjktMTM2Mi5qcGVn.jpeg,https://i.discogs.com/zAMI8SyqYUcbiLtFERI9001qlWsxguXUkiKGITgNlSk/rs:fit/g:sm/q:90/h:600/w:600/czM6Ly9kaXNjb2dz/LWRhdGFiYXNlLWlt/YWdlcy9SLTEwMTE3/NjcwLTE1OTUwNjQ3/NjktMTM2Mi5qcGVn.jpeg,https://i.discogs.com/YAzii7fSXeLtANSCA6oP59E74c443tO2OgzmEi9amrk/rs:fit/g:sm/q:40/h:150/w:150/czM6Ly9kaXNjb2dz/LWRhdGFiYXNlLWlt/YWdlcy9SLTEwMTE3/NjcwLTE1OTUwNjQ3/NjktMTM2Mi5qcGVn.jpeg,600,600
10117670,secondary,https://i.discogs.com/cZ8R1sVLvojMEjV1_jVIlNwkzTin6DebSamAKLaOzDE/rs:fit/g:sm/q:90/h:474/w:600/czM6Ly9kaXNjb2dz/LWRhdGFiYXNlLWlt/YWdlcy9SLTEwMTE3/NjcwLTE1OTUwNjQ3/NjYtMjAyNS5qcGVn.jpeg,https://i.discogs.com/cZ8R1sVLvojMEjV1_jVIlNwkzTin6DebSamAKLaOzDE/rs:fit/g:sm/q:90/h:474/w:600/czM6Ly9kaXNjb2dz/LWRhdGFiYXNlLWlt/YWdlcy9SLTEwMTE3/NjcwLTE1OTUwNjQ3/NjYtMjAyNS5qcGVn.jpeg,https://i.discogs.com/WT0GRB9GAdoUy_Z2MTgOc28D7ryxfwz9olsZ73jdLCg/rs:fit/g:sm/q:40/h:150/w:150/czM6Ly9kaXNjb2dz/LWRhdGFiYXNlLWlt/YWdlcy9SLTEwMTE3/NjcwLTE1OTUwNjQ3/NjYtMjAyNS5qcGVn.jpeg,600,474
10117670,secondary,https://i.discogs.com/GtqFQfjG9MLcka7SvFuR_jK37E7_CiBdqm_rbedrDyQ/rs:fit/g:sm/q:90/h:600/w:600/czM6Ly9kaXNjb2dz/LWRhdGFiYXNlLWlt/YWdlcy9SLTEwMTE3/NjcwLTE1OTUwNjQ3/NjktMTQ1NC5qcGVn.jpeg,https://i.discogs.com/GtqFQfjG9MLcka7SvFuR_jK37E7_CiBdqm_rbedrDyQ/rs:fit/g:sm/q:90/h:600/w:600/czM6Ly9kaXNjb2dz/LWRhdGFiYXNlLWlt/YWdlcy9SLTEwMTE3/NjcwLTE1OTUwNjQ3/NjktMTQ1NC5qcGVn.jpeg,https://i.discogs.com/kPYXY8Hro9dIXqIuDXm_VYSeoSst2_b6PRbIt4V-1LY/rs:fit/g:sm/q:40/h:150/w:150/czM6Ly9kaXNjb2dz/LWRhdGFiYXNlLWlt/YWdlcy9SLTEwMTE3/NjcwLTE1OTUwNjQ3/NjktMTQ1NC5qcGVn.jpeg,600,600
10117670,secondary,https://i.discogs.com/EgpCOjzqbOkgPJXgIMlXn4j9jwnfqvkDmHSi-pEl06I/rs:fit/g:sm/q:90/h:600/w:600/czM6Ly9kaXNjb2dz/LWRhdGFiYXNlLWlt/YWdlcy9SLTEwMTE3/NjcwLTE1OTUwNjQ3/NTUtODA3Mi5qcGVn.jpeg,https://i.discogs.com/EgpCOjzqbOkgPJXgIMlXn4j9jwnfqvkDmHSi-pEl06I/rs:fit/g:sm/q:90/h:600/w:600/czM6Ly9kaXNjb2dz/LWRhdGFiYXNlLWlt/YWdlcy9SLTEwMTE3/NjcwLTE1OTUwNjQ3/NTUtODA3Mi5qcGVn.jpeg,https://i.discogs.com/ox2om1kKoMkyesy2kyDfF5gWKFMKjKnZa5ocdk4G7Dk/rs:fit/g:sm/q:40/h:150/w:150/czM6Ly9kaXNjb2dz/LWRhdGFiYXNlLWlt/YWdlcy9SLTEwMTE3/NjcwLTE1OTUwNjQ3/NTUtODA3Mi5qcGVn.jpeg,600,600
10117670,secondary,https://i.discogs.com/2WDwfzcAm7I6oc4wdESifscxHez45IjxANOGAMWeEkk/rs:fit/g:sm/q:90/h:600/w:600/czM6Ly9kaXNjb2dz/LWRhdGFiYXNlLWlt/YWdlcy9SLTEwMTE3/NjcwLTE1OTUwNjQ3/NjAtODU1Mi5qcGVn.jpeg,https://i.discogs.com/2WDwfzcAm7I6oc4wdESifscxHez45IjxANOGAMWeEkk/rs:fit/g:sm/q:90/h:600/w:600/czM6Ly9kaXNjb2dz/LWRhdGFiYXNlLWlt/YWdlcy9SLTEwMTE3/NjcwLTE1OTUwNjQ3/NjAtODU1Mi5qcGVn.jpeg,https://i.discogs.com/vWo3TsCOOtlUHG2ANrBgL6X1YGQZ6fQnP-mIWXqKC74/rs:fit/g:sm/q:40/h:150/w:150/czM6Ly9kaXNjb2dz/LWRhdGFiYXNlLWlt/YWdlcy9SLTEwMTE3/NjcwLTE1OTUwNjQ3/NjAtODU1Mi5qcGVn.jpeg,600,600
10117670,secondary,https://i.discogs.com/sCrnfRPNnvK6ePEVM8CoMa2gsMhzMRV35b7wKhcr_Kc/rs:fit/g:sm/q:90/h:600/w:595/czM6Ly9kaXNjb2dz/LWRhdGFiYXNlLWlt/YWdlcy9SLTEwMTE3/NjcwLTE1OTUwNjQ3/NjctNzUzOC5qcGVn.jpeg,https://i.discogs.com/sCrnfRPNnvK6ePEVM8CoMa2gsMhzMRV35b7wKhcr_Kc/rs:fit/g:sm/q:90/h:600/w:595/czM6Ly9kaXNjb2dz/LWRhdGFiYXNlLWlt/YWdlcy9SLTEwMTE3/NjcwLTE1OTUwNjQ3/NjctNzUzOC5qcGVn.jpeg,https://i.discogs.com/XQF2LLwm_Xlg4tNHuQobVYu1dOj04qigDaVhtqKyKWQ/rs:fit/g:sm/q:40/h:150/w:150/czM6Ly9kaXNjb2dz/LWRhdGFiYXNlLWlt/YWdlcy9SLTEwMTE3/NjcwLTE1OTUwNjQ3/NjctNzUzOC5qcGVn.jpeg,595,600
10117670,secondary,https://i.discogs.com/ufLP7K5193wQgREgnC098sXw_7Un0TvOpsE7IVdHJQg/rs:fit/g:sm/q:90/h:600/w:595/czM6Ly9kaXNjb2dz/LWRhdGFiYXNlLWlt/YWdlcy9SLTEwMTE3/NjcwLTE1OTUwNjQ3/NjctMTUyNC5qcGVn.jpeg,https://i.discogs.com/ufLP7K5193wQgREgnC098sXw_7Un0TvOpsE7IVdHJQg/rs:fit/g:sm/q:90/h:600/w:595/czM6Ly9kaXNjb2dz/LWRhdGFiYXNlLWlt/YWdlcy9SLTEwMTE3/NjcwLTE1OTUwNjQ3/NjctMTUyNC5qcGVn.jpeg,https://i.discogs.com/x8GPTqtnjBQk2mUOfbQYwuB-M4HPtHxfFfqOzOLKZXM/rs:fit/g:sm/q:40/h:150/w:150/czM6Ly9kaXNjb2dz/LWRhdGFiYXNlLWlt/YWdlcy9SLTEwMTE3/NjcwLTE1OTUwNjQ3/NjctMTUyNC5qcGVn.jpeg,595,600
10117670,secondary,https://i.discogs.com/QNNb_wsjwZtPBcP55fU9tzKYKCJGui1jsbKLjHNHL-M/rs:fit/g:sm/q:90/h:600/w:600/czM6Ly9kaXNjb2dz/LWRhdGFiYXNlLWlt/YWdlcy9SLTEwMTE3/NjcwLTE1OTUwNjQ3/NjctNDgzMS5qcGVn.jpeg,https://i.discogs.com/QNNb_wsjwZtPBcP55fU9tzKYKCJGui1jsbKLjHNHL-M/rs:fit/g:sm/q:90/h:600/w:600/czM6Ly9kaXNjb2dz/LWRhdGFiYXNlLWlt/YWdlcy9SLTEwMTE3/NjcwLTE1OTUwNjQ3/NjctNDgzMS5qcGVn.jpeg,https://i.discogs.com/9TAldtxJTim7gBHZntLgPHsMCfdapnO0mgCAZ1DAMMo/rs:fit/g:sm/q:40/h:150/w:150/czM6Ly9kaXNjb2dz/LWRhdGFiYXNlLWlt/YWdlcy9SLTEwMTE3/NjcwLTE1OTUwNjQ3/NjctNDgzMS5qcGVn.jpeg,600,600
10117670,secondary,https://i.discogs.com/KLye7Y3V4t_2aQvx_zGpqR-hmGPnqHjKQ8f3GwReRp4/rs:fit/g:sm/q:90/h:600/w:583/czM6Ly9kaXNjb2dz/LWRhdGFiYXNlLWlt/YWdlcy9SLTEwMTE3/NjcwLTE1OTUwNjQ3/NjktNDMzNC5qcGVn.jpeg,https://i.discogs.com/KLye7Y3V4t_2aQvx_zGpqR-hmGPnqHjKQ8f3GwReRp4/rs:fit/g:sm/q:90/h:600/w:583/czM6Ly9kaXNjb2dz/LWRhdGFiYXNlLWlt/YWdlcy9SLTEwMTE3/NjcwLTE1OTUwNjQ3/NjktNDMzNC5qcGVn.jpeg,https://i.discogs.com/1g4CX6gLQzheBT3ugSlQtS9aEs_RnWaawbomT40v0lo/rs:fit/g:sm/q:40/h:150/w:150/czM6Ly9kaXNjb2dz/LWRhdGFiYXNlLWlt/YWdlcy9SLTEwMTE3/NjcwLTE1OTUwNjQ3/NjktNDMzNC5qcGVn.jpeg,583,600
10117670,secondary,https://i.discogs.com/svRARH0QW9GaujOHKpivZPnIyNBHQV0bR92QKj8tePg/rs:fit/g:sm/q:90/h:600/w:592/czM6Ly9kaXNjb2dz/LWRhdGFiYXNlLWlt/YWdlcy9SLTEwMTE3/NjcwLTE1OTUwNjQ3/NjgtMTM1Mi5qcGVn.jpeg,https://i.discogs.com/svRARH0QW9GaujOHKpivZPnIyNBHQV0bR92QKj8tePg/rs:fit/g:sm/q:90/h:600/w:592/czM6Ly9kaXNjb2dz/LWRhdGFiYXNlLWlt/YWdlcy9SLTEwMTE3/NjcwLTE1OTUwNjQ3/NjgtMTM1Mi5qcGVn.jpeg,https://i.discogs.com/LvkV7yaml8RJBPAv6r5UYMCNDChhwRFfb4QrTOQ7CQE/rs:fit/g:sm/q:40/h:150/w:150/czM6Ly9kaXNjb2dz/LWRhdGFiYXNlLWlt/YWdlcy9SLTEwMTE3/NjcwLTE1OTUwNjQ3/NjgtMTM1Mi5qcGVn.jpeg,592,600
10117670,secondary,https://i.discogs.com/ftxrvipfU6YEVoxflxGheEK91DvFs2P5Ojd0CHGaad4/rs:fit/g:sm/q:90/h:600/w:592/czM6Ly9kaXNjb2dz/LWRhdGFiYXNlLWlt/YWdlcy9SLTEwMTE3/NjcwLTE1OTUwNjQ3/NjQtODA4NS5qcGVn.jpeg,https://i.discogs.com/ftxrvipfU6YEVoxflxGheEK91DvFs2P5Ojd0CHGaad4/rs:fit/g:sm/q:90/h:600/w:592/czM6Ly9kaXNjb2dz/LWRhdGFiYXNlLWlt/YWdlcy9SLTEwMTE3/NjcwLTE1OTUwNjQ3/NjQtODA4NS5qcGVn.jpeg,https://i.discogs.com/qoRmfLRPuKdsh9Iz4NNG7UGQJZRHCYTEpVYxMpU2byY/rs:fit/g:sm/q:40/h:150/w:150/czM6Ly9kaXNjb2dz/LWRhdGFiYXNlLWlt/YWdlcy9SLTEwMTE3/NjcwLTE1OTUwNjQ3/NjQtODA4NS5qcGVn.jpeg,592,600
10117670,secondary,https://i.discogs.com/guY61TrJqgvsfOeV4pXxGt1Tn2E5YH2E8Ba6-d-y-yg/rs:fit/g:sm/q:90/h:600/w:600/czM6Ly9kaXNjb2dz/LWRhdGFiYXNlLWlt/YWdlcy9SLTEwMTE3/NjcwLTE1OTUwNjQ3/NjgtNTg1MS5qcGVn.jpeg,https://i.discogs.com/guY61TrJqgvsfOeV4pXxGt1Tn2E5YH2E8Ba6-d-y-yg/rs:fit/g:sm/q:90/h:600/w:600/czM6Ly9kaXNjb2dz/LWRhdGFiYXNlLWlt/YWdlcy9SLTEwMTE3/NjcwLTE1OTUwNjQ3/NjgtNTg1MS5qcGVn.jpeg,https://i.discogs.com/U5Dr2x_bAzwmGY348gJREDyy0ADdsKYxu8D-uE_UcHk/rs:fit/g:sm/q:40/h:150/w:150/czM6Ly9kaXNjb2dz/LWRhdGFiYXNlLWlt/YWdlcy9SLTEwMTE3/NjcwLTE1OTUwNjQ3/NjgtNTg1MS5qcGVn.jpeg,600,600
101339,primary,https://i.discogs.com/qMsP7_AmoVCGX0PsL890INdX-AFDPREVSdv77MCgvrU/rs:fit/g:sm/q:90/h:319/w:320/czM6Ly9kaXNjb2dz/LWRhdGFiYXNlLWlt/YWdlcy9SLTEwMTMz/OS0xMTExMzQxMjY2/LmdpZg.jpeg,https://i.discogs.com/qMsP7_AmoVCGX0PsL890INdX-AFDPREVSdv77MCgvrU/rs:fit/g:sm/q:90/h:319/w:320/czM6Ly9kaXNjb2dz/LWRhdGFiYXNlLWlt/YWdlcy9SLTEwMTMz/OS0xMTExMzQxMjY2/LmdpZg.jpeg,https://i.discogs.com/rTZ8g9L9vxSzjsqj4Q2m7zUqa-H2-bk8J04jwdGSyMM/rs:fit/g:sm/q:40/h:150/w:150/czM6Ly9kaXNjb2dz/LWRhdGFiYXNlLWlt/YWdlcy9SLTEwMTMz/OS0xMTExMzQxMjY2/LmdpZg.jpeg,320,319
101339,secondary,https://i.discogs.com/nfOk3CKJ3AwpoJK2h19lvq1L839F0P3lVMvyc6QtAsU/rs:fit/g:sm/q:90/h:286/w:285/czM6Ly9kaXNjb2dz/LWRhdGFiYXNlLWlt/YWdlcy9SLTEwMTMz/OS0xMDk5MzE0ODI0/LmdpZg.jpeg,https://i.discogs.com/nfOk3CKJ3AwpoJK2h19lvq1L839F0P3lVMvyc6QtAsU/rs:fit/g:sm/q:90/h:286/w:285/czM6Ly9kaXNjb2dz/LWRhdGFiYXNlLWlt/YWdlcy9SLTEwMTMz/OS0xMDk5MzE0ODI0/LmdpZg.jpeg,https://i.discogs.com/7NzMjVFL12IIJeZK4iGYemVHjl5Avx7TbuGw64URmVU/rs:fit/g:sm/q:40/h:150/w:150/czM6Ly9kaXNjb2dz/LWRhdGFiYXNlLWlt/YWdlcy9SLTEwMTMz/OS0xMDk5MzE0ODI0/LmdpZg.jpeg,285,286
101339,secondary,https://i.discogs.com/I806d99CMRwwhUWCvXBOG5ekCLSQ9ebOh-nqRCQoBXE/rs:fit/g:sm/q:90/h:288/w:283/czM6Ly9kaXNjb2dz/LWRhdGFiYXNlLWlt/YWdlcy9SLTEwMTMz/OS0xMDk5MzE1NjUz/LmdpZg.jpeg,https://i.discogs.com/I806d99CMRwwhUWCvXBOG5ekCLSQ9ebOh-nqRCQoBXE/rs:fit/g:sm/q:90/h:288/w:283/czM6Ly9kaXNjb2dz/LWRhdGFiYXNlLWlt/YWdlcy9SLTEwMTMz/OS0xMDk5MzE1NjUz/LmdpZg.jpeg,https://i.discogs.com/Cbyb4PV0FDFF8iOhZyRx150vJzUJJSaYg03ppVcXL-8/rs:fit/g:sm/q:40/h:150/w:150/czM6Ly9kaXNjb2dz/LWRhdGFiYXNlLWlt/YWdlcy9SLTEwMTMz/OS0xMDk5MzE1NjUz/LmdpZg.jpeg,283,288
101339,secondary,https://i.discogs.com/J0STwCVvjdKk8KSx7FE_Kr14JR2cbxdXBLfBVsJzt1Q/rs:fit/g:sm/q:90/h:286/w:286/czM6Ly9kaXNjb2dz/LWRhdGFiYXNlLWlt/YWdlcy9SLTEwMTMz/OS0xMDk5MzE1Njk2/LmdpZg.jpeg,https://i.discogs.com/J0STwCVvjdKk8KSx7FE_Kr14JR2cbxdXBLfBVsJzt1Q/rs:fit/g:sm/q:90/h:286/w:286/czM6Ly9kaXNjb2dz/LWRhdGFiYXNlLWlt/YWdlcy9SLTEwMTMz/OS0xMDk5MzE1Njk2/LmdpZg.jpeg,https://i.discogs.com/sZgVj_IfhVXJQgdethdqlwyBwydz66dp0w4xHBgifdw/rs:fit/g:sm/q:40/h:150/w:150/czM6Ly9kaXNjb2dz/LWRhdGFiYXNlLWlt/YWdlcy9SLTEwMTMz/OS0xMDk5MzE1Njk2/LmdpZg.jpeg,286,286
101339,secondary,https://i.discogs.com/vUDjF62XeHJV3bRp-cK5ATapKNJkPMz4-hDJ2GNxlgY/rs:fit/g:sm/q:90/h:286/w:286/czM6Ly9kaXNjb2dz/LWRhdGFiYXNlLWlt/YWdlcy9SLTEwMTMz/OS0xMDk5MzE1Nzc4/LmdpZg.jpeg,https://i.discogs.com/vUDjF62XeHJV3bRp-cK5ATapKNJkPMz4-hDJ2GNxlgY/rs:fit/g:sm/q:90/h:286/w:286/czM6Ly9kaXNjb2dz/LWRhdGFiYXNlLWlt/YWdlcy9SLTEwMTMz/OS0xMDk5MzE1Nzc4/LmdpZg.jpeg,https://i.discogs.com/niVpk59gBwwMDlopNPDCAyMXBwlvfNO7B9xmOs-0p_I/rs:fit/g:sm/q:40/h:150/w:150/czM6Ly9kaXNjb2dz/LWRhdGFiYXNlLWlt/YWdlcy9SLTEwMTMz/OS0xMDk5MzE1Nzc4/LmdpZg.jpeg,286,286
101339,secondary,https://i.discogs.com/Z_B700yrj8Jqlxmx_UvCilMfb3p3g_ErJ1-QYV3METI/rs:fit/g:sm/q:90/h:324/w:320/czM6Ly9kaXNjb2dz/LWRhdGFiYXNlLWlt/YWdlcy9SLTEwMTMz/OS0xMTExMzQxMzE4/LmdpZg.jpeg,https://i.discogs.com/Z_B700yrj8Jqlxmx_UvCilMfb3p3g_ErJ1-QYV3METI/rs:fit/g:sm/q:90/h:324/w:320/czM6Ly9kaXNjb2dz/LWRhdGFiYXNlLWlt/YWdlcy9SLTEwMTMz/OS0xMTExMzQxMzE4/LmdpZg.jpeg,https://i.discogs.com/6yEyr90exEdFW9VscKdcdV_U17l6HqUt769ofJIMjhs/rs:fit/g:sm/q:40/h:150/w:150/czM6Ly9kaXNjb2dz/LWRhdGFiYXNlLWlt/YWdlcy9SLTEwMTMz/OS0xMTExMzQxMzE4/LmdpZg.jpeg,320,324
1013755,primary,https://i.discogs.com/L0k7z1RBTAknlicM08ydgxIgOE-1pMF7kRPipTpQNt0/rs:fit/g:sm/q:90/h:479/w:480/czM6Ly9kaXNjb2dz/LWRhdGFiYXNlLWlt/YWdlcy9SLTEwMTM3/NTUtMTE5MzM0OTM4/OC5qcGVn.jpeg,https://i.discogs.com/L0k7z1RBTAknlicM08ydgxIgOE-1pMF7kRPipTpQNt0/rs:fit/g:sm/q:90/h:479/w:480/czM6Ly9kaXNjb2dz/LWRhdGFiYXNlLWlt/YWdlcy9SLTEwMTM3/NTUtMTE5MzM0OTM4/OC5qcGVn.jpeg,https://i.discogs.com/SbYPgPrF7QHXTFUFOlPpeVHVQ1BgJX_RAhuWR-We6FU/rs:fit/g:sm/q:40/h:150/w:150/czM6Ly9kaXNjb2dz/LWRhdGFiYXNlLWlt/YWdlcy9SLTEwMTM3/NTUtMTE5MzM0OTM4/OC5qcGVn.jpeg,480,479
1013755,secondary,https://i.discogs.com/LBLOQ8y6XHC1ZDLQLYTUZizLrJ3S76HOaD2Wn9ofouo/rs:fit/g:sm/q:90/h:477/w:480/czM6Ly9kaXNjb2dz/LWRhdGFiYXNlLWlt/YWdlcy9SLTEwMTM3/NTUtMTE5MzM0OTMx/NS5qcGVn.jpeg,https://i.discogs.com/LBLOQ8y6XHC1ZDLQLYTUZizLrJ3S76HOaD2Wn9ofouo/rs:fit/g:sm/q:90/h:477/w:480/czM6Ly9kaXNjb2dz/LWRhdGFiYXNlLWlt/YWdlcy9SLTEwMTM3/NTUtMTE5MzM0OTMx/NS5qcGVn.jpeg,https://i.discogs.com/b-dPjawQAjwEv82MelUpfXs2lWOxOYBp_G2Thwt4x0E/rs:fit/g:sm/q:40/h:150/w:150/czM6Ly9kaXNjb2dz/LWRhdGFiYXNlLWlt/YWdlcy9SLTEwMTM3/NTUtMTE5MzM0OTMx/NS5qcGVn.jpeg,480,477
10144284,secondary,https://i.discogs.com/UBF1gXOuLjN1PQUnBHid1ZqoPS2mNm-g-0a57-VO6fQ/rs:fit/g:sm/q:90/h:580/w:600/czM6Ly9kaXNjb2dz/LWRhdGFiYXNlLWlt/YWdlcy9SLTEwMTQ0/Mjg0LTE0OTI0MDc1/ODQtNTA1Mi5qcGVn.jpeg,https://i.discogs.com/UBF1gXOuLjN1PQUnBHid1ZqoPS2mNm-g-0a57-VO6fQ/rs:fit/g:sm/q:90/h:580/w:600/czM6Ly9kaXNjb2dz/LWRhdGFiYXNlLWlt/YWdlcy9SLTEwMTQ0/Mjg0LTE0OTI0MDc1/ODQtNTA1Mi5qcGVn.jpeg,https://i.discogs.com/wSFgR1hLyvkw_9xhcspmC4vdGxhLx-F_kIOluBT8zFA/rs:fit/g:sm/q:40/h:150/w:150/czM6Ly9kaXNjb2dz/LWRhdGFiYXNlLWlt/YWdlcy9SLTEwMTQ0/Mjg0LTE0OTI0MDc1/ODQtNTA1Mi5qcGVn.jpeg,600,580
10144284,secondary,https://i.discogs.com/0gBU9YoKoatZRV1VHorvBUetQrTSf5oXaLEbocTkn-w/rs:fit/g:sm/q:90/h:593/w:600/czM6Ly9kaXNjb2dz/LWRhdGFiYXNlLWlt/YWdlcy9SLTEwMTQ0/Mjg0LTE0OTI0MDc1/ODMtMTA4Mi5qcGVn.jpeg,https://i.discogs.com/0gBU9YoKoatZRV1VHorvBUetQrTSf5oXaLEbocTkn-w/rs:fit/g:sm/q:90/h:593/w:600/czM6Ly9kaXNjb2dz/LWRhdGFiYXNlLWlt/YWdlcy9SLTEwMTQ0/Mjg0LTE0OTI0MDc1/ODMtMTA4Mi5qcGVn.jpeg,https://i.discogs.com/IKLQbszPVNB4TKOsxyQJD_xM-S09hJFXAWO8jUkY7WQ/rs:fit/g:sm/q:40/h:150/w:150/czM6Ly9kaXNjb2dz/LWRhdGFiYXNlLWlt/YWdlcy9SLTEwMTQ0/Mjg0LTE0OTI0MDc1/ODMtMTA4Mi5qcGVn.jpeg,600,593
10144284,secondary,https://i.discogs.com/sntii08W7VBL6vghfEYd6iBcF6lmH7BScIZAbCR5DUU/rs:fit/g:sm/q:90/h:600/w:584/czM6Ly9kaXNjb2dz/LWRhdGFiYXNlLWlt/YWdlcy9SLTEwMTQ0/Mjg0LTE0OTI0MDc1/ODMtNTkxNC5qcGVn.jpeg,https://i.discogs.com/sntii08W7VBL6vghfEYd6iBcF6lmH7BScIZAbCR5DUU/rs:fit/g:sm/q:90/h:600/w:584/czM6Ly9kaXNjb2dz/LWRhdGFiYXNlLWlt/YWdlcy9SLTEwMTQ0/Mjg0LTE0OTI0MDc1/ODMtNTkxNC5qcGVn.jpeg,https://i.discogs.com/kZWMOT3Xn3dPW53E3anrTnyG4FrSSIPX8puGx94GPjQ/rs:fit/g:sm/q:40/h:150/w:150/czM6Ly9kaXNjb2dz/LWRhdGFiYXNlLWlt/YWdlcy9SLTEwMTQ0/Mjg0LTE0OTI0MDc1/ODMtNTkxNC5qcGVn.jpeg,584,600
1014630,primary,https://i.discogs.com/42bzJxsRC66642khjIfec1DSrpmYgrwWkOdtax678Ws/rs:fit/g:sm/q:90/h:538/w:600/czM6Ly9kaXNjb2dz/LWRhdGFiYXNlLWlt/YWdlcy9SLTEwMTQ2/MzAtMTIyMzU3NTc3/MS5qcGVn.jpeg,https://i.discogs.com/42bzJxsRC66642khjIfec1DSrpmYgrwWkOdtax678Ws/rs:fit/g:sm/q:90/h:538/w:600/czM6Ly9kaXNjb2dz/LWRhdGFiYXNlLWlt/YWdlcy9SLTEwMTQ2/MzAtMTIyMzU3NTc3/MS5qcGVn.jpeg,https://i.discogs.com/ctbk5z_z9CcaYxeiUpTGli73WHNccpT4XvgNQQvOTRg/rs:fit/g:sm/q:40/h:150/w:150/czM6Ly9kaXNjb2dz/LWRhdGFiYXNlLWlt/YWdlcy9SLTEwMTQ2/MzAtMTIyMzU3NTc3/MS5qcGVn.jpeg,600,538
1014630,secondary,https://i.discogs.com/zhO3K_hxSwNZ6UCL29W4iaS3paKDuWq7jz4dSlPJ7mo/rs:fit/g:sm/q:90/h:113/w:600/czM6Ly9kaXNjb2dz/LWRhdGFiYXNlLWlt/YWdlcy9SLTEwMTQ2/MzAtMTIyMzU3NTc3/Ny5qcGVn.jpeg,https://i.discogs.com/zhO3K_hxSwNZ6UCL29W4iaS3paKDuWq7jz4dSlPJ7mo/rs:fit/g:sm/q:90/h:113/w:600/czM6Ly9kaXNjb2dz/LWRhdGFiYXNlLWlt/YWdlcy9SLTEwMTQ2/MzAtMTIyMzU3NTc3/Ny5qcGVn.jpeg,https://i.discogs.com/BLiS4P4_JNFsKB7FZHbBBFTS9pLM1UD2UKdjEqGZWqw/rs:fit/g:sm/q:40/h:150/w:150/czM6Ly9kaXNjb2dz/LWRhdGFiYXNlLWlt/YWdlcy9SLTEwMTQ2/MzAtMTIyMzU3NTc3/Ny5qcGVn.jpeg,600,113
1014630,secondary,https://i.discogs.com/65JNBcNb-duqYo7hms3yYH7MDT67RTfJ_QnxRBIv-8g/rs:fit/g:sm/q:90/h:545/w:600/czM6Ly9kaXNjb2dz/LWRhdGFiYXNlLWlt/YWdlcy9SLTEwMTQ2/MzAtMTIyMzU3NTc4/My5qcGVn.jpeg,https://i.discogs.com/65JNBcNb-duqYo7hms3yYH7MDT67RTfJ_QnxRBIv-8g/rs:fit/g:sm/q:90/h:545/w:600/czM6Ly9kaXNjb2dz/LWRhdGFiYXNlLWlt/YWdlcy9SLTEwMTQ2/MzAtMTIyMzU3NTc4/My5qcGVn.jpeg,https://i.discogs.com/RYXcrA7gLi83IOuyOYubGv2UAvrE3VayHz_Xo2kmD8U/rs:fit/g:sm/q:40/h:150/w:150/czM6Ly9kaXNjb2dz/LWRhdGFiYXNlLWlt/YWdlcy9SLTEwMTQ2/MzAtMTIyMzU3NTc4/My5qcGVn.jpeg,600,545
1014630,secondary,https://i.discogs.com/x6UqKaVIJAeg5Ttpe9fbozDJ3zGzFxWw_Eg9V_qSpcw/rs:fit/g:sm/q:90/h:593/w:600/czM6Ly9kaXNjb2dz/LWRhdGFiYXNlLWlt/YWdlcy9SLTEwMTQ2/MzAtMTUzMjE4NTY2/My00MzMxLmpwZWc.jpeg,https://i.discogs.com/x6UqKaVIJAeg5Ttpe9fbozDJ3zGzFxWw_Eg9V_qSpcw/rs:fit/g:sm/q:90/h:593/w:600/czM6Ly9kaXNjb2dz/LWRhdGFiYXNlLWlt/YWdlcy9SLTEwMTQ2/MzAtMTUzMjE4NTY2/My00MzMxLmpwZWc.jpeg,https://i.discogs.com/8TM7BFCU6xY-VmeO-9vSeZliXhNLpZU201QqgmGiclQ/rs:fit/g:sm/q:40/h:150/w:150/czM6Ly9kaXNjb2dz/LWRhdGFiYXNlLWlt/YWdlcy9SLTEwMTQ2/MzAtMTUzMjE4NTY2/My00MzMxLmpwZWc.jpeg,600,593
1014630,secondary,https://i.discogs.com/DEpgTKSarHlOpDGs_Dwz6VHNge_6CiVGxlXQGoVZj3A/rs:fit/g:sm/q:90/h:600/w:594/czM6Ly9kaXNjb2dz/LWRhdGFiYXNlLWlt/YWdlcy9SLTEwMTQ2/MzAtMTUzMjE4NTY0/My0zODQxLmpwZWc.jpeg,https://i.discogs.com/DEpgTKSarHlOpDGs_Dwz6VHNge_6CiVGxlXQGoVZj3A/rs:fit/g:sm/q:90/h:600/w:594/czM6Ly9kaXNjb2dz/LWRhdGFiYXNlLWlt/YWdlcy9SLTEwMTQ2/MzAtMTUzMjE4NTY0/My0zODQxLmpwZWc.jpeg,https://i.discogs.com/UPkieeGvAmuNQlOUFQVaQAYprB0I_9XfJeT6e2D93F0/rs:fit/g:sm/q:40/h:150/w:150/czM6Ly9kaXNjb2dz/LWRhdGFiYXNlLWlt/YWdlcy9SLTEwMTQ2/MzAtMTUzMjE4NTY0/My0zODQxLmpwZWc.jpeg,594,600
1014630,secondary,https://i.discogs.com/NIqb1J0kagsocE_LBm-eybp8CbN57HEf7zfDFRl-zZY/rs:fit/g:sm/q:90/h:600/w:595/czM6Ly9kaXNjb2dz/LWRhdGFiYXNlLWlt/YWdlcy9SLTEwMTQ2/MzAtMTUzMjE4NTY1/NC01MjUwLmpwZWc.jpeg,https://i.discogs.com/NIqb1J0kagsocE_LBm-eybp8CbN57HEf7zfDFRl-zZY/rs:fit/g:sm/q:90/h:600/w:595/czM6Ly9kaXNjb2dz/LWRhdGFiYXNlLWlt/YWdlcy9SLTEwMTQ2/MzAtMTUzMjE4NTY1/NC01MjUwLmpwZWc.jpeg,https://i.discogs.com/T6gQgt40_aqhHo7jiD2Ly5fA_DdoJ4_vgcPyj0muxig/rs:fit/g:sm/q:40/h:150/w:150/czM6Ly9kaXNjb2dz/LWRhdGFiYXNlLWlt/YWdlcy9SLTEwMTQ2/MzAtMTUzMjE4NTY1/NC01MjUwLmpwZWc.jpeg,595,600
1014630,secondary,https://i.discogs.com/KltaSp0QmsGeDV-LODe2V6-uOxpp4nih40tbxKazXOo/rs:fit/g:sm/q:90/h:600/w:599/czM6Ly9kaXNjb2dz/LWRhdGFiYXNlLWlt/YWdlcy9SLTEwMTQ2/MzAtMTUzMjE4NTY1/My03NTYyLmpwZWc.jpeg,https://i.discogs.com/KltaSp0QmsGeDV-LODe2V6-uOxpp4nih40tbxKazXOo/rs:fit/g:sm/q:90/h:600/w:599/czM6Ly9kaXNjb2dz/LWRhdGFiYXNlLWlt/YWdlcy9SLTEwMTQ2/MzAtMTUzMjE4NTY1/My03NTYyLmpwZWc.jpeg,https://i.discogs.com/uMsvc35R83shGfT3aWM3v3Nputo6oMDm_Oqex0UkKS8/rs:fit/g:sm/q:40/h:150/w:150/czM6Ly9kaXNjb2dz/LWRhdGFiYXNlLWlt/YWdlcy9SLTEwMTQ2/MzAtMTUzMjE4NTY1/My03NTYyLmpwZWc.jpeg,599,600
1014630,secondary,https://i.discogs.com/UDyiQWYR7Bp-g4BLD6V6uVAe3xyr6ueNLuOtzrbOdQg/rs:fit/g:sm/q:90/h:278/w:600/czM6Ly9kaXNjb2dz/LWRhdGFiYXNlLWlt/YWdlcy9SLTEwMTQ2/MzAtMTUzMjE4NTY1/Ny0xMjM2LmpwZWc.jpeg,https://i.discogs.com/UDyiQWYR7Bp-g4BLD6V6uVAe3xyr6ueNLuOtzrbOdQg/rs:fit/g:sm/q:90/h:278/w:600/czM6Ly9kaXNjb2dz/LWRhdGFiYXNlLWlt/YWdlcy9SLTEwMTQ2/MzAtMTUzMjE4NTY1/Ny0xMjM2LmpwZWc.jpeg,https://i.discogs.com/cYrS_xaPXSIBOcIOSJS8zMJLsP9zelZKbqGbo2NsoY8/rs:fit/g:sm/q:40/h:150/w:150/czM6Ly9kaXNjb2dz/LWRhdGFiYXNlLWlt/YWdlcy9SLTEwMTQ2/MzAtMTUzMjE4NTY1/Ny0xMjM2LmpwZWc.jpeg,600,278
1014630,secondary,https://i.discogs.com/wRTsIMQmaIoWuaAm0APPuKCAZg01lIJjPhSbWASrrqw/rs:fit/g:sm/q:90/h:264/w:600/czM6Ly9kaXNjb2dz/LWRhdGFiYXNlLWlt/YWdlcy9SLTEwMTQ2/MzAtMTUzMjE4NTY2/NC0zNjU1LmpwZWc.jpeg,https://i.discogs.com/wRTsIMQmaIoWuaAm0APPuKCAZg01lIJjPhSbWASrrqw/rs:fit/g:sm/q:90/h:264/w:600/czM6Ly9kaXNjb2dz/LWRhdGFiYXNlLWlt/YWdlcy9SLTEwMTQ2/MzAtMTUzMjE4NTY2/NC0zNjU1LmpwZWc.jpeg,https://i.discogs.com/4phiHdoG0e-jmehfqWNZYBiZNuygk9h_-HjCvnLB3ac/rs:fit/g:sm/q:40/h:150/w:150/czM6Ly9kaXNjb2dz/LWRhdGFiYXNlLWlt/YWdlcy9SLTEwMTQ2/MzAtMTUzMjE4NTY2/NC0zNjU1LmpwZWc.jpeg,600,264
1014630,secondary,https://i.discogs.com/Xffbinp3QNLkC1TDTN8UGGq7w3Vrk2mFQsi2gYr0_Gw/rs:fit/g:sm/q:90/h:600/w:598/czM6Ly9kaXNjb2dz/LWRhdGFiYXNlLWlt/YWdlcy9SLTEwMTQ2/MzAtMTYxMTkzMDQ0/Ni03OTA0LmpwZWc.jpeg,https://i.discogs.com/Xffbinp3QNLkC1TDTN8UGGq7w3Vrk2mFQsi2gYr0_Gw/rs:fit/g:sm/q:90/h:600/w:598/czM6Ly9kaXNjb2dz/LWRhdGFiYXNlLWlt/YWdlcy9SLTEwMTQ2/MzAtMTYxMTkzMDQ0/Ni03OTA0LmpwZWc.jpeg,https://i.discogs.com/bnRt_GlUEIxGRby3GIELrJIq1KHRxI5gbAgGvyNfG30/rs:fit/g:sm/q:40/h:150/w:150/czM6Ly9kaXNjb2dz/LWRhdGFiYXNlLWlt/YWdlcy9SLTEwMTQ2/MzAtMTYxMTkzMDQ0/Ni03OTA0LmpwZWc.jpeg,598,600
1014630,secondary,https://i.discogs.com/XO2NDOvCHguBCDYWVdEnb83k792ZIfZyK4sXqJ4j1xg/rs:fit/g:sm/q:90/h:600/w:598/czM6Ly9kaXNjb2dz/LWRhdGFiYXNlLWlt/YWdlcy9SLTEwMTQ2/MzAtMTYxMTkzMDQ0/Ny03MTI3LmpwZWc.jpeg,https://i.discogs.com/XO2NDOvCHguBCDYWVdEnb83k792ZIfZyK4sXqJ4j1xg/rs:fit/g:sm/q:90/h:600/w:598/czM6Ly9kaXNjb2dz/LWRhdGFiYXNlLWlt/YWdlcy9SLTEwMTQ2/MzAtMTYxMTkzMDQ0/Ny03MTI3LmpwZWc.jpeg,https://i.discogs.com/Lx0N7EE0r_4lsyzKiEH66qYDq2Bwi_zemVNS8BmXvM8/rs:fit/g:sm/q:40/h:150/w:150/czM6Ly9kaXNjb2dz/LWRhdGFiYXNlLWlt/YWdlcy9SLTEwMTQ2/MzAtMTYxMTkzMDQ0/Ny03MTI3LmpwZWc.jpeg,598,600
1014630,secondary,https://i.discogs.com/hkjJv4uCh3Cku1CZ5-egGBOQGNkMZyoPgjVV_GdA5KA/rs:fit/g:sm/q:90/h:593/w:600/czM6Ly9kaXNjb2dz/LWRhdGFiYXNlLWlt/YWdlcy9SLTEwMTQ2/MzAtMTYxMTkzMDQ0/Ny01MTU0LmpwZWc.jpeg,https://i.discogs.com/hkjJv4uCh3Cku1CZ5-egGBOQGNkMZyoPgjVV_GdA5KA/rs:fit/g:sm/q:90/h:593/w:600/czM6Ly9kaXNjb2dz/LWRhdGFiYXNlLWlt/YWdlcy9SLTEwMTQ2/MzAtMTYxMTkzMDQ0/Ny01MTU0LmpwZWc.jpeg,https://i.discogs.com/3lg2Gp6KgXbXsSdAeNfLaStgfsa2O1_8T1DMLTH9wSk/rs:fit/g:sm/q:40/h:150/w:150/czM6Ly9kaXNjb2dz/LWRhdGFiYXNlLWlt/YWdlcy9SLTEwMTQ2/MzAtMTYxMTkzMDQ0/Ny01MTU0LmpwZWc.jpeg,600,593
1014630,secondary,https://i.discogs.com/yNDj0208KOFmoVvxUNvZoNbSBohXQc3YLjfchQZ1vV0/rs:fit/g:sm/q:90/h:588/w:600/czM6Ly9kaXNjb2dz/LWRhdGFiYXNlLWlt/YWdlcy9SLTEwMTQ2/MzAtMTYxMTkzMDQ0/Ny00MzQ0LmpwZWc.jpeg,https://i.discogs.com/yNDj0208KOFmoVvxUNvZoNbSBohXQc3YLjfchQZ1vV0/rs:fit/g:sm/q:90/h:588/w:600/czM6Ly9kaXNjb2dz/LWRhdGFiYXNlLWlt/YWdlcy9SLTEwMTQ2/MzAtMTYxMTkzMDQ0/Ny00MzQ0LmpwZWc.jpeg,https://i.discogs.com/PxvmvG0wDmn16bbLoV2p-1whfynK6wCsS9q9YqLKfHE/rs:fit/g:sm/q:40/h:150/w:150/czM6Ly9kaXNjb2dz/LWRhdGFiYXNlLWlt/YWdlcy9SLTEwMTQ2/MzAtMTYxMTkzMDQ0/Ny00MzQ0LmpwZWc.jpeg,600,588
1017133,primary,https://i.discogs.com/ysFCOP5ayly4sqyAlYh9tDI4A0sKi5Ov6k_jj-ew1hc/rs:fit/g:sm/q:90/h:600/w:591/czM6Ly9kaXNjb2dz/LWRhdGFiYXNlLWlt/YWdlcy9SLTEwMTcx/MzMtMTU4MTk2OTY4/Ny03MjQwLmpwZWc.jpeg,https://i.discogs.com/ysFCOP5ayly4sqyAlYh9tDI4A0sKi5Ov6k_jj-ew1hc/rs:fit/g:sm/q:90/h:600/w:591/czM6Ly9kaXNjb2dz/LWRhdGFiYXNlLWlt/YWdlcy9SLTEwMTcx/MzMtMTU4MTk2OTY4/Ny03MjQwLmpwZWc.jpeg,https://i.discogs.com/_GD4Dfx6io6A7CvEz4Vk4hX_O77Uqe8-LDhjz0jFyLQ/rs:fit/g:sm/q:40/h:150/w:150/czM6Ly9kaXNjb2dz/LWRhdGFiYXNlLWlt/YWdlcy9SLTEwMTcx/MzMtMTU4MTk2OTY4/Ny03MjQwLmpwZWc.jpeg,591,600
1017133,secondary,https://i.discogs.com/qtfnW757Ip_TAwirbOmcsyyz_kn8wKFJRYPAmHs7cHs/rs:fit/g:sm/q:90/h:349/w:349/czM6Ly9kaXNjb2dz/LWRhdGFiYXNlLWlt/YWdlcy9SLTEwMTcx/MzMtMTE4NjU3NzIx/Mi5wbmc.jpeg,https://i.discogs.com/qtfnW757Ip_TAwirbOmcsyyz_kn8wKFJRYPAmHs7cHs/rs:fit/g:sm/q:90/h:349/w:349/czM6Ly9kaXNjb2dz/LWRhdGFiYXNlLWlt/YWdlcy9SLTEwMTcx/MzMtMTE4NjU3NzIx/Mi5wbmc.jpeg,https://i.discogs.com/fg_z0wSYI7X9tq_iNOyBJuFBoDX1pdDjsMjeEJkkZVg/rs:fit/g:sm/q:40/h:150/w:150/czM6Ly9kaXNjb2dz/LWRhdGFiYXNlLWlt/YWdlcy9SLTEwMTcx/MzMtMTE4NjU3NzIx/Mi5wbmc.jpeg,349,349
1017133,secondary,https://i.discogs.com/mwcjf6UeoMoATWj6Cbhzij2TkqQf2JoOmekatsosojw/rs:fit/g:sm/q:90/h:351/w:349/czM6Ly9kaXNjb2dz/LWRhdGFiYXNlLWlt/YWdlcy9SLTEwMTcx/MzMtMTE4Nzg1OTI2/Mi5wbmc.jpeg,https://i.discogs.com/mwcjf6UeoMoATWj6Cbhzij2TkqQf2JoOmekatsosojw/rs:fit/g:sm/q:90/h:351/w:349/czM6Ly9kaXNjb2dz/LWRhdGFiYXNlLWlt/YWdlcy9SLTEwMTcx/MzMtMTE4Nzg1OTI2/Mi5wbmc.jpeg,https://i.discogs.com/V0354O44Bz8qt-FPZNSLRSYPebB-jn0uHXoGF23pUxc/rs:fit/g:sm/q:40/h:150/w:150/czM6Ly9kaXNjb2dz/LWRhdGFiYXNlLWlt/YWdlcy9SLTEwMTcx/MzMtMTE4Nzg1OTI2/Mi5wbmc.jpeg,349,351
1017133,secondary,https://i.discogs.com/8BvNvUtwkb-qoQbzerCfm-audqNoLF7-LFyAHt0Nczg/rs:fit/g:sm/q:90/h:349/w:349/czM6Ly9kaXNjb2dz/LWRhdGFiYXNlLWlt/YWdlcy9SLTEwMTcx/MzMtMTE4Nzg1OTI3/NC5wbmc.jpeg,https://i.discogs.com/8BvNvUtwkb-qoQbzerCfm-audqNoLF7-LFyAHt0Nczg/rs:fit/g:sm/q:90/h:349/w:349/czM6Ly9kaXNjb2dz/LWRhdGFiYXNlLWlt/YWdlcy9SLTEwMTcx/MzMtMTE4Nzg1OTI3/NC5wbmc.jpeg,https://i.discogs.com/3Xd7BZjVTc8OMs7YCRjzv1M3M-ES3H43uxBJw5GK5AQ/rs:fit/g:sm/q:40/h:150/w:150/czM6Ly9kaXNjb2dz/LWRhdGFiYXNlLWlt/YWdlcy9SLTEwMTcx/MzMtMTE4Nzg1OTI3/NC5wbmc.jpeg,349,349
1017133,secondary,https://i.discogs.com/dO_qBhyl85-IhJ4-EPLlhxqVlxipMAslNMIunVD9A1w/rs:fit/g:sm/q:90/h:349/w:349/czM6Ly9kaXNjb2dz/LWRhdGFiYXNlLWlt/YWdlcy9SLTEwMTcx/MzMtMTE4Nzg1OTI4/OC5wbmc.jpeg,https://i.discogs.com/dO_qBhyl85-IhJ4-EPLlhxqVlxipMAslNMIunVD9A1w/rs:fit/g:sm/q:90/h:349/w:349/czM6Ly9kaXNjb2dz/LWRhdGFiYXNlLWlt/YWdlcy9SLTEwMTcx/MzMtMTE4Nzg1OTI4/OC5wbmc.jpeg,https://i.discogs.com/2DchanCVdKblouVQh7Pa0rxp4hEgrNdxfHtAe4XFw9o/rs:fit/g:sm/q:40/h:150/w:150/czM6Ly9kaXNjb2dz/LWRhdGFiYXNlLWlt/YWdlcy9SLTEwMTcx/MzMtMTE4Nzg1OTI4/OC5wbmc.jpeg,349,349
1017133,secondary,https://i.discogs.com/6l9li_HNXJi0VS1qUnv9_a3NkdveESpLj8BpjS4WnqQ/rs:fit/g:sm/q:90/h:349/w:349/czM6Ly9kaXNjb2dz/LWRhdGFiYXNlLWlt/YWdlcy9SLTEwMTcx/MzMtMTE4Nzg1OTI4/MS5wbmc.jpeg,https://i.discogs.com/6l9li_HNXJi0VS1qUnv9_a3NkdveESpLj8BpjS4WnqQ/rs:fit/g:sm/q:90/h:349/w:349/czM6Ly9kaXNjb2dz/LWRhdGFiYXNlLWlt/YWdlcy9SLTEwMTcx/MzMtMTE4Nzg1OTI4/MS5wbmc.jpeg,https://i.discogs.com/W9BequTnrpUzcYO85Huf42aZl4FqGAieZp8evuBTIPs/rs:fit/g:sm/q:40/h:150/w:150/czM6Ly9kaXNjb2dz/LWRhdGFiYXNlLWlt/YWdlcy9SLTEwMTcx/MzMtMTE4Nzg1OTI4/MS5wbmc.jpeg,349,349
1017133,secondary,https://i.discogs.com/hAnrDahPmSKSnN2XdHDibogtRHOR7oJMPgkFRwuXK2w/rs:fit/g:sm/q:90/h:349/w:349/czM6Ly9kaXNjb2dz/LWRhdGFiYXNlLWlt/YWdlcy9SLTEwMTcx/MzMtMTE4Nzg1OTI5/Ny5wbmc.jpeg,https://i.discogs.com/hAnrDahPmSKSnN2XdHDibogtRHOR7oJMPgkFRwuXK2w/rs:fit/g:sm/q:90/h:349/w:349/czM6Ly9kaXNjb2dz/LWRhdGFiYXNlLWlt/YWdlcy9SLTEwMTcx/MzMtMTE4Nzg1OTI5/Ny5wbmc.jpeg,https://i.discogs.com/PVSH-1sDAun1XBjyz-y5B53hi2xbRCJBXAfwvXpT_oQ/rs:fit/g:sm/q:40/h:150/w:150/czM6Ly9kaXNjb2dz/LWRhdGFiYXNlLWlt/YWdlcy9SLTEwMTcx/MzMtMTE4Nzg1OTI5/Ny5wbmc.jpeg,349,349
1017133,secondary,https://i.discogs.com/m6j3DXl6AkJ8M7lY3vnhUU11VyJWPgOnlYUxL7zq87s/rs:fit/g:sm/q:90/h:349/w:349/czM6Ly9kaXNjb2dz/LWRhdGFiYXNlLWlt/YWdlcy9SLTEwMTcx/MzMtMTE4Nzg1OTMw/NS5wbmc.jpeg,https://i.discogs.com/m6j3DXl6AkJ8M7lY3vnhUU11VyJWPgOnlYUxL7zq87s/rs:fit/g:sm/q:90/h:349/w:349/czM6Ly9kaXNjb2dz/LWRhdGFiYXNlLWlt/YWdlcy9SLTEwMTcx/MzMtMTE4Nzg1OTMw/NS5wbmc.jpeg,https://i.discogs.com/uzNExZQjzEPluJcIUECROFSSV2tM1J8fN-T8UgzuFQ0/rs:fit/g:sm/q:40/h:150/w:150/czM6Ly9kaXNjb2dz/LWRhdGFiYXNlLWlt/YWdlcy9SLTEwMTcx/MzMtMTE4Nzg1OTMw/NS5wbmc.jpeg,349,349
1017133,secondary,https://i.discogs.com/ligPXo7v-FjAZzTqYpI3_6IFeE_cmQOur175-Wtylf0/rs:fit/g:sm/q:90/h:349/w:349/czM6Ly9kaXNjb2dz/LWRhdGFiYXNlLWlt/YWdlcy9SLTEwMTcx/MzMtMTE4Nzg1OTMy/MC5wbmc.jpeg,https://i.discogs.com/ligPXo7v-FjAZzTqYpI3_6IFeE_cmQOur175-Wtylf0/rs:fit/g:sm/q:90/h:349/w:349/czM6Ly9kaXNjb2dz/LWRhdGFiYXNlLWlt/YWdlcy9SLTEwMTcx/MzMtMTE4Nzg1OTMy/MC5wbmc.jpeg,https://i.discogs.com/bsWGBCF4-ttyy8U2xuFZNLB724jxgnLTM2QtRp9WFe8/rs:fit/g:sm/q:40/h:150/w:150/czM6Ly9kaXNjb2dz/LWRhdGFiYXNlLWlt/YWdlcy9SLTEwMTcx/MzMtMTE4Nzg1OTMy/MC5wbmc.jpeg,349,349
1017133,secondary,https://i.discogs.com/uWselKDtnbi42vOSHi9tnQ1_FcG9C76rEEzTsk8UrBs/rs:fit/g:sm/q:90/h:349/w:349/czM6Ly9kaXNjb2dz/LWRhdGFiYXNlLWlt/YWdlcy9SLTEwMTcx/MzMtMTE4Nzg1OTMy/OC5wbmc.jpeg,https://i.discogs.com/uWselKDtnbi42vOSHi9tnQ1_FcG9C76rEEzTsk8UrBs/rs:fit/g:sm/q:90/h:349/w:349/czM6Ly9kaXNjb2dz/LWRhdGFiYXNlLWlt/YWdlcy9SLTEwMTcx/MzMtMTE4Nzg1OTMy/OC5wbmc.jpeg,https://i.discogs.com/T-uPhmCofOCzHezHu6N2B-tjhGER1RmXlDfA8s7bQEQ/rs:fit/g:sm/q:40/h:150/w:150/czM6Ly9kaXNjb2dz/LWRhdGFiYXNlLWlt/YWdlcy9SLTEwMTcx/MzMtMTE4Nzg1OTMy/OC5wbmc.jpeg,349,349
1017133,secondary,https://i.discogs.com/JHkk7QnRljCUK_f76lo_W8HndWIY42vRc0vPXf3vimU/rs:fit/g:sm/q:90/h:349/w:349/czM6Ly9kaXNjb2dz/LWRhdGFiYXNlLWlt/YWdlcy9SLTEwMTcx/MzMtMTE4Nzg1OTMz/Ny5wbmc.jpeg,https://i.discogs.com/JHkk7QnRljCUK_f76lo_W8HndWIY42vRc0vPXf3vimU/rs:fit/g:sm/q:90/h:349/w:349/czM6Ly9kaXNjb2dz/LWRhdGFiYXNlLWlt/YWdlcy9SLTEwMTcx/MzMtMTE4Nzg1OTMz/Ny5wbmc.jpeg,https://i.discogs.com/3zwK6_atO90w1HTM_uIoN7mHepMPQaGxN7iC1bYvJog/rs:fit/g:sm/q:40/h:150/w:150/czM6Ly9kaXNjb2dz/LWRhdGFiYXNlLWlt/YWdlcy9SLTEwMTcx/MzMtMTE4Nzg1OTMz/Ny5wbmc.jpeg,349,349
1017133,secondary,https://i.discogs.com/PoMgRNOuhit4OBIpm21-cH0rzlyMkzSnfDOIB4BPk8U/rs:fit/g:sm/q:90/h:349/w:349/czM6Ly9kaXNjb2dz/LWRhdGFiYXNlLWlt/YWdlcy9SLTEwMTcx/MzMtMTE4Nzg1OTM0/NS5wbmc.jpeg,https://i.discogs.com/PoMgRNOuhit4OBIpm21-cH0rzlyMkzSnfDOIB4BPk8U/rs:fit/g:sm/q:90/h:349/w:349/czM6Ly9kaXNjb2dz/LWRhdGFiYXNlLWlt/YWdlcy9SLTEwMTcx/MzMtMTE4Nzg1OTM0/NS5wbmc.jpeg,https://i.discogs.com/JJ-_BKEY9w0qtUNmwoIuxt-Nlr1EZJRlIdGUilZQPG0/rs:fit/g:sm/q:40/h:150/w:150/czM6Ly9kaXNjb2dz/LWRhdGFiYXNlLWlt/YWdlcy9SLTEwMTcx/MzMtMTE4Nzg1OTM0/NS5wbmc.jpeg,349,349
1017133,secondary,https://i.discogs.com/4bo0TrDWcx9CiwzQE6WhnhmfqgAyd5U_-DRTBlHLmPE/rs:fit/g:sm/q:90/h:349/w:349/czM6Ly9kaXNjb2dz/LWRhdGFiYXNlLWlt/YWdlcy9SLTEwMTcx/MzMtMTE4Nzg1OTM1/Ni5wbmc.jpeg,https://i.discogs.com/4bo0TrDWcx9CiwzQE6WhnhmfqgAyd5U_-DRTBlHLmPE/rs:fit/g:sm/q:90/h:349/w:349/czM6Ly9kaXNjb2dz/LWRhdGFiYXNlLWlt/YWdlcy9SLTEwMTcx/MzMtMTE4Nzg1OTM1/Ni5wbmc.jpeg,https://i.discogs.com/rYXHCmYGFZtS-FXJASD3CdELVs4l_6CuKB6wK0zBmRU/rs:fit/g:sm/q:40/h:150/w:150/czM6Ly9kaXNjb2dz/LWRhdGFiYXNlLWlt/YWdlcy9SLTEwMTcx/MzMtMTE4Nzg1OTM1/Ni5wbmc.jpeg,349,349
1017133,secondary,https://i.discogs.com/lXE2QErSG3CyraH0cEFDuRpsXO7jaFyeS26bCbuksEY/rs:fit/g:sm/q:90/h:349/w:349/czM6Ly9kaXNjb2dz/LWRhdGFiYXNlLWlt/YWdlcy9SLTEwMTcx/MzMtMTE4Nzg1OTM2/NC5wbmc.jpeg,https://i.discogs.com/lXE2QErSG3CyraH0cEFDuRpsXO7jaFyeS26bCbuksEY/rs:fit/g:sm/q:90/h:349/w:349/czM6Ly9kaXNjb2dz/LWRhdGFiYXNlLWlt/YWdlcy9SLTEwMTcx/MzMtMTE4Nzg1OTM2/NC5wbmc.jpeg,https://i.discogs.com/nlzr01KPm5H6WZcrlpWFB61S9rf_u9UwhmW-DK_OnM8/rs:fit/g:sm/q:40/h:150/w:150/czM6Ly9kaXNjb2dz/LWRhdGFiYXNlLWlt/YWdlcy9SLTEwMTcx/MzMtMTE4Nzg1OTM2/NC5wbmc.jpeg,349,349
1017133,secondary,https://i.discogs.com/-Q4X6eP1NcbhUzv1kLM2T6OnB0keY7e1uDOjT1XJZvU/rs:fit/g:sm/q:90/h:349/w:349/czM6Ly9kaXNjb2dz/LWRhdGFiYXNlLWlt/YWdlcy9SLTEwMTcx/MzMtMTE4Nzg1OTM3/Mi5wbmc.jpeg,https://i.discogs.com/-Q4X6eP1NcbhUzv1kLM2T6OnB0keY7e1uDOjT1XJZvU/rs:fit/g:sm/q:90/h:349/w:349/czM6Ly9kaXNjb2dz/LWRhdGFiYXNlLWlt/YWdlcy9SLTEwMTcx/MzMtMTE4Nzg1OTM3/Mi5wbmc.jpeg,https://i.discogs.com/-4hNkhs9X03ZP6CxSdcM2rADTn-813gZkr4vnYte72Y/rs:fit/g:sm/q:40/h:150/w:150/czM6Ly9kaXNjb2dz/LWRhdGFiYXNlLWlt/YWdlcy9SLTEwMTcx/MzMtMTE4Nzg1OTM3/Mi5wbmc.jpeg,349,349
1017133,secondary,https://i.discogs.com/zWWxX_UbRCJ-frjgYCNKwTFntjWfuxAcuQuyc_rAK8Q/rs:fit/g:sm/q:90/h:349/w:349/czM6Ly9kaXNjb2dz/LWRhdGFiYXNlLWlt/YWdlcy9SLTEwMTcx/MzMtMTE4Nzg1OTM4/MS5wbmc.jpeg,https://i.discogs.com/zWWxX_UbRCJ-frjgYCNKwTFntjWfuxAcuQuyc_rAK8Q/rs:fit/g:sm/q:90/h:349/w:349/czM6Ly9kaXNjb2dz/LWRhdGFiYXNlLWlt/YWdlcy9SLTEwMTcx/MzMtMTE4Nzg1OTM4/MS5wbmc.jpeg,https://i.discogs.com/waTHeYzUxK6yAZLdVf6YTm_rOHWXPSsu5t82a5bfxRY/rs:fit/g:sm/q:40/h:150/w:150/czM6Ly9kaXNjb2dz/LWRhdGFiYXNlLWlt/YWdlcy9SLTEwMTcx/MzMtMTE4Nzg1OTM4/MS5wbmc.jpeg,349,349
1017133,secondary,https://i.discogs.com/Wz4BcOT0daFhkn4SikAi02irgLgKTthaPlluT97kzA4/rs:fit/g:sm/q:90/h:349/w:349/czM6Ly9kaXNjb2dz/LWRhdGFiYXNlLWlt/YWdlcy9SLTEwMTcx/MzMtMTE4Nzg1OTM4/OS5wbmc.jpeg,https://i.discogs.com/Wz4BcOT0daFhkn4SikAi02irgLgKTthaPlluT97kzA4/rs:fit/g:sm/q:90/h:349/w:349/czM6Ly9kaXNjb2dz/LWRhdGFiYXNlLWlt/YWdlcy9SLTEwMTcx/MzMtMTE4Nzg1OTM4/OS5wbmc.jpeg,https://i.discogs.com/F_XMSuCHu2fb08KyUMtkTR-Mug_c02UBi_UxHqcXTHM/rs:fit/g:sm/q:40/h:150/w:150/czM6Ly9kaXNjb2dz/LWRhdGFiYXNlLWlt/YWdlcy9SLTEwMTcx/MzMtMTE4Nzg1OTM4/OS5wbmc.jpeg,349,349
1017133,secondary,https://i.discogs.com/Hh9wKxAinYy_m5UZAn8bBsHCMgMfRu77f9j-cSs-3nM/rs:fit/g:sm/q:90/h:349/w:349/czM6Ly9kaXNjb2dz/LWRhdGFiYXNlLWlt/YWdlcy9SLTEwMTcx/MzMtMTE4Nzg1OTM5/NS5wbmc.jpeg,https://i.discogs.com/Hh9wKxAinYy_m5UZAn8bBsHCMgMfRu77f9j-cSs-3nM/rs:fit/g:sm/q:90/h:349/w:349/czM6Ly9kaXNjb2dz/LWRhdGFiYXNlLWlt/YWdlcy9SLTEwMTcx/MzMtMTE4Nzg1OTM5/NS5wbmc.jpeg,https://i.discogs.com/J72Cl7ZmrBvf8unNL0GcPJtnTflAelldquw1K73o7Rs/rs:fit/g:sm/q:40/h:150/w:150/czM6Ly9kaXNjb2dz/LWRhdGFiYXNlLWlt/YWdlcy9SLTEwMTcx/MzMtMTE4Nzg1OTM5/NS5wbmc.jpeg,349,349
1017133,secondary,https://i.discogs.com/yOLHU5tphRh5UfI4eg3RFoU3yknvFrTfk7HIf9UeMkU/rs:fit/g:sm/q:90/h:349/w:349/czM6Ly9kaXNjb2dz/LWRhdGFiYXNlLWlt/YWdlcy9SLTEwMTcx/MzMtMTE4Nzg1OTQw/MC5wbmc.jpeg,https://i.discogs.com/yOLHU5tphRh5UfI4eg3RFoU3yknvFrTfk7HIf9UeMkU/rs:fit/g:sm/q:90/h:349/w:349/czM6Ly9kaXNjb2dz/LWRhdGFiYXNlLWlt/YWdlcy9SLTEwMTcx/MzMtMTE4Nzg1OTQw/MC5wbmc.jpeg,https://i.discogs.com/eXrm_5tBQXPuMjR0isry8JH9mOeJZTiCDgUpkN9d5Zc/rs:fit/g:sm/q:40/h:150/w:150/czM6Ly9kaXNjb2dz/LWRhdGFiYXNlLWlt/YWdlcy9SLTEwMTcx/MzMtMTE4Nzg1OTQw/MC5wbmc.jpeg,349,349
1017133,secondary,https://i.discogs.com/bVTVzD5ty9BomgsUmqrOr3wTdoDz05BjPJUYBLlKgn8/rs:fit/g:sm/q:90/h:349/w:349/czM6Ly9kaXNjb2dz/LWRhdGFiYXNlLWlt/YWdlcy9SLTEwMTcx/MzMtMTE4Nzg1OTQw/Ni5wbmc.jpeg,https://i.discogs.com/bVTVzD5ty9BomgsUmqrOr3wTdoDz05BjPJUYBLlKgn8/rs:fit/g:sm/q:90/h:349/w:349/czM6Ly9kaXNjb2dz/LWRhdGFiYXNlLWlt/YWdlcy9SLTEwMTcx/MzMtMTE4Nzg1OTQw/Ni5wbmc.jpeg,https://i.discogs.com/OBhK04ZDYyRueQX2BnC83Mxk2OQV4PbAeeZ8Ioq7jiU/rs:fit/g:sm/q:40/h:150/w:150/czM6Ly9kaXNjb2dz/LWRhdGFiYXNlLWlt/YWdlcy9SLTEwMTcx/MzMtMTE4Nzg1OTQw/Ni5wbmc.jpeg,349,349
1017133,secondary,https://i.discogs.com/DZyjouFo0hu37t6EWopjoxYG33UTP8KzC4v8zNBvNoE/rs:fit/g:sm/q:90/h:349/w:349/czM6Ly9kaXNjb2dz/LWRhdGFiYXNlLWlt/YWdlcy9SLTEwMTcx/MzMtMTE4Nzg1OTQx/Mi5wbmc.jpeg,https://i.discogs.com/DZyjouFo0hu37t6EWopjoxYG33UTP8KzC4v8zNBvNoE/rs:fit/g:sm/q:90/h:349/w:349/czM6Ly9kaXNjb2dz/LWRhdGFiYXNlLWlt/YWdlcy9SLTEwMTcx/MzMtMTE4Nzg1OTQx/Mi5wbmc.jpeg,https://i.discogs.com/t2aUaCpV6Txw7Akv87G1V2CmBHD0k-C4vXHNFCfLTG8/rs:fit/g:sm/q:40/h:150/w:150/czM6Ly9kaXNjb2dz/LWRhdGFiYXNlLWlt/YWdlcy9SLTEwMTcx/MzMtMTE4Nzg1OTQx/Mi5wbmc.jpeg,349,349
1017133,secondary,https://i.discogs.com/YM-QD37NtK5_QDHSnpW6H5LFTj6y0FFFYmz3TKKEgW4/rs:fit/g:sm/q:90/h:349/w:349/czM6Ly9kaXNjb2dz/LWRhdGFiYXNlLWlt/YWdlcy9SLTEwMTcx/MzMtMTE4Nzg1OTQy/MC5wbmc.jpeg,https://i.discogs.com/YM-QD37NtK5_QDHSnpW6H5LFTj6y0FFFYmz3TKKEgW4/rs:fit/g:sm/q:90/h:349/w:349/czM6Ly9kaXNjb2dz/LWRhdGFiYXNlLWlt/YWdlcy9SLTEwMTcx/MzMtMTE4Nzg1OTQy/MC5wbmc.jpeg,https://i.discogs.com/vN6pyDBW-239Sd1zVeCVjyeYlk8sXw3bWo47_SFn0GM/rs:fit/g:sm/q:40/h:150/w:150/czM6Ly9kaXNjb2dz/LWRhdGFiYXNlLWlt/YWdlcy9SLTEwMTcx/MzMtMTE4Nzg1OTQy/MC5wbmc.jpeg,349,349
1017133,secondary,https://i.discogs.com/se1TFryKV-siAugQ6Pob0Acw-g3Y1peohVve85JfPng/rs:fit/g:sm/q:90/h:349/w:349/czM6Ly9kaXNjb2dz/LWRhdGFiYXNlLWlt/YWdlcy9SLTEwMTcx/MzMtMTE4Nzg1OTQy/Ni5wbmc.jpeg,https://i.discogs.com/se1TFryKV-siAugQ6Pob0Acw-g3Y1peohVve85JfPng/rs:fit/g:sm/q:90/h:349/w:349/czM6Ly9kaXNjb2dz/LWRhdGFiYXNlLWlt/YWdlcy9SLTEwMTcx/MzMtMTE4Nzg1OTQy/Ni5wbmc.jpeg,https://i.discogs.com/BVmcx93hf_glMDI6s_gyVYVuFOuDe56_yUHItZae13o/rs:fit/g:sm/q:40/h:150/w:150/czM6Ly9kaXNjb2dz/LWRhdGFiYXNlLWlt/YWdlcy9SLTEwMTcx/MzMtMTE4Nzg1OTQy/Ni5wbmc.jpeg,349,349
1017133,secondary,https://i.discogs.com/KO775icWgzKMl6O7DXOKE74M-OOXmyuJE_BCWZE-4MQ/rs:fit/g:sm/q:90/h:349/w:349/czM6Ly9kaXNjb2dz/LWRhdGFiYXNlLWlt/YWdlcy9SLTEwMTcx/MzMtMTE4Nzg1OTQz/MC5wbmc.jpeg,https://i.discogs.com/KO775icWgzKMl6O7DXOKE74M-OOXmyuJE_BCWZE-4MQ/rs:fit/g:sm/q:90/h:349/w:349/czM6Ly9kaXNjb2dz/LWRhdGFiYXNlLWlt/YWdlcy9SLTEwMTcx/MzMtMTE4Nzg1OTQz/MC5wbmc.jpeg,https://i.discogs.com/LfMxblbQpJfj6guIodQODqvaIpa2onA6S0_Pul115kY/rs:fit/g:sm/q:40/h:150/w:150/czM6Ly9kaXNjb2dz/LWRhdGFiYXNlLWlt/YWdlcy9SLTEwMTcx/MzMtMTE4Nzg1OTQz/MC5wbmc.jpeg,349,349
1017133,secondary,https://i.discogs.com/kVy_4m3IS_tmr_x_8EvpMeVquHpUlebnFNQP1JondKQ/rs:fit/g:sm/q:90/h:349/w:349/czM6Ly9kaXNjb2dz/LWRhdGFiYXNlLWlt/YWdlcy9SLTEwMTcx/MzMtMTE4Nzg1OTQz/Ni5wbmc.jpeg,https://i.discogs.com/kVy_4m3IS_tmr_x_8EvpMeVquHpUlebnFNQP1JondKQ/rs:fit/g:sm/q:90/h:349/w:349/czM6Ly9kaXNjb2dz/LWRhdGFiYXNlLWlt/YWdlcy9SLTEwMTcx/MzMtMTE4Nzg1OTQz/Ni5wbmc.jpeg,https://i.discogs.com/h5Rf4rt5ykjD55yWhBxm_YEtBCa0sfxyGvWzdq9Rb8M/rs:fit/g:sm/q:40/h:150/w:150/czM6Ly9kaXNjb2dz/LWRhdGFiYXNlLWlt/YWdlcy9SLTEwMTcx/MzMtMTE4Nzg1OTQz/Ni5wbmc.jpeg,349,349
1017133,secondary,https://i.discogs.com/0gkIWd1l8kX5lX5b324P0ex83uL0Liw_dX8dRNUQiwE/rs:fit/g:sm/q:90/h:349/w:349/czM6Ly9kaXNjb2dz/LWRhdGFiYXNlLWlt/YWdlcy9SLTEwMTcx/MzMtMTE4Nzg1OTQ0/Mi5wbmc.jpeg,https://i.discogs.com/0gkIWd1l8kX5lX5b324P0ex83uL0Liw_dX8dRNUQiwE/rs:fit/g:sm/q:90/h:349/w:349/czM6Ly9kaXNjb2dz/LWRhdGFiYXNlLWlt/YWdlcy9SLTEwMTcx/MzMtMTE4Nzg1OTQ0/Mi5wbmc.jpeg,https://i.discogs.com/i0I65-etEhsSXXQ1jWTDY4nDNSCLlBBRgfwfOMRbpi4/rs:fit/g:sm/q:40/h:150/w:150/czM6Ly9kaXNjb2dz/LWRhdGFiYXNlLWlt/YWdlcy9SLTEwMTcx/MzMtMTE4Nzg1OTQ0/Mi5wbmc.jpeg,349,349
1017133,secondary,https://i.discogs.com/ZOObW3RP3PVrSfVeJJzKLBxUcKEWWVn-kGy8QM21_u4/rs:fit/g:sm/q:90/h:309/w:600/czM6Ly9kaXNjb2dz/LWRhdGFiYXNlLWlt/YWdlcy9SLTEwMTcx/MzMtMTQzMTE4NTI1/Mi01MTg5LmpwZWc.jpeg,https://i.discogs.com/ZOObW3RP3PVrSfVeJJzKLBxUcKEWWVn-kGy8QM21_u4/rs:fit/g:sm/q:90/h:309/w:600/czM6Ly9kaXNjb2dz/LWRhdGFiYXNlLWlt/YWdlcy9SLTEwMTcx/MzMtMTQzMTE4NTI1/Mi01MTg5LmpwZWc.jpeg,https://i.discogs.com/4sgPYutK-jBtyXcQ1YltM6QhPCI8CVviaHXdcSHL-gg/rs:fit/g:sm/q:40/h:150/w:150/czM6Ly9kaXNjb2dz/LWRhdGFiYXNlLWlt/YWdlcy9SLTEwMTcx/MzMtMTQzMTE4NTI1/Mi01MTg5LmpwZWc.jpeg,600,309
1019169,secondary,https://i.discogs.com/2V2khL-vxugiLfHTXR0Dh_SZKYCV9jEcVougrrRAlfc/rs:fit/g:sm/q:90/h:600/w:600/czM6Ly9kaXNjb2dz/LWRhdGFiYXNlLWlt/YWdlcy9SLTEwMTkx/NjktMTE5NDE0Mjc1/Ni5qcGVn.jpeg,https://i.discogs.com/2V2khL-vxugiLfHTXR0Dh_SZKYCV9jEcVougrrRAlfc/rs:fit/g:sm/q:90/h:600/w:600/czM6Ly9kaXNjb2dz/LWRhdGFiYXNlLWlt/YWdlcy9SLTEwMTkx/NjktMTE5NDE0Mjc1/Ni5qcGVn.jpeg,https://i.discogs.com/NCxUEmFIm2OSsOhwUz2Qj6a-7xEMUlAeLXpKSN-8Oyk/rs:fit/g:sm/q:40/h:150/w:150/czM6Ly9kaXNjb2dz/LWRhdGFiYXNlLWlt/YWdlcy9SLTEwMTkx/NjktMTE5NDE0Mjc1/Ni5qcGVn.jpeg,600,600
1019169,secondary,https://i.discogs.com/fXmhQqG6BmOQX4wfN-NoY_rkmaKbcIGY5HlhVaEYKxc/rs:fit/g:sm/q:90/h:600/w:600/czM6Ly9kaXNjb2dz/LWRhdGFiYXNlLWlt/YWdlcy9SLTEwMTkx/NjktMTE5NDE0Mjk4/MS5qcGVn.jpeg,https://i.discogs.com/fXmhQqG6BmOQX4wfN-NoY_rkmaKbcIGY5HlhVaEYKxc/rs:fit/g:sm/q:90/h:600/w:600/czM6Ly9kaXNjb2dz/LWRhdGFiYXNlLWlt/YWdlcy9SLTEwMTkx/NjktMTE5NDE0Mjk4/MS5qcGVn.jpeg,https://i.discogs.com/r1xcGNGHA_vQUtMjg3VPw6JM8kLkIe6B4lg9_MoyyY0/rs:fit/g:sm/q:40/h:150/w:150/czM6Ly9kaXNjb2dz/LWRhdGFiYXNlLWlt/YWdlcy9SLTEwMTkx/NjktMTE5NDE0Mjk4/MS5qcGVn.jpeg,600,600
10212447,secondary,https://i.discogs.com/OemhPaajwDwOL5XHQZyqEbc_cIP4F2vPiMoNdnvVt2s/rs:fit/g:sm/q:90/h:600/w:597/czM6Ly9kaXNjb2dz/LWRhdGFiYXNlLWlt/YWdlcy9SLTEwMjEy/NDQ3LTE0OTM0ODQ2/NTgtNDE5Ny5wbmc.jpeg,https://i.discogs.com/OemhPaajwDwOL5XHQZyqEbc_cIP4F2vPiMoNdnvVt2s/rs:fit/g:sm/q:90/h:600/w:597/czM6Ly9kaXNjb2dz/LWRhdGFiYXNlLWlt/YWdlcy9SLTEwMjEy/NDQ3LTE0OTM0ODQ2/NTgtNDE5Ny5wbmc.jpeg,https://i.discogs.com/Wdwl9WLYiKt1Hg26WfE8h2AaMW-lki3pilIVYTY5-X0/rs:fit/g:sm/q:40/h:150/w:150/czM6Ly9kaXNjb2dz/LWRhdGFiYXNlLWlt/YWdlcy9SLTEwMjEy/NDQ3LTE0OTM0ODQ2/NTgtNDE5Ny5wbmc.jpeg,597,600
1021298,primary,https://i.discogs.com/yhBkrOKOjyDIsdEOysMva4d1YLsx4XJHd27EroWRNm4/rs:fit/g:sm/q:90/h:400/w:400/czM6Ly9kaXNjb2dz/LWRhdGFiYXNlLWlt/YWdlcy9SLTEwMjEy/OTgtMTI1NjQxNjM1/OC5qcGVn.jpeg,https://i.discogs.com/yhBkrOKOjyDIsdEOysMva4d1YLsx4XJHd27EroWRNm4/rs:fit/g:sm/q:90/h:400/w:400/czM6Ly9kaXNjb2dz/LWRhdGFiYXNlLWlt/YWdlcy9SLTEwMjEy/OTgtMTI1NjQxNjM1/OC5qcGVn.jpeg,https://i.discogs.com/o3QHCzqSqAJ1rwbct3S9bLkFVO0r-B56PQFOiW0H2Dg/rs:fit/g:sm/q:40/h:150/w:150/czM6Ly9kaXNjb2dz/LWRhdGFiYXNlLWlt/YWdlcy9SLTEwMjEy/OTgtMTI1NjQxNjM1/OC5qcGVn.jpeg,400,400
1021298,secondary,https://i.discogs.com/ahopMyo7sd7njxvrYe0eooT2thMCual7tMXuuWKC85M/rs:fit/g:sm/q:90/h:595/w:600/czM6Ly9kaXNjb2dz/LWRhdGFiYXNlLWlt/YWdlcy9SLTEwMjEy/OTgtMTYyMjYyODcx/OS0zNzE1LmpwZWc.jpeg,https://i.discogs.com/ahopMyo7sd7njxvrYe0eooT2thMCual7tMXuuWKC85M/rs:fit/g:sm/q:90/h:595/w:600/czM6Ly9kaXNjb2dz/LWRhdGFiYXNlLWlt/YWdlcy9SLTEwMjEy/OTgtMTYyMjYyODcx/OS0zNzE1LmpwZWc.jpeg,https://i.discogs.com/QF_86vRbrBJu_IFXdtlqrBqvHHn1MCvBBsKJkLs-U-M/rs:fit/g:sm/q:40/h:150/w:150/czM6Ly9kaXNjb2dz/LWRhdGFiYXNlLWlt/YWdlcy9SLTEwMjEy/OTgtMTYyMjYyODcx/OS0zNzE1LmpwZWc.jpeg,600,595
1021298,secondary,https://i.discogs.com/cMNZ6FKNgi_hMUY_1dtWeyKeMTLFFR7VKv8zeMxEsOU/rs:fit/g:sm/q:90/h:595/w:600/czM6Ly9kaXNjb2dz/LWRhdGFiYXNlLWlt/YWdlcy9SLTEwMjEy/OTgtMTYyMjYyODcx/OS05NjAyLmpwZWc.jpeg,https://i.discogs.com/cMNZ6FKNgi_hMUY_1dtWeyKeMTLFFR7VKv8zeMxEsOU/rs:fit/g:sm/q:90/h:595/w:600/czM6Ly9kaXNjb2dz/LWRhdGFiYXNlLWlt/YWdlcy9SLTEwMjEy/OTgtMTYyMjYyODcx/OS05NjAyLmpwZWc.jpeg,https://i.discogs.com/57uy82ycEkj0BHsGSCxuw6xKWCVsLhW6MhGf9g3E6Wk/rs:fit/g:sm/q:40/h:150/w:150/czM6Ly9kaXNjb2dz/LWRhdGFiYXNlLWlt/YWdlcy9SLTEwMjEy/OTgtMTYyMjYyODcx/OS05NjAyLmpwZWc.jpeg,600,595
10217861,primary,https://i.discogs.com/ksXhRSgkm4bO9xnI5IiwsEZ6v4kYMgdsqwozxkgPCdM/rs:fit/g:sm/q:90/h:586/w:600/czM6Ly9kaXNjb2dz/LWRhdGFiYXNlLWlt/YWdlcy9SLTEwMjE3/ODYxLTE0OTM1NzUz/MzctODE1MC5qcGVn.jpeg,https://i.discogs.com/ksXhRSgkm4bO9xnI5IiwsEZ6v4kYMgdsqwozxkgPCdM/rs:fit/g:sm/q:90/h:586/w:600/czM6Ly9kaXNjb2dz/LWRhdGFiYXNlLWlt/YWdlcy9SLTEwMjE3/ODYxLTE0OTM1NzUz/MzctODE1MC5qcGVn.jpeg,https://i.discogs.com/-hoGQ75uNMSiuqPIbXd7ZCf0-w9gErKQrX8bQWwhyVc/rs:fit/g:sm/q:40/h:150/w:150/czM6Ly9kaXNjb2dz/LWRhdGFiYXNlLWlt/YWdlcy9SLTEwMjE3/ODYxLTE0OTM1NzUz/MzctODE1MC5qcGVn.jpeg,600,586
10217861,secondary,https://i.discogs.com/bmwPdJ_uQ7mCxDIfmP5M_CwwsnFMU4-c7WPJ6V4ut_k/rs:fit/g:sm/q:90/h:589/w:600/czM6Ly9kaXNjb2dz/LWRhdGFiYXNlLWlt/YWdlcy9SLTEwMjE3/ODYxLTE0OTM1NzUz/NDctMTk4NS5qcGVn.jpeg,https://i.discogs.com/bmwPdJ_uQ7mCxDIfmP5M_CwwsnFMU4-c7WPJ6V4ut_k/rs:fit/g:sm/q:90/h:589/w:600/czM6Ly9kaXNjb2dz/LWRhdGFiYXNlLWlt/YWdlcy9SLTEwMjE3/ODYxLTE0OTM1NzUz/NDctMTk4NS5qcGVn.jpeg,https://i.discogs.com/PTM74wVxLRPHvNbzr-wLvDwE8bGZNLaEKW45pbAQaSo/rs:fit/g:sm/q:40/h:150/w:150/czM6Ly9kaXNjb2dz/LWRhdGFiYXNlLWlt/YWdlcy9SLTEwMjE3/ODYxLTE0OTM1NzUz/NDctMTk4NS5qcGVn.jpeg,600,589
10217861,secondary,https://i.discogs.com/XgW9ZI9nIw4KBOi9L21_6fUE6V4e-liXO51S_hVH3XE/rs:fit/g:sm/q:90/h:280/w:600/czM6Ly9kaXNjb2dz/LWRhdGFiYXNlLWlt/YWdlcy9SLTEwMjE3/ODYxLTE0OTM1NzUz/NTYtNjgwNi5qcGVn.jpeg,https://i.discogs.com/XgW9ZI9nIw4KBOi9L21_6fUE6V4e-liXO51S_hVH3XE/rs:fit/g:sm/q:90/h:280/w:600/czM6Ly9kaXNjb2dz/LWRhdGFiYXNlLWlt/YWdlcy9SLTEwMjE3/ODYxLTE0OTM1NzUz/NTYtNjgwNi5qcGVn.jpeg,https://i.discogs.com/jxd7aWpXt9qAzr_caveGHlFImfNjAaHuTNqnPlgToKU/rs:fit/g:sm/q:40/h:150/w:150/czM6Ly9kaXNjb2dz/LWRhdGFiYXNlLWlt/YWdlcy9SLTEwMjE3/ODYxLTE0OTM1NzUz/NTYtNjgwNi5qcGVn.jpeg,600,280
102185,primary,https://i.discogs.com/3ESDWJ_io_4uemx5h4g89_rn3EMGtpfJYV3nkEDO3Ng/rs:fit/g:sm/q:90/h:537/w:600/czM6Ly9kaXNjb2dz/LWRhdGFiYXNlLWlt/YWdlcy9SLTEwMjE4/NS0xNDczNzU5MTc5/LTg3NzguanBlZw.jpeg,https://i.discogs.com/3ESDWJ_io_4uemx5h4g89_rn3EMGtpfJYV3nkEDO3Ng/rs:fit/g:sm/q:90/h:537/w:600/czM6Ly9kaXNjb2dz/LWRhdGFiYXNlLWlt/YWdlcy9SLTEwMjE4/NS0xNDczNzU5MTc5/LTg3NzguanBlZw.jpeg,https://i.discogs.com/h5oHa4cvxsMklOJJ-L8kVSgTT3qoBXa7VIphD40fSSs/rs:fit/g:sm/q:40/h:150/w:150/czM6Ly9kaXNjb2dz/LWRhdGFiYXNlLWlt/YWdlcy9SLTEwMjE4/NS0xNDczNzU5MTc5/LTg3NzguanBlZw.jpeg,600,537
102185,secondary,https://i.discogs.com/D_8bX4jneidtIljZFf9_tlA5D8AQkKksRTdivNboApA/rs:fit/g:sm/q:90/h:494/w:600/czM6Ly9kaXNjb2dz/LWRhdGFiYXNlLWlt/YWdlcy9SLTEwMjE4/NS0xNDczNzU5MTgy/LTUxNzcuanBlZw.jpeg,https://i.discogs.com/D_8bX4jneidtIljZFf9_tlA5D8AQkKksRTdivNboApA/rs:fit/g:sm/q:90/h:494/w:600/czM6Ly9kaXNjb2dz/LWRhdGFiYXNlLWlt/YWdlcy9SLTEwMjE4/NS0xNDczNzU5MTgy/LTUxNzcuanBlZw.jpeg,https://i.discogs.com/ieQJpIw1mLr5DfqVm03cNJk4jXUzwyQuyGsZ9MEHgBs/rs:fit/g:sm/q:40/h:150/w:150/czM6Ly9kaXNjb2dz/LWRhdGFiYXNlLWlt/YWdlcy9SLTEwMjE4/NS0xNDczNzU5MTgy/LTUxNzcuanBlZw.jpeg,600,494
102185,secondary,https://i.discogs.com/mOctcGStqrtNOtmdFk0PiMF2KhHXOc3XBVbdN5UTyyk/rs:fit/g:sm/q:90/h:527/w:583/czM6Ly9kaXNjb2dz/LWRhdGFiYXNlLWlt/YWdlcy9SLTEwMjE4/NS0xMTY5NzQ2NjI3/LmpwZWc.jpeg,https://i.discogs.com/mOctcGStqrtNOtmdFk0PiMF2KhHXOc3XBVbdN5UTyyk/rs:fit/g:sm/q:90/h:527/w:583/czM6Ly9kaXNjb2dz/LWRhdGFiYXNlLWlt/YWdlcy9SLTEwMjE4/NS0xMTY5NzQ2NjI3/LmpwZWc.jpeg,https://i.discogs.com/xTjr2s1dM8KJoAEaAX_UFxfM_fhOKS3pXkd6BdCHvHc/rs:fit/g:sm/q:40/h:150/w:150/czM6Ly9kaXNjb2dz/LWRhdGFiYXNlLWlt/YWdlcy9SLTEwMjE4/NS0xMTY5NzQ2NjI3/LmpwZWc.jpeg,583,527
102185,secondary,https://i.discogs.com/fY8F53CYi2kyrkKzeceVFFKxTwMdRW215urAHlcs5p8/rs:fit/g:sm/q:90/h:531/w:591/czM6Ly9kaXNjb2dz/LWRhdGFiYXNlLWlt/YWdlcy9SLTEwMjE4/NS0xMTY5NzYyNDI5/LmpwZWc.jpeg,https://i.discogs.com/fY8F53CYi2kyrkKzeceVFFKxTwMdRW215urAHlcs5p8/rs:fit/g:sm/q:90/h:531/w:591/czM6Ly9kaXNjb2dz/LWRhdGFiYXNlLWlt/YWdlcy9SLTEwMjE4/NS0xMTY5NzYyNDI5/LmpwZWc.jpeg,https://i.discogs.com/HUJk5BGjVjk9ncYLPTil6fVdguYhcGBAv21esIpcD0Y/rs:fit/g:sm/q:40/h:150/w:150/czM6Ly9kaXNjb2dz/LWRhdGFiYXNlLWlt/YWdlcy9SLTEwMjE4/NS0xMTY5NzYyNDI5/LmpwZWc.jpeg,591,531
102185,secondary,https://i.discogs.com/Bzh5xY97TQOQ9y12QA85uRRBomX3e42IYYB4lEfcaZc/rs:fit/g:sm/q:90/h:528/w:582/czM6Ly9kaXNjb2dz/LWRhdGFiYXNlLWlt/YWdlcy9SLTEwMjE4/NS0xMTY5ODEwODUy/LmpwZWc.jpeg,https://i.discogs.com/Bzh5xY97TQOQ9y12QA85uRRBomX3e42IYYB4lEfcaZc/rs:fit/g:sm/q:90/h:528/w:582/czM6Ly9kaXNjb2dz/LWRhdGFiYXNlLWlt/YWdlcy9SLTEwMjE4/NS0xMTY5ODEwODUy/LmpwZWc.jpeg,https://i.discogs.com/rHQAmo78tiIpurrkV3heWLFvfXztRrJhE3EoWEMltIg/rs:fit/g:sm/q:40/h:150/w:150/czM6Ly9kaXNjb2dz/LWRhdGFiYXNlLWlt/YWdlcy9SLTEwMjE4/NS0xMTY5ODEwODUy/LmpwZWc.jpeg,582,528
102185,secondary,https://i.discogs.com/BSBhnmbOyAEeaKI0wZKA67BCcAQhugJJra9YZWMlBLU/rs:fit/g:sm/q:90/h:530/w:580/czM6Ly9kaXNjb2dz/LWRhdGFiYXNlLWlt/YWdlcy9SLTEwMjE4/NS0xMTY5ODQ3NjM3/LmpwZWc.jpeg,https://i.discogs.com/BSBhnmbOyAEeaKI0wZKA67BCcAQhugJJra9YZWMlBLU/rs:fit/g:sm/q:90/h:530/w:580/czM6Ly9kaXNjb2dz/LWRhdGFiYXNlLWlt/YWdlcy9SLTEwMjE4/NS0xMTY5ODQ3NjM3/LmpwZWc.jpeg,https://i.discogs.com/_hhURbpcuImXzfz3t1lu8yFgdryVogOOmMBdo7rpJHw/rs:fit/g:sm/q:40/h:150/w:150/czM6Ly9kaXNjb2dz/LWRhdGFiYXNlLWlt/YWdlcy9SLTEwMjE4/NS0xMTY5ODQ3NjM3/LmpwZWc.jpeg,580,530
102185,secondary,https://i.discogs.com/hgkwbOmAy48oaiJa6k5Wn3PANU8eiNDO0JBEalK-zGg/rs:fit/g:sm/q:90/h:597/w:596/czM6Ly9kaXNjb2dz/LWRhdGFiYXNlLWlt/YWdlcy9SLTEwMjE4/NS0xMTY5OTMzOTY2/LmpwZWc.jpeg,https://i.discogs.com/hgkwbOmAy48oaiJa6k5Wn3PANU8eiNDO0JBEalK-zGg/rs:fit/g:sm/q:90/h:597/w:596/czM6Ly9kaXNjb2dz/LWRhdGFiYXNlLWlt/YWdlcy9SLTEwMjE4/NS0xMTY5OTMzOTY2/LmpwZWc.jpeg,https://i.discogs.com/f7wrgiDZe05xXiqiD9VyJqlGNfZxtu_T34LQRwktX94/rs:fit/g:sm/q:40/h:150/w:150/czM6Ly9kaXNjb2dz/LWRhdGFiYXNlLWlt/YWdlcy9SLTEwMjE4/NS0xMTY5OTMzOTY2/LmpwZWc.jpeg,596,597
102185,secondary,https://i.discogs.com/ZWbj7FYLhsEMh1nNJ1yB-MCMdFgXaZ35ONSqfFi3Wo8/rs:fit/g:sm/q:90/h:597/w:596/czM6Ly9kaXNjb2dz/LWRhdGFiYXNlLWlt/YWdlcy9SLTEwMjE4/NS0xMTY5ODk3NzQy/LmpwZWc.jpeg,https://i.discogs.com/ZWbj7FYLhsEMh1nNJ1yB-MCMdFgXaZ35ONSqfFi3Wo8/rs:fit/g:sm/q:90/h:597/w:596/czM6Ly9kaXNjb2dz/LWRhdGFiYXNlLWlt/YWdlcy9SLTEwMjE4/NS0xMTY5ODk3NzQy/LmpwZWc.jpeg,https://i.discogs.com/SCSyr2GUuDJaxYvRjWYirN_icWQ3e5zKpuZ3Fl9mgv4/rs:fit/g:sm/q:40/h:150/w:150/czM6Ly9kaXNjb2dz/LWRhdGFiYXNlLWlt/YWdlcy9SLTEwMjE4/NS0xMTY5ODk3NzQy/LmpwZWc.jpeg,596,597
102252,primary,https://i.discogs.com/2Uf_xt556iKiXVzOt3f6WOLVVnUgq_l1O-tGf4g7xHw/rs:fit/g:sm/q:90/h:595/w:600/czM6Ly9kaXNjb2dz/LWRhdGFiYXNlLWlt/YWdlcy9SLTEwMjI1/Mi0xMjAyNjUyMzMx/LmpwZWc.jpeg,https://i.discogs.com/2Uf_xt556iKiXVzOt3f6WOLVVnUgq_l1O-tGf4g7xHw/rs:fit/g:sm/q:90/h:595/w:600/czM6Ly9kaXNjb2dz/LWRhdGFiYXNlLWlt/YWdlcy9SLTEwMjI1/Mi0xMjAyNjUyMzMx/LmpwZWc.jpeg,https://i.discogs.com/rznh9_dYWFE0QQrld3ivGpPi3fUDwUDODOAmgo1JkeA/rs:fit/g:sm/q:40/h:150/w:150/czM6Ly9kaXNjb2dz/LWRhdGFiYXNlLWlt/YWdlcy9SLTEwMjI1/Mi0xMjAyNjUyMzMx/LmpwZWc.jpeg,600,595
102252,secondary,https://i.discogs.com/miVmXxalpn841En3ENDdSEnM0sNGB5AWQHg0c_ZloRo/rs:fit/g:sm/q:90/h:463/w:600/czM6Ly9kaXNjb2dz/LWRhdGFiYXNlLWlt/YWdlcy9SLTEwMjI1/Mi0xMjAyNjUyNDIw/LmpwZWc.jpeg,https://i.discogs.com/miVmXxalpn841En3ENDdSEnM0sNGB5AWQHg0c_ZloRo/rs:fit/g:sm/q:90/h:463/w:600/czM6Ly9kaXNjb2dz/LWRhdGFiYXNlLWlt/YWdlcy9SLTEwMjI1/Mi0xMjAyNjUyNDIw/LmpwZWc.jpeg,https://i.discogs.com/uS2Yi6vjauHfGaDhH-A0STzvOyUUB_kkchM1YmTHZac/rs:fit/g:sm/q:40/h:150/w:150/czM6Ly9kaXNjb2dz/LWRhdGFiYXNlLWlt/YWdlcy9SLTEwMjI1/Mi0xMjAyNjUyNDIw/LmpwZWc.jpeg,600,463
102252,secondary,https://i.discogs.com/YXjlE0zaBtV_TmjgDqS2TBmZ8-mYvUVPvyNvvqDvuwo/rs:fit/g:sm/q:90/h:591/w:600/czM6Ly9kaXNjb2dz/LWRhdGFiYXNlLWlt/YWdlcy9SLTEwMjI1/Mi0xMjAyNjUyNDQ4/LmpwZWc.jpeg,https://i.discogs.com/YXjlE0zaBtV_TmjgDqS2TBmZ8-mYvUVPvyNvvqDvuwo/rs:fit/g:sm/q:90/h:591/w:600/czM6Ly9kaXNjb2dz/LWRhdGFiYXNlLWlt/YWdlcy9SLTEwMjI1/Mi0xMjAyNjUyNDQ4/LmpwZWc.jpeg,https://i.discogs.com/Of8gdkwHSX0Zbl3fk1sKY44YUhA_BoMsWo3tr3dGZFQ/rs:fit/g:sm/q:40/h:150/w:150/czM6Ly9kaXNjb2dz/LWRhdGFiYXNlLWlt/YWdlcy9SLTEwMjI1/Mi0xMjAyNjUyNDQ4/LmpwZWc.jpeg,600,591
102252,secondary,https://i.discogs.com/VjDDVt0EsqWqnH15JYt7LFvznNVcGQiCJLaFjle_O9I/rs:fit/g:sm/q:90/h:591/w:600/czM6Ly9kaXNjb2dz/LWRhdGFiYXNlLWlt/YWdlcy9SLTEwMjI1/Mi0xMjAyNjUyNDY1/LmpwZWc.jpeg,https://i.discogs.com/VjDDVt0EsqWqnH15JYt7LFvznNVcGQiCJLaFjle_O9I/rs:fit/g:sm/q:90/h:591/w:600/czM6Ly9kaXNjb2dz/LWRhdGFiYXNlLWlt/YWdlcy9SLTEwMjI1/Mi0xMjAyNjUyNDY1/LmpwZWc.jpeg,https://i.discogs.com/5iO9a3ZslqBfwX7H5cH5U0dBJcbieZJg4LMQJUVp-SQ/rs:fit/g:sm/q:40/h:150/w:150/czM6Ly9kaXNjb2dz/LWRhdGFiYXNlLWlt/YWdlcy9SLTEwMjI1/Mi0xMjAyNjUyNDY1/LmpwZWc.jpeg,600,591
102252,secondary,https://i.discogs.com/qpv28CRlDW7-t49GrVgSYR9UEUeBbHBQ8XrBIUrju-Y/rs:fit/g:sm/q:90/h:591/w:600/czM6Ly9kaXNjb2dz/LWRhdGFiYXNlLWlt/YWdlcy9SLTEwMjI1/Mi0xMjAyNjUyMzU0/LmpwZWc.jpeg,https://i.discogs.com/qpv28CRlDW7-t49GrVgSYR9UEUeBbHBQ8XrBIUrju-Y/rs:fit/g:sm/q:90/h:591/w:600/czM6Ly9kaXNjb2dz/LWRhdGFiYXNlLWlt/YWdlcy9SLTEwMjI1/Mi0xMjAyNjUyMzU0/LmpwZWc.jpeg,https://i.discogs.com/0NvU4-N_kNjNxMQbZL7CRpXjv0oOaS_UaYSyd5eWKWc/rs:fit/g:sm/q:40/h:150/w:150/czM6Ly9kaXNjb2dz/LWRhdGFiYXNlLWlt/YWdlcy9SLTEwMjI1/Mi0xMjAyNjUyMzU0/LmpwZWc.jpeg,600,591
102252,secondary,https://i.discogs.com/4dN-Q4qIDre785m-x1GOTToKhtHiQQ7F_8IpRHgTwUc/rs:fit/g:sm/q:90/h:592/w:600/czM6Ly9kaXNjb2dz/LWRhdGFiYXNlLWlt/YWdlcy9SLTEwMjI1/Mi0xMjAyNjUyMzY5/LmpwZWc.jpeg,https://i.discogs.com/4dN-Q4qIDre785m-x1GOTToKhtHiQQ7F_8IpRHgTwUc/rs:fit/g:sm/q:90/h:592/w:600/czM6Ly9kaXNjb2dz/LWRhdGFiYXNlLWlt/YWdlcy9SLTEwMjI1/Mi0xMjAyNjUyMzY5/LmpwZWc.jpeg,https://i.discogs.com/RF1A1ryHGUIAQ9gk2vJqYof1OrrBljQTwitQy4_E8x4/rs:fit/g:sm/q:40/h:150/w:150/czM6Ly9kaXNjb2dz/LWRhdGFiYXNlLWlt/YWdlcy9SLTEwMjI1/Mi0xMjAyNjUyMzY5/LmpwZWc.jpeg,600,592
102252,secondary,https://i.discogs.com/stcK_E3EJXMFoyUFG1KhZuOlhKqUbtPf_eTScCSDTbc/rs:fit/g:sm/q:90/h:600/w:596/czM6Ly9kaXNjb2dz/LWRhdGFiYXNlLWlt/YWdlcy9SLTEwMjI1/Mi0xMjAyNjUyMzg0/LmpwZWc.jpeg,https://i.discogs.com/stcK_E3EJXMFoyUFG1KhZuOlhKqUbtPf_eTScCSDTbc/rs:fit/g:sm/q:90/h:600/w:596/czM6Ly9kaXNjb2dz/LWRhdGFiYXNlLWlt/YWdlcy9SLTEwMjI1/Mi0xMjAyNjUyMzg0/LmpwZWc.jpeg,https://i.discogs.com/yyWZYtXyrBL7ympDHZEXwBO5oy6MLlXnb_lVSshOS9Q/rs:fit/g:sm/q:40/h:150/w:150/czM6Ly9kaXNjb2dz/LWRhdGFiYXNlLWlt/YWdlcy9SLTEwMjI1/Mi0xMjAyNjUyMzg0/LmpwZWc.jpeg,596,600
102252,secondary,https://i.discogs.com/-AT1mnXUlNUFbglEc5loj4EN0_JhFc8ntuvuVRz2gdU/rs:fit/g:sm/q:90/h:468/w:600/czM6Ly9kaXNjb2dz/LWRhdGFiYXNlLWlt/YWdlcy9SLTEwMjI1/Mi0xMjAyNjUyNDAw/LmpwZWc.jpeg,https://i.discogs.com/-AT1mnXUlNUFbglEc5loj4EN0_JhFc8ntuvuVRz2gdU/rs:fit/g:sm/q:90/h:468/w:600/czM6Ly9kaXNjb2dz/LWRhdGFiYXNlLWlt/YWdlcy9SLTEwMjI1/Mi0xMjAyNjUyNDAw/LmpwZWc.jpeg,https://i.discogs.com/Sp5mI0QlI0iloc6elqnDghLGtQBb0Delmw-7CCe5-04/rs:fit/g:sm/q:40/h:150/w:150/czM6Ly9kaXNjb2dz/LWRhdGFiYXNlLWlt/YWdlcy9SLTEwMjI1/Mi0xMjAyNjUyNDAw/LmpwZWc.jpeg,600,468
10233162,secondary,https://i.discogs.com/EYsZS5Xxx-UN1zX2_xfTgZvxVJfVI_khuSl3wqWTlNg/rs:fit/g:sm/q:90/h:600/w:600/czM6Ly9kaXNjb2dz/LWRhdGFiYXNlLWlt/YWdlcy9SLTEwMjMz/MTYyLTE0OTM4MzI4/NzAtMzQ0Mi5qcGVn.jpeg,https://i.discogs.com/EYsZS5Xxx-UN1zX2_xfTgZvxVJfVI_khuSl3wqWTlNg/rs:fit/g:sm/q:90/h:600/w:600/czM6Ly9kaXNjb2dz/LWRhdGFiYXNlLWlt/YWdlcy9SLTEwMjMz/MTYyLTE0OTM4MzI4/NzAtMzQ0Mi5qcGVn.jpeg,https://i.discogs.com/a85Y6ST-WGVka1DNQbX_UUno9GZrB9IKzwNuyoHV-Bg/rs:fit/g:sm/q:40/h:150/w:150/czM6Ly9kaXNjb2dz/LWRhdGFiYXNlLWlt/YWdlcy9SLTEwMjMz/MTYyLTE0OTM4MzI4/NzAtMzQ0Mi5qcGVn.jpeg,600,600
1026849,primary,https://i.discogs.com/Wv1UPIT0K-l1IJpFSaOk7k1_N841AgsMPKvSYL5shHY/rs:fit/g:sm/q:90/h:500/w:500/czM6Ly9kaXNjb2dz/LWRhdGFiYXNlLWlt/YWdlcy9SLTEwMjY4/NDktMTMwNDQ2NDcx/Ny5qcGVn.jpeg,https://i.discogs.com/Wv1UPIT0K-l1IJpFSaOk7k1_N841AgsMPKvSYL5shHY/rs:fit/g:sm/q:90/h:500/w:500/czM6Ly9kaXNjb2dz/LWRhdGFiYXNlLWlt/YWdlcy9SLTEwMjY4/NDktMTMwNDQ2NDcx/Ny5qcGVn.jpeg,https://i.discogs.com/IVqXeDrhjLmR327CiAeFhkNoMrpDyOmTMzsW6JUAXL8/rs:fit/g:sm/q:40/h:150/w:150/czM6Ly9kaXNjb2dz/LWRhdGFiYXNlLWlt/YWdlcy9SLTEwMjY4/NDktMTMwNDQ2NDcx/Ny5qcGVn.jpeg,500,500
1026849,secondary,https://i.discogs.com/RiZPlDwswmZcbB9XTfLac9OTz9JXezXf295-EtK2VnA/rs:fit/g:sm/q:90/h:600/w:598/czM6Ly9kaXNjb2dz/LWRhdGFiYXNlLWlt/YWdlcy9SLTEwMjY4/NDktMTQzMjk4NjAw/MS01OTc5LmpwZWc.jpeg,https://i.discogs.com/RiZPlDwswmZcbB9XTfLac9OTz9JXezXf295-EtK2VnA/rs:fit/g:sm/q:90/h:600/w:598/czM6Ly9kaXNjb2dz/LWRhdGFiYXNlLWlt/YWdlcy9SLTEwMjY4/NDktMTQzMjk4NjAw/MS01OTc5LmpwZWc.jpeg,https://i.discogs.com/nyDwiLeYP9A414TonWLcU9b0uKyAxFo2Y32uIGJwo9M/rs:fit/g:sm/q:40/h:150/w:150/czM6Ly9kaXNjb2dz/LWRhdGFiYXNlLWlt/YWdlcy9SLTEwMjY4/NDktMTQzMjk4NjAw/MS01OTc5LmpwZWc.jpeg,598,600
1026849,secondary,https://i.discogs.com/EUXC05w19PRVI6pZWS05DAXPAFbfxNo7gvxVj1Uy8Rw/rs:fit/g:sm/q:90/h:592/w:600/czM6Ly9kaXNjb2dz/LWRhdGFiYXNlLWlt/YWdlcy9SLTEwMjY4/NDktMTQzMjk4NTk5/Ni03MTgzLmpwZWc.jpeg,https://i.discogs.com/EUXC05w19PRVI6pZWS05DAXPAFbfxNo7gvxVj1Uy8Rw/rs:fit/g:sm/q:90/h:592/w:600/czM6Ly9kaXNjb2dz/LWRhdGFiYXNlLWlt/YWdlcy9SLTEwMjY4/NDktMTQzMjk4NTk5/Ni03MTgzLmpwZWc.jpeg,https://i.discogs.com/7-9N_xJ5e_zF1pYVWG0Yv-NP-EjVL7xW9c3IbwOJ4oU/rs:fit/g:sm/q:40/h:150/w:150/czM6Ly9kaXNjb2dz/LWRhdGFiYXNlLWlt/YWdlcy9SLTEwMjY4/NDktMTQzMjk4NTk5/Ni03MTgzLmpwZWc.jpeg,600,592
1026849,secondary,https://i.discogs.com/gdx4xRpxEFhIGvC4Lh1lqRUGosBaTUGt-sLt03Yw7b0/rs:fit/g:sm/q:90/h:300/w:400/czM6Ly9kaXNjb2dz/LWRhdGFiYXNlLWlt/YWdlcy9SLTEwMjY4/NDktMTQxOTc5MDU2/Ny00MDY3LmpwZWc.jpeg,https://i.discogs.com/gdx4xRpxEFhIGvC4Lh1lqRUGosBaTUGt-sLt03Yw7b0/rs:fit/g:sm/q:90/h:300/w:400/czM6Ly9kaXNjb2dz/LWRhdGFiYXNlLWlt/YWdlcy9SLTEwMjY4/NDktMTQxOTc5MDU2/Ny00MDY3LmpwZWc.jpeg,https://i.discogs.com/b4Bqs0pLdFHfb8gFJ3lq2GoKvep-0WbJeNmCnMD_my4/rs:fit/g:sm/q:40/h:150/w:150/czM6Ly9kaXNjb2dz/LWRhdGFiYXNlLWlt/YWdlcy9SLTEwMjY4/NDktMTQxOTc5MDU2/Ny00MDY3LmpwZWc.jpeg,400,300
1026849,secondary,https://i.discogs.com/pAvI8CQK74LftAVOxWvl-tu6FMPu4sCk1RAM-YdHgtY/rs:fit/g:sm/q:90/h:450/w:600/czM6Ly9kaXNjb2dz/LWRhdGFiYXNlLWlt/YWdlcy9SLTEwMjY4/NDktMTQxOTc5MDYz/Mi03ODUwLmpwZWc.jpeg,https://i.discogs.com/pAvI8CQK74LftAVOxWvl-tu6FMPu4sCk1RAM-YdHgtY/rs:fit/g:sm/q:90/h:450/w:600/czM6Ly9kaXNjb2dz/LWRhdGFiYXNlLWlt/YWdlcy9SLTEwMjY4/NDktMTQxOTc5MDYz/Mi03ODUwLmpwZWc.jpeg,https://i.discogs.com/_KZc7j-7PQZh7H_Jhabag1dcnnaIha43uMqHk_BkryM/rs:fit/g:sm/q:40/h:150/w:150/czM6Ly9kaXNjb2dz/LWRhdGFiYXNlLWlt/YWdlcy9SLTEwMjY4/NDktMTQxOTc5MDYz/Mi03ODUwLmpwZWc.jpeg,600,450
1026849,secondary,https://i.discogs.com/isDG4uZyHg4cIAT6fUcW7QpvMvBRZeRH7uMUcqreL98/rs:fit/g:sm/q:90/h:450/w:600/czM6Ly9kaXNjb2dz/LWRhdGFiYXNlLWlt/YWdlcy9SLTEwMjY4/NDktMTQxOTc5MDYz/Mi02ODIyLmpwZWc.jpeg,https://i.discogs.com/isDG4uZyHg4cIAT6fUcW7QpvMvBRZeRH7uMUcqreL98/rs:fit/g:sm/q:90/h:450/w:600/czM6Ly9kaXNjb2dz/LWRhdGFiYXNlLWlt/YWdlcy9SLTEwMjY4/NDktMTQxOTc5MDYz/Mi02ODIyLmpwZWc.jpeg,https://i.discogs.com/qFAw-VWRCb-Cog2ySeH4m3ld8EMhXFQlaoqeTKrhcfI/rs:fit/g:sm/q:40/h:150/w:150/czM6Ly9kaXNjb2dz/LWRhdGFiYXNlLWlt/YWdlcy9SLTEwMjY4/NDktMTQxOTc5MDYz/Mi02ODIyLmpwZWc.jpeg,600,450
1026849,secondary,https://i.discogs.com/dPw51w5bnhRakKf7E15MsFP2riMvXJir1ZC7Akr9E7Y/rs:fit/g:sm/q:90/h:560/w:600/czM6Ly9kaXNjb2dz/LWRhdGFiYXNlLWlt/YWdlcy9SLTEwMjY4/NDktMTcwOTY1NTU4/MC01NTIyLmpwZWc.jpeg,https://i.discogs.com/dPw51w5bnhRakKf7E15MsFP2riMvXJir1ZC7Akr9E7Y/rs:fit/g:sm/q:90/h:560/w:600/czM6Ly9kaXNjb2dz/LWRhdGFiYXNlLWlt/YWdlcy9SLTEwMjY4/NDktMTcwOTY1NTU4/MC01NTIyLmpwZWc.jpeg,https://i.discogs.com/0XiRZr9Aupfy7z1GLQczbWtGRKLYg5ykw4PgcR-TQ9M/rs:fit/g:sm/q:40/h:150/w:150/czM6Ly9kaXNjb2dz/LWRhdGFiYXNlLWlt/YWdlcy9SLTEwMjY4/NDktMTcwOTY1NTU4/MC01NTIyLmpwZWc.jpeg,600,560
10269061,primary,https://i.discogs.com/u3ZYjv-BkEJoSgrhP_skWIqCK7tasHJ17dJMfXS3irc/rs:fit/g:sm/q:90/h:600/w:600/czM6Ly9kaXNjb2dz/LWRhdGFiYXNlLWlt/YWdlcy9SLTEwMjY5/MDYxLTE0OTQ3NTEx/MTgtOTc4Ny5qcGVn.jpeg,https://i.discogs.com/u3ZYjv-BkEJoSgrhP_skWIqCK7tasHJ17dJMfXS3irc/rs:fit/g:sm/q:90/h:600/w:600/czM6Ly9kaXNjb2dz/LWRhdGFiYXNlLWlt/YWdlcy9SLTEwMjY5/MDYxLTE0OTQ3NTEx/MTgtOTc4Ny5qcGVn.jpeg,https://i.discogs.com/MOF5KBEcw-swRW5acUzKQtn6t_v-k9rXwFqqQR5yodc/rs:fit/g:sm/q:40/h:150/w:150/czM6Ly9kaXNjb2dz/LWRhdGFiYXNlLWlt/YWdlcy9SLTEwMjY5/MDYxLTE0OTQ3NTEx/MTgtOTc4Ny5qcGVn.jpeg,600,600
10269061,secondary,https://i.discogs.com/5GH1HFp1cyA_6VQYeqrfaTQynM1fDmn2izmrNz5eRz4/rs:fit/g:sm/q:90/h:600/w:600/czM6Ly9kaXNjb2dz/LWRhdGFiYXNlLWlt/YWdlcy9SLTEwMjY5/MDYxLTE0OTQ3NTEx/MjMtNjUzNi5qcGVn.jpeg,https://i.discogs.com/5GH1HFp1cyA_6VQYeqrfaTQynM1fDmn2izmrNz5eRz4/rs:fit/g:sm/q:90/h:600/w:600/czM6Ly9kaXNjb2dz/LWRhdGFiYXNlLWlt/YWdlcy9SLTEwMjY5/MDYxLTE0OTQ3NTEx/MjMtNjUzNi5qcGVn.jpeg,https://i.discogs.com/JG1qtp7lbgnET_UowMGeaNYEtUonyC0xHZYwUDckUxE/rs:fit/g:sm/q:40/h:150/w:150/czM6Ly9kaXNjb2dz/LWRhdGFiYXNlLWlt/YWdlcy9SLTEwMjY5/MDYxLTE0OTQ3NTEx/MjMtNjUzNi5qcGVn.jpeg,600,600
10269061,secondary,https://i.discogs.com/DRaG_7Qq0HKYKzHHouYFvTcxAYyA6YVtkBeOkQWLYlc/rs:fit/g:sm/q:90/h:600/w:600/czM6Ly9kaXNjb2dz/LWRhdGFiYXNlLWlt/YWdlcy9SLTEwMjY5/MDYxLTE0OTQ3NTEx/MTgtMzA0NS5qcGVn.jpeg,https://i.discogs.com/DRaG_7Qq0HKYKzHHouYFvTcxAYyA6YVtkBeOkQWLYlc/rs:fit/g:sm/q:90/h:600/w:600/czM6Ly9kaXNjb2dz/LWRhdGFiYXNlLWlt/YWdlcy9SLTEwMjY5/MDYxLTE0OTQ3NTEx/MTgtMzA0NS5qcGVn.jpeg,https://i.discogs.com/DVPDyRz_rkFUBc35Six9-czp0lROb2cPLGFC15kzTwo/rs:fit/g:sm/q:40/h:150/w:150/czM6Ly9kaXNjb2dz/LWRhdGFiYXNlLWlt/YWdlcy9SLTEwMjY5/MDYxLTE0OTQ3NTEx/MTgtMzA0NS5qcGVn.jpeg,600,600
10269061,secondary,https://i.discogs.com/l7z5v32gQOv-Bz0bcf6MJzTEV-PRbRfomL-JT0NfLpU/rs:fit/g:sm/q:90/h:600/w:600/czM6Ly9kaXNjb2dz/LWRhdGFiYXNlLWlt/YWdlcy9SLTEwMjY5/MDYxLTE0OTQ3NTEx/MTctMzA0MC5qcGVn.jpeg,https://i.discogs.com/l7z5v32gQOv-Bz0bcf6MJzTEV-PRbRfomL-JT0NfLpU/rs:fit/g:sm/q:90/h:600/w:600/czM6Ly9kaXNjb2dz/LWRhdGFiYXNlLWlt/YWdlcy9SLTEwMjY5/MDYxLTE0OTQ3NTEx/MTctMzA0MC5qcGVn.jpeg,https://i.discogs.com/aYt2tD7aZbGi6sNOcU-JibBUkpfPzNPSMFGAGzKVVmM/rs:fit/g:sm/q:40/h:150/w:150/czM6Ly9kaXNjb2dz/LWRhdGFiYXNlLWlt/YWdlcy9SLTEwMjY5/MDYxLTE0OTQ3NTEx/MTctMzA0MC5qcGVn.jpeg,600,600
103032,primary,https://i.discogs.com/qxQ7j6QzF6NSH11JIu7aWKHO__smZk9t7kc6gPnmaVc/rs:fit/g:sm/q:90/h:600/w:595/czM6Ly9kaXNjb2dz/LWRhdGFiYXNlLWlt/YWdlcy9SLTEwMzAz/Mi0xNDYzMDI2NDQ0/LTM5ODcuanBlZw.jpeg,https://i.discogs.com/qxQ7j6QzF6NSH11JIu7aWKHO__smZk9t7kc6gPnmaVc/rs:fit/g:sm/q:90/h:600/w:595/czM6Ly9kaXNjb2dz/LWRhdGFiYXNlLWlt/YWdlcy9SLTEwMzAz/Mi0xNDYzMDI2NDQ0/LTM5ODcuanBlZw.jpeg,https://i.discogs.com/nwt9vEhOjSYG6Q2wA_3-a6Q5R9gnLJOfYUFgKTJ6_HY/rs:fit/g:sm/q:40/h:150/w:150/czM6Ly9kaXNjb2dz/LWRhdGFiYXNlLWlt/YWdlcy9SLTEwMzAz/Mi0xNDYzMDI2NDQ0/LTM5ODcuanBlZw.jpeg,595,600
103032,secondary,https://i.discogs.com/8AO_OGpUdW23Ii4fhwiDM0YjOGX6XMmSsVCtiv__KaU/rs:fit/g:sm/q:90/h:474/w:400/czM6Ly9kaXNjb2dz/LWRhdGFiYXNlLWlt/YWdlcy9SLTEwMzAz/Mi0xMzc5NjU1MDg0/LTM0OTYuanBlZw.jpeg,https://i.discogs.com/8AO_OGpUdW23Ii4fhwiDM0YjOGX6XMmSsVCtiv__KaU/rs:fit/g:sm/q:90/h:474/w:400/czM6Ly9kaXNjb2dz/LWRhdGFiYXNlLWlt/YWdlcy9SLTEwMzAz/Mi0xMzc5NjU1MDg0/LTM0OTYuanBlZw.jpeg,https://i.discogs.com/6sumhvVRyJVn-5BlvsE7WTTv9DmZewck_Yur_jn4ids/rs:fit/g:sm/q:40/h:150/w:150/czM6Ly9kaXNjb2dz/LWRhdGFiYXNlLWlt/YWdlcy9SLTEwMzAz/Mi0xMzc5NjU1MDg0/LTM0OTYuanBlZw.jpeg,400,474
10325934,secondary,https://i.discogs.com/6U0JS-sNN6T0HHvzqqvk-f34GZyeeW0oyZ_5V_4MuO4/rs:fit/g:sm/q:90/h:595/w:600/czM6Ly9kaXNjb2dz/LWRhdGFiYXNlLWlt/YWdlcy9SLTEwMzI1/OTM0LTE0OTUzNjY0/MjctMzExNy5qcGVn.jpeg,https://i.discogs.com/6U0JS-sNN6T0HHvzqqvk-f34GZyeeW0oyZ_5V_4MuO4/rs:fit/g:sm/q:90/h:595/w:600/czM6Ly9kaXNjb2dz/LWRhdGFiYXNlLWlt/YWdlcy9SLTEwMzI1/OTM0LTE0OTUzNjY0/MjctMzExNy5qcGVn.jpeg,https://i.discogs.com/U4NT6AbIrlwAVZf30b2bSkSR1rnQP9SNEfg1VP9g3kw/rs:fit/g:sm/q:40/h:150/w:150/czM6Ly9kaXNjb2dz/LWRhdGFiYXNlLWlt/YWdlcy9SLTEwMzI1/OTM0LTE0OTUzNjY0/MjctMzExNy5qcGVn.jpeg,600,595
10327535,primary,https://i.discogs.com/pnkRnLY_5zn2x5n1N1u1iwiM-5bAkrX9i7cA0oqrLYA/rs:fit/g:sm/q:90/h:594/w:600/czM6Ly9kaXNjb2dz/LWRhdGFiYXNlLWlt/YWdlcy9SLTEwMzI3/NTM1LTE0OTUzODg4/NzItMjM2MC5qcGVn.jpeg,https://i.discogs.com/pnkRnLY_5zn2x5n1N1u1iwiM-5bAkrX9i7cA0oqrLYA/rs:fit/g:sm/q:90/h:594/w:600/czM6Ly9kaXNjb2dz/LWRhdGFiYXNlLWlt/YWdlcy9SLTEwMzI3/NTM1LTE0OTUzODg4/NzItMjM2MC5qcGVn.jpeg,https://i.discogs.com/he-aIpZB5Gr8EQNCPUjGu9GJp_HYs926-Nj35-L3pPk/rs:fit/g:sm/q:40/h:150/w:150/czM6Ly9kaXNjb2dz/LWRhdGFiYXNlLWlt/YWdlcy9SLTEwMzI3/NTM1LTE0OTUzODg4/NzItMjM2MC5qcGVn.jpeg,600,594
10327535,secondary,https://i.discogs.com/vBGHEbrrb3fXn35eQAWGNZSG_-qtl_ZERqj6-obG2Lw/rs:fit/g:sm/q:90/h:461/w:600/czM6Ly9kaXNjb2dz/LWRhdGFiYXNlLWlt/YWdlcy9SLTEwMzI3/NTM1LTE0OTUzODkw/NDEtMjAxMS5qcGVn.jpeg,https://i.discogs.com/vBGHEbrrb3fXn35eQAWGNZSG_-qtl_ZERqj6-obG2Lw/rs:fit/g:sm/q:90/h:461/w:600/czM6Ly9kaXNjb2dz/LWRhdGFiYXNlLWlt/YWdlcy9SLTEwMzI3/NTM1LTE0OTUzODkw/NDEtMjAxMS5qcGVn.jpeg,https://i.discogs.com/d1JMFB-YRGx5WqqLteILsyKby9mZIQWvl6-SK7bWzgU/rs:fit/g:sm/q:40/h:150/w:150/czM6Ly9kaXNjb2dz/LWRhdGFiYXNlLWlt/YWdlcy9SLTEwMzI3/NTM1LTE0OTUzODkw/NDEtMjAxMS5qcGVn.jpeg,600,461
10327535,secondary,https://i.discogs.com/7N_EYvOI3hadhbxZ71aigKBUeGsBLMXCEsbM9zIVPSg/rs:fit/g:sm/q:90/h:591/w:600/czM6Ly9kaXNjb2dz/LWRhdGFiYXNlLWlt/YWdlcy9SLTEwMzI3/NTM1LTE0OTUzODkx/ODgtNjg4Ni5qcGVn.jpeg,https://i.discogs.com/7N_EYvOI3hadhbxZ71aigKBUeGsBLMXCEsbM9zIVPSg/rs:fit/g:sm/q:90/h:591/w:600/czM6Ly9kaXNjb2dz/LWRhdGFiYXNlLWlt/YWdlcy9SLTEwMzI3/NTM1LTE0OTUzODkx/ODgtNjg4Ni5qcGVn.jpeg,https://i.discogs.com/-j5RRXgkkBtmAkhAZuLzsJf-jwQkLeGKCpnj2woJD-s/rs:fit/g:sm/q:40/h:150/w:150/czM6Ly9kaXNjb2dz/LWRhdGFiYXNlLWlt/YWdlcy9SLTEwMzI3/NTM1LTE0OTUzODkx/ODgtNjg4Ni5qcGVn.jpeg,600,591
10327535,secondary,https://i.discogs.com/7oo-MYBjWgWASQ3oNJ-ptjCgwQZ7k_ST5IQIPtyq_1k/rs:fit/g:sm/q:90/h:600/w:595/czM6Ly9kaXNjb2dz/LWRhdGFiYXNlLWlt/YWdlcy9SLTEwMzI3/NTM1LTE0OTUzODk2/NjctMTE0Ny5qcGVn.jpeg,https://i.discogs.com/7oo-MYBjWgWASQ3oNJ-ptjCgwQZ7k_ST5IQIPtyq_1k/rs:fit/g:sm/q:90/h:600/w:595/czM6Ly9kaXNjb2dz/LWRhdGFiYXNlLWlt/YWdlcy9SLTEwMzI3/NTM1LTE0OTUzODk2/NjctMTE0Ny5qcGVn.jpeg,https://i.discogs.com/geZIuCQ7onz4U7GvLRDU9ur0p6SyVayEOIoJc62PurA/rs:fit/g:sm/q:40/h:150/w:150/czM6Ly9kaXNjb2dz/LWRhdGFiYXNlLWlt/YWdlcy9SLTEwMzI3/NTM1LTE0OTUzODk2/NjctMTE0Ny5qcGVn.jpeg,595,600
10327535,secondary,https://i.discogs.com/1TIdPcLpRHpCgICfpUjV2lIXuvrN4-ePNHZHEAUV0pQ/rs:fit/g:sm/q:90/h:600/w:589/czM6Ly9kaXNjb2dz/LWRhdGFiYXNlLWlt/YWdlcy9SLTEwMzI3/NTM1LTE0OTUzODk1/MjAtODUyNS5qcGVn.jpeg,https://i.discogs.com/1TIdPcLpRHpCgICfpUjV2lIXuvrN4-ePNHZHEAUV0pQ/rs:fit/g:sm/q:90/h:600/w:589/czM6Ly9kaXNjb2dz/LWRhdGFiYXNlLWlt/YWdlcy9SLTEwMzI3/NTM1LTE0OTUzODk1/MjAtODUyNS5qcGVn.jpeg,https://i.discogs.com/zv5XUeRU7tqeLr05z_ZSe4DCjlQAuuq76ZXykU_l6U8/rs:fit/g:sm/q:40/h:150/w:150/czM6Ly9kaXNjb2dz/LWRhdGFiYXNlLWlt/YWdlcy9SLTEwMzI3/NTM1LTE0OTUzODk1/MjAtODUyNS5qcGVn.jpeg,589,600
10332190,secondary,https://i.discogs.com/loD6dI-zYvqw8gh54YgYMYj1jT_l1ECWf7D0PigbD38/rs:fit/g:sm/q:90/h:500/w:500/czM6Ly9kaXNjb2dz/LWRhdGFiYXNlLWlt/YWdlcy9SLTEwMzMy/MTkwLTE0OTU0NzE3/MTktOTYwMy5qcGVn.jpeg,https://i.discogs.com/loD6dI-zYvqw8gh54YgYMYj1jT_l1ECWf7D0PigbD38/rs:fit/g:sm/q:90/h:500/w:500/czM6Ly9kaXNjb2dz/LWRhdGFiYXNlLWlt/YWdlcy9SLTEwMzMy/MTkwLTE0OTU0NzE3/MTktOTYwMy5qcGVn.jpeg,https://i.discogs.com/vsoBz4RCP-JwXXOYdUXyh1Had_8bKfdTA89PA3PmUn4/rs:fit/g:sm/q:40/h:150/w:150/czM6Ly9kaXNjb2dz/LWRhdGFiYXNlLWlt/YWdlcy9SLTEwMzMy/MTkwLTE0OTU0NzE3/MTktOTYwMy5qcGVn.jpeg,500,500
10343749,primary,https://i.discogs.com/UiV_9UUdZNm0ULyJHe7lUHHPW9ioCXj4HpkhLMQc-ow/rs:fit/g:sm/q:90/h:508/w:600/czM6Ly9kaXNjb2dz/LWRhdGFiYXNlLWlt/YWdlcy9SLTEwMzQz/NzQ5LTE0OTU2ODMz/ODAtOTM2Mi5qcGVn.jpeg,https://i.discogs.com/UiV_9UUdZNm0ULyJHe7lUHHPW9ioCXj4HpkhLMQc-ow/rs:fit/g:sm/q:90/h:508/w:600/czM6Ly9kaXNjb2dz/LWRhdGFiYXNlLWlt/YWdlcy9SLTEwMzQz/NzQ5LTE0OTU2ODMz/ODAtOTM2Mi5qcGVn.jpeg,https://i.discogs.com/jVEszOviPhKwNkSCfiL9n8emihHeGP30mhoC4Fv7rvE/rs:fit/g:sm/q:40/h:150/w:150/czM6Ly9kaXNjb2dz/LWRhdGFiYXNlLWlt/YWdlcy9SLTEwMzQz/NzQ5LTE0OTU2ODMz/ODAtOTM2Mi5qcGVn.jpeg,600,508
10343749,secondary,https://i.discogs.com/e0bYuPNMLagTu3OPX80lzR3dTqfGT3zXihMT-ecGioA/rs:fit/g:sm/q:90/h:599/w:600/czM6Ly9kaXNjb2dz/LWRhdGFiYXNlLWlt/YWdlcy9SLTEwMzQz/NzQ5LTE0OTU2ODMz/ODUtNjUyOC5qcGVn.jpeg,https://i.discogs.com/e0bYuPNMLagTu3OPX80lzR3dTqfGT3zXihMT-ecGioA/rs:fit/g:sm/q:90/h:599/w:600/czM6Ly9kaXNjb2dz/LWRhdGFiYXNlLWlt/YWdlcy9SLTEwMzQz/NzQ5LTE0OTU2ODMz/ODUtNjUyOC5qcGVn.jpeg,https://i.discogs.com/QCsTcT3mMcfY6mEZ07GPXszrYpddiURdsJKY-08_RKE/rs:fit/g:sm/q:40/h:150/w:150/czM6Ly9kaXNjb2dz/LWRhdGFiYXNlLWlt/YWdlcy9SLTEwMzQz/NzQ5LTE0OTU2ODMz/ODUtNjUyOC5qcGVn.jpeg,600,599
10343749,secondary,https://i.discogs.com/vvPKf071IlmCZd4rjz0MwVjtUfTN9_yHFMY_HkGPHPk/rs:fit/g:sm/q:90/h:594/w:600/czM6Ly9kaXNjb2dz/LWRhdGFiYXNlLWlt/YWdlcy9SLTEwMzQz/NzQ5LTE0OTU2ODMz/OTAtMzEwOS5qcGVn.jpeg,https://i.discogs.com/vvPKf071IlmCZd4rjz0MwVjtUfTN9_yHFMY_HkGPHPk/rs:fit/g:sm/q:90/h:594/w:600/czM6Ly9kaXNjb2dz/LWRhdGFiYXNlLWlt/YWdlcy9SLTEwMzQz/NzQ5LTE0OTU2ODMz/OTAtMzEwOS5qcGVn.jpeg,https://i.discogs.com/bEdSTbQPGOggVd6KrUeGIl3NWNkNtlplTvVZ7BOmJD4/rs:fit/g:sm/q:40/h:150/w:150/czM6Ly9kaXNjb2dz/LWRhdGFiYXNlLWlt/YWdlcy9SLTEwMzQz/NzQ5LTE0OTU2ODMz/OTAtMzEwOS5qcGVn.jpeg,600,594
10357353,primary,https://i.discogs.com/Zwq7PAXH6-idpy_E0gVg-WirJB3e2z3u1f4JYyUfRm0/rs:fit/g:sm/q:90/h:600/w:592/czM6Ly9kaXNjb2dz/LWRhdGFiYXNlLWlt/YWdlcy9SLTEwMzU3/MzUzLTE2MjYzODE5/NTYtMTMzMS5qcGVn.jpeg,https://i.discogs.com/Zwq7PAXH6-idpy_E0gVg-WirJB3e2z3u1f4JYyUfRm0/rs:fit/g:sm/q:90/h:600/w:592/czM6Ly9kaXNjb2dz/LWRhdGFiYXNlLWlt/YWdlcy9SLTEwMzU3/MzUzLTE2MjYzODE5/NTYtMTMzMS5qcGVn.jpeg,https://i.discogs.com/CPIORhkrbvDEL222y6gBg3NewLkUSt-I3jWz-fxoD9M/rs:fit/g:sm/q:40/h:150/w:150/czM6Ly9kaXNjb2dz/LWRhdGFiYXNlLWlt/YWdlcy9SLTEwMzU3/MzUzLTE2MjYzODE5/NTYtMTMzMS5qcGVn.jpeg,592,600
10357353,secondary,https://i.discogs.com/hj7VAYi1B7x7PSrsvz09Jr9Skjv_i55H-DwpRqfrpDk/rs:fit/g:sm/q:90/h:600/w:589/czM6Ly9kaXNjb2dz/LWRhdGFiYXNlLWlt/YWdlcy9SLTEwMzU3/MzUzLTE2MjYzODE5/MzgtNDY3MS5qcGVn.jpeg,https://i.discogs.com/hj7VAYi1B7x7PSrsvz09Jr9Skjv_i55H-DwpRqfrpDk/rs:fit/g:sm/q:90/h:600/w:589/czM6Ly9kaXNjb2dz/LWRhdGFiYXNlLWlt/YWdlcy9SLTEwMzU3/MzUzLTE2MjYzODE5/MzgtNDY3MS5qcGVn.jpeg,https://i.discogs.com/w48x2pVXRoHaSd7lnO17loEULtW2e2UE2oAuCHBIky8/rs:fit/g:sm/q:40/h:150/w:150/czM6Ly9kaXNjb2dz/LWRhdGFiYXNlLWlt/YWdlcy9SLTEwMzU3/MzUzLTE2MjYzODE5/MzgtNDY3MS5qcGVn.jpeg,589,600
10365073,primary,https://i.discogs.com/hQAJmW-GSjIV9Z4Hc2kiOdgv8WsJcPRgp3O8n-SgBNU/rs:fit/g:sm/q:90/h:600/w:596/czM6Ly9kaXNjb2dz/LWRhdGFiYXNlLWlt/YWdlcy9SLTEwMzY1/MDczLTE0OTYwNTgx/ODktOTQ0My5qcGVn.jpeg,https://i.discogs.com/hQAJmW-GSjIV9Z4Hc2kiOdgv8WsJcPRgp3O8n-SgBNU/rs:fit/g:sm/q:90/h:600/w:596/czM6Ly9kaXNjb2dz/LWRhdGFiYXNlLWlt/YWdlcy9SLTEwMzY1/MDczLTE0OTYwNTgx/ODktOTQ0My5qcGVn.jpeg,https://i.discogs.com/jAn8btwPjkaUnjleQDXUB3xYQkpyTOaNP00v81izSmc/rs:fit/g:sm/q:40/h:150/w:150/czM6Ly9kaXNjb2dz/LWRhdGFiYXNlLWlt/YWdlcy9SLTEwMzY1/MDczLTE0OTYwNTgx/ODktOTQ0My5qcGVn.jpeg,596,600
10365073,secondary,https://i.discogs.com/YGtIGJOKYm0M-L_qiQ7E7I60o51K6gFfDvabd29joO8/rs:fit/g:sm/q:90/h:600/w:598/czM6Ly9kaXNjb2dz/LWRhdGFiYXNlLWlt/YWdlcy9SLTEwMzY1/MDczLTE0OTYwNTgx/ODgtNDg3Ni5qcGVn.jpeg,https://i.discogs.com/YGtIGJOKYm0M-L_qiQ7E7I60o51K6gFfDvabd29joO8/rs:fit/g:sm/q:90/h:600/w:598/czM6Ly9kaXNjb2dz/LWRhdGFiYXNlLWlt/YWdlcy9SLTEwMzY1/MDczLTE0OTYwNTgx/ODgtNDg3Ni5qcGVn.jpeg,https://i.discogs.com/gOxgdwtH3nP4-jMycOV0uvRqEk0G2OvT3OluaqKNuK8/rs:fit/g:sm/q:40/h:150/w:150/czM6Ly9kaXNjb2dz/LWRhdGFiYXNlLWlt/YWdlcy9SLTEwMzY1/MDczLTE0OTYwNTgx/ODgtNDg3Ni5qcGVn.jpeg,598,600
10365073,secondary,https://i.discogs.com/6TxCH1G-EHr8z6bzJrCNDrPCKcKbWndOfOrgS05BhXo/rs:fit/g:sm/q:90/h:592/w:600/czM6Ly9kaXNjb2dz/LWRhdGFiYXNlLWlt/YWdlcy9SLTEwMzY1/MDczLTE0OTYwNTgx/ODgtMjIzMi5qcGVn.jpeg,https://i.discogs.com/6TxCH1G-EHr8z6bzJrCNDrPCKcKbWndOfOrgS05BhXo/rs:fit/g:sm/q:90/h:592/w:600/czM6Ly9kaXNjb2dz/LWRhdGFiYXNlLWlt/YWdlcy9SLTEwMzY1/MDczLTE0OTYwNTgx/ODgtMjIzMi5qcGVn.jpeg,https://i.discogs.com/dMLTCGIScnghaPOHM4eePc9XLQ78wEPeMHbuVwweKhQ/rs:fit/g:sm/q:40/h:150/w:150/czM6Ly9kaXNjb2dz/LWRhdGFiYXNlLWlt/YWdlcy9SLTEwMzY1/MDczLTE0OTYwNTgx/ODgtMjIzMi5qcGVn.jpeg,600,592
10365073,secondary,https://i.discogs.com/PCgHrEt7-_mlHvbTM82Ipb_mjnpWTNi8B0iTefuzNEE/rs:fit/g:sm/q:90/h:590/w:600/czM6Ly9kaXNjb2dz/LWRhdGFiYXNlLWlt/YWdlcy9SLTEwMzY1/MDczLTE0OTYwNTgx/ODktMTYwMC5qcGVn.jpeg,https://i.discogs.com/PCgHrEt7-_mlHvbTM82Ipb_mjnpWTNi8B0iTefuzNEE/rs:fit/g:sm/q:90/h:590/w:600/czM6Ly9kaXNjb2dz/LWRhdGFiYXNlLWlt/YWdlcy9SLTEwMzY1/MDczLTE0OTYwNTgx/ODktMTYwMC5qcGVn.jpeg,https://i.discogs.com/IUBKT9Do7kyO9jKF07DsYpnOCc_XZclQKI1q99fwRSU/rs:fit/g:sm/q:40/h:150/w:150/czM6Ly9kaXNjb2dz/LWRhdGFiYXNlLWlt/YWdlcy9SLTEwMzY1/MDczLTE0OTYwNTgx/ODktMTYwMC5qcGVn.jpeg,600,590
10365073,secondary,https://i.discogs.com/okaH653i4_KO9WmP0IM89qhvt_AjV3t6wuocYjMWDfk/rs:fit/g:sm/q:90/h:534/w:600/czM6Ly9kaXNjb2dz/LWRhdGFiYXNlLWlt/YWdlcy9SLTEwMzY1/MDczLTE0OTYwNTk0/NTktMTM1NS5qcGVn.jpeg,https://i.discogs.com/okaH653i4_KO9WmP0IM89qhvt_AjV3t6wuocYjMWDfk/rs:fit/g:sm/q:90/h:534/w:600/czM6Ly9kaXNjb2dz/LWRhdGFiYXNlLWlt/YWdlcy9SLTEwMzY1/MDczLTE0OTYwNTk0/NTktMTM1NS5qcGVn.jpeg,https://i.discogs.com/NEvoYrVIA4-57NcWkydjwRBVGYeGZ6PCjEDNqICBQtI/rs:fit/g:sm/q:40/h:150/w:150/czM6Ly9kaXNjb2dz/LWRhdGFiYXNlLWlt/YWdlcy9SLTEwMzY1/MDczLTE0OTYwNTk0/NTktMTM1NS5qcGVn.jpeg,600,534
10365073,secondary,https://i.discogs.com/ckujPbpZOfl3a1T016BM-9Q-WNHjSbBR8IZY3_Y-qno/rs:fit/g:sm/q:90/h:552/w:600/czM6Ly9kaXNjb2dz/LWRhdGFiYXNlLWlt/YWdlcy9SLTEwMzY1/MDczLTE0OTYwNTk0/NjEtMTMwOC5qcGVn.jpeg,https://i.discogs.com/ckujPbpZOfl3a1T016BM-9Q-WNHjSbBR8IZY3_Y-qno/rs:fit/g:sm/q:90/h:552/w:600/czM6Ly9kaXNjb2dz/LWRhdGFiYXNlLWlt/YWdlcy9SLTEwMzY1/MDczLTE0OTYwNTk0/NjEtMTMwOC5qcGVn.jpeg,https://i.discogs.com/zdBhCpPl8o2HQBK8yKrJ-2fpcPG9uXmlo3hQGQECvZ4/rs:fit/g:sm/q:40/h:150/w:150/czM6Ly9kaXNjb2dz/LWRhdGFiYXNlLWlt/YWdlcy9SLTEwMzY1/MDczLTE0OTYwNTk0/NjEtMTMwOC5qcGVn.jpeg,600,552
10365073,secondary,https://i.discogs.com/fetI-abIarLQe79qo5PyMPgyr_tZ4SwYyR9EUy-WbGI/rs:fit/g:sm/q:90/h:600/w:496/czM6Ly9kaXNjb2dz/LWRhdGFiYXNlLWlt/YWdlcy9SLTEwMzY1/MDczLTE1OTM5ODE3/MjctNTM5MC5qcGVn.jpeg,https://i.discogs.com/fetI-abIarLQe79qo5PyMPgyr_tZ4SwYyR9EUy-WbGI/rs:fit/g:sm/q:90/h:600/w:496/czM6Ly9kaXNjb2dz/LWRhdGFiYXNlLWlt/YWdlcy9SLTEwMzY1/MDczLTE1OTM5ODE3/MjctNTM5MC5qcGVn.jpeg,https://i.discogs.com/mElVXrvEzQdxrZ5sU2zmdmlyBIcFI4K-0vz7omxs6KE/rs:fit/g:sm/q:40/h:150/w:150/czM6Ly9kaXNjb2dz/LWRhdGFiYXNlLWlt/YWdlcy9SLTEwMzY1/MDczLTE1OTM5ODE3/MjctNTM5MC5qcGVn.jpeg,496,600
10369244,primary,https://i.discogs.com/c3s23ntoPCRwNH83pRKWk5iH6SgSM7rCzlE4GGJvk6Q/rs:fit/g:sm/q:90/h:600/w:561/czM6Ly9kaXNjb2dz/LWRhdGFiYXNlLWlt/YWdlcy9SLTEwMzY5/MjQ0LTE0OTYxMjQ2/MTAtOTc0NS5qcGVn.jpeg,https://i.discogs.com/c3s23ntoPCRwNH83pRKWk5iH6SgSM7rCzlE4GGJvk6Q/rs:fit/g:sm/q:90/h:600/w:561/czM6Ly9kaXNjb2dz/LWRhdGFiYXNlLWlt/YWdlcy9SLTEwMzY5/MjQ0LTE0OTYxMjQ2/MTAtOTc0NS5qcGVn.jpeg,https://i.discogs.com/Q9OtmwxFddcUBmbVFbDrCYzsvACvQgmiBiIWdwhO3UQ/rs:fit/g:sm/q:40/h:150/w:150/czM6Ly9kaXNjb2dz/LWRhdGFiYXNlLWlt/YWdlcy9SLTEwMzY5/MjQ0LTE0OTYxMjQ2/MTAtOTc0NS5qcGVn.jpeg,561,600
10369244,secondary,https://i.discogs.com/zsj4evVvhkTttUXWTm5s1_G0wWQ37ego2LJmg2FAEwo/rs:fit/g:sm/q:90/h:600/w:535/czM6Ly9kaXNjb2dz/LWRhdGFiYXNlLWlt/YWdlcy9SLTEwMzY5/MjQ0LTE0OTYxMjQ1/MjktNzcwMS5qcGVn.jpeg,https://i.discogs.com/zsj4evVvhkTttUXWTm5s1_G0wWQ37ego2LJmg2FAEwo/rs:fit/g:sm/q:90/h:600/w:535/czM6Ly9kaXNjb2dz/LWRhdGFiYXNlLWlt/YWdlcy9SLTEwMzY5/MjQ0LTE0OTYxMjQ1/MjktNzcwMS5qcGVn.jpeg,https://i.discogs.com/yWWKPIVAtciY82r0p1MM5p5Wh9rQnFDnz4j0npPhlD8/rs:fit/g:sm/q:40/h:150/w:150/czM6Ly9kaXNjb2dz/LWRhdGFiYXNlLWlt/YWdlcy9SLTEwMzY5/MjQ0LTE0OTYxMjQ1/MjktNzcwMS5qcGVn.jpeg,535,600
10369244,secondary,https://i.discogs.com/tunW9gxSMnGqsr4HDF_3W6v9ORGjLi78P0VgRH6Xlu8/rs:fit/g:sm/q:90/h:600/w:498/czM6Ly9kaXNjb2dz/LWRhdGFiYXNlLWlt/YWdlcy9SLTEwMzY5/MjQ0LTE0OTYxMjQ1/MzUtMzY1MS5qcGVn.jpeg,https://i.discogs.com/tunW9gxSMnGqsr4HDF_3W6v9ORGjLi78P0VgRH6Xlu8/rs:fit/g:sm/q:90/h:600/w:498/czM6Ly9kaXNjb2dz/LWRhdGFiYXNlLWlt/YWdlcy9SLTEwMzY5/MjQ0LTE0OTYxMjQ1/MzUtMzY1MS5qcGVn.jpeg,https://i.discogs.com/5aYib5Q2XZNesAlSuoKQKjgdnxGPOa-cz6fxv2ZsS4Y/rs:fit/g:sm/q:40/h:150/w:150/czM6Ly9kaXNjb2dz/LWRhdGFiYXNlLWlt/YWdlcy9SLTEwMzY5/MjQ0LTE0OTYxMjQ1/MzUtMzY1MS5qcGVn.jpeg,498,600
10369244,secondary,https://i.discogs.com/9KO_g0JGXE2YDeXJP6gpXv5EsWGVintm79yI7W082J4/rs:fit/g:sm/q:90/h:600/w:488/czM6Ly9kaXNjb2dz/LWRhdGFiYXNlLWlt/YWdlcy9SLTEwMzY5/MjQ0LTE0OTYxMjQ1/MjktMTkyOS5qcGVn.jpeg,https://i.discogs.com/9KO_g0JGXE2YDeXJP6gpXv5EsWGVintm79yI7W082J4/rs:fit/g:sm/q:90/h:600/w:488/czM6Ly9kaXNjb2dz/LWRhdGFiYXNlLWlt/YWdlcy9SLTEwMzY5/MjQ0LTE0OTYxMjQ1/MjktMTkyOS5qcGVn.jpeg,https://i.discogs.com/Kp5o_bnB_4pir7KnjFGF6q5YTmV0gLEn5-6ParUArww/rs:fit/g:sm/q:40/h:150/w:150/czM6Ly9kaXNjb2dz/LWRhdGFiYXNlLWlt/YWdlcy9SLTEwMzY5/MjQ0LTE0OTYxMjQ1/MjktMTkyOS5qcGVn.jpeg,488,600
10369244,secondary,https://i.discogs.com/fnk0uFAWfS5KYiP3pWanv_IOU2m1Irfon51tdllNtg0/rs:fit/g:sm/q:90/h:600/w:550/czM6Ly9kaXNjb2dz/LWRhdGFiYXNlLWlt/YWdlcy9SLTEwMzY5/MjQ0LTE0OTYxMjQ1/MzMtNjk2Ny5qcGVn.jpeg,https://i.discogs.com/fnk0uFAWfS5KYiP3pWanv_IOU2m1Irfon51tdllNtg0/rs:fit/g:sm/q:90/h:600/w:550/czM6Ly9kaXNjb2dz/LWRhdGFiYXNlLWlt/YWdlcy9SLTEwMzY5/MjQ0LTE0OTYxMjQ1/MzMtNjk2Ny5qcGVn.jpeg,https://i.discogs.com/-X__QRBqOB7cxRYXQMA_e2T5zHqNHE-Av9am3imtczU/rs:fit/g:sm/q:40/h:150/w:150/czM6Ly9kaXNjb2dz/LWRhdGFiYXNlLWlt/YWdlcy9SLTEwMzY5/MjQ0LTE0OTYxMjQ1/MzMtNjk2Ny5qcGVn.jpeg,550,600
10396452,primary,https://i.discogs.com/hhtoTY_IFHf2ziifJNxW2ZyKXZOuYieOHsMJIwyCKlg/rs:fit/g:sm/q:90/h:592/w:600/czM6Ly9kaXNjb2dz/LWRhdGFiYXNlLWlt/YWdlcy9SLTEwMzk2/NDUyLTE0OTY3MTI0/MTktNjE0NC5qcGVn.jpeg,https://i.discogs.com/hhtoTY_IFHf2ziifJNxW2ZyKXZOuYieOHsMJIwyCKlg/rs:fit/g:sm/q:90/h:592/w:600/czM6Ly9kaXNjb2dz/LWRhdGFiYXNlLWlt/YWdlcy9SLTEwMzk2/NDUyLTE0OTY3MTI0/MTktNjE0NC5qcGVn.jpeg,https://i.discogs.com/ZakXygrZkIuM4axYp6G0V7O8nQmN3SW--x2XgL-Mf9M/rs:fit/g:sm/q:40/h:150/w:150/czM6Ly9kaXNjb2dz/LWRhdGFiYXNlLWlt/YWdlcy9SLTEwMzk2/NDUyLTE0OTY3MTI0/MTktNjE0NC5qcGVn.jpeg,600,592
10396452,secondary,https://i.discogs.com/LGrR24SAd5G36pvRlExf236AHuZg7ck-C_AJz2ep7Ms/rs:fit/g:sm/q:90/h:600/w:594/czM6Ly9kaXNjb2dz/LWRhdGFiYXNlLWlt/YWdlcy9SLTEwMzk2/NDUyLTE0OTY3MTI0/MTktMTM3OC5qcGVn.jpeg,https://i.discogs.com/LGrR24SAd5G36pvRlExf236AHuZg7ck-C_AJz2ep7Ms/rs:fit/g:sm/q:90/h:600/w:594/czM6Ly9kaXNjb2dz/LWRhdGFiYXNlLWlt/YWdlcy9SLTEwMzk2/NDUyLTE0OTY3MTI0/MTktMTM3OC5qcGVn.jpeg,https://i.discogs.com/E_DQspC6RTghCBSlmFMoIqUQN6l-Iyq4xrEgFw1WiwM/rs:fit/g:sm/q:40/h:150/w:150/czM6Ly9kaXNjb2dz/LWRhdGFiYXNlLWlt/YWdlcy9SLTEwMzk2/NDUyLTE0OTY3MTI0/MTktMTM3OC5qcGVn.jpeg,594,600
1040908,primary,https://i.discogs.com/D7kgWYxXVruT-lodqsDnPoOn-OD6XU6NQxBnaGOgUEk/rs:fit/g:sm/q:90/h:600/w:600/czM6Ly9kaXNjb2dz/LWRhdGFiYXNlLWlt/YWdlcy9SLTEwNDA5/MDgtMTQ1ODU5NDgz/MS04MDIzLmpwZWc.jpeg,https://i.discogs.com/D7kgWYxXVruT-lodqsDnPoOn-OD6XU6NQxBnaGOgUEk/rs:fit/g:sm/q:90/h:600/w:600/czM6Ly9kaXNjb2dz/LWRhdGFiYXNlLWlt/YWdlcy9SLTEwNDA5/MDgtMTQ1ODU5NDgz/MS04MDIzLmpwZWc.jpeg,https://i.discogs.com/Y_Yd_bkDBhAIudBsLD9xViSSSzuQHoRM-ILgXofQD3k/rs:fit/g:sm/q:40/h:150/w:150/czM6Ly9kaXNjb2dz/LWRhdGFiYXNlLWlt/YWdlcy9SLTEwNDA5/MDgtMTQ1ODU5NDgz/MS04MDIzLmpwZWc.jpeg,600,600
1040908,secondary,https://i.discogs.com/ldEBbazbifOee32bGQzEMM_QEsQtAvwiR7BbJZDoZUM/rs:fit/g:sm/q:90/h:500/w:600/czM6Ly9kaXNjb2dz/LWRhdGFiYXNlLWlt/YWdlcy9SLTEwNDA5/MDgtMTI1NzU1MTY4/OS5qcGVn.jpeg,https://i.discogs.com/ldEBbazbifOee32bGQzEMM_QEsQtAvwiR7BbJZDoZUM/rs:fit/g:sm/q:90/h:500/w:600/czM6Ly9kaXNjb2dz/LWRhdGFiYXNlLWlt/YWdlcy9SLTEwNDA5/MDgtMTI1NzU1MTY4/OS5qcGVn.jpeg,https://i.discogs.com/NYb1Ok5kBSmvhowIexuPSmjOqbJCYTJMBvZWaUvmPcI/rs:fit/g:sm/q:40/h:150/w:150/czM6Ly9kaXNjb2dz/LWRhdGFiYXNlLWlt/YWdlcy9SLTEwNDA5/MDgtMTI1NzU1MTY4/OS5qcGVn.jpeg,600,500
1040908,secondary,https://i.discogs.com/2QGZVwHcRDxjE8Ilp_zqJzBx28-MDfc_Eo_JNfQMahA/rs:fit/g:sm/q:90/h:593/w:600/czM6Ly9kaXNjb2dz/LWRhdGFiYXNlLWlt/YWdlcy9SLTEwNDA5/MDgtMTYxNTk4ODM2/Ny00NDA2LmpwZWc.jpeg,https://i.discogs.com/2QGZVwHcRDxjE8Ilp_zqJzBx28-MDfc_Eo_JNfQMahA/rs:fit/g:sm/q:90/h:593/w:600/czM6Ly9kaXNjb2dz/LWRhdGFiYXNlLWlt/YWdlcy9SLTEwNDA5/MDgtMTYxNTk4ODM2/Ny00NDA2LmpwZWc.jpeg,https://i.discogs.com/l4sVfqnRdcEeb-nbmxu4lWO1uCMo005AVdUuFYmNC8U/rs:fit/g:sm/q:40/h:150/w:150/czM6Ly9kaXNjb2dz/LWRhdGFiYXNlLWlt/YWdlcy9SLTEwNDA5/MDgtMTYxNTk4ODM2/Ny00NDA2LmpwZWc.jpeg,600,593
1040908,secondary,https://i.discogs.com/HN31VEaFEuptCcufv9vcWTVvReYojWnRVH9M_f54ces/rs:fit/g:sm/q:90/h:593/w:600/czM6Ly9kaXNjb2dz/LWRhdGFiYXNlLWlt/YWdlcy9SLTEwNDA5/MDgtMTYxNTk4ODM2/Ny0xMTA4LmpwZWc.jpeg,https://i.discogs.com/HN31VEaFEuptCcufv9vcWTVvReYojWnRVH9M_f54ces/rs:fit/g:sm/q:90/h:593/w:600/czM6Ly9kaXNjb2dz/LWRhdGFiYXNlLWlt/YWdlcy9SLTEwNDA5/MDgtMTYxNTk4ODM2/Ny0xMTA4LmpwZWc.jpeg,https://i.discogs.com/u6yLFn6Cnkj8MAvXklWcsFDKu0dfyLHxHdiN0IEb-Mo/rs:fit/g:sm/q:40/h:150/w:150/czM6Ly9kaXNjb2dz/LWRhdGFiYXNlLWlt/YWdlcy9SLTEwNDA5/MDgtMTYxNTk4ODM2/Ny0xMTA4LmpwZWc.jpeg,600,593
10414894,secondary,https://i.discogs.com/O8zWJ1B7C9ZAqeDgghiXtaZ7FECJmCrJC8AHfNTQibg/rs:fit/g:sm/q:90/h:591/w:600/czM6Ly9kaXNjb2dz/LWRhdGFiYXNlLWlt/YWdlcy9SLTEwNDE0/ODk0LTE0OTY5NTU1/NDYtMzE2OS5qcGVn.jpeg,https://i.discogs.com/O8zWJ1B7C9ZAqeDgghiXtaZ7FECJmCrJC8AHfNTQibg/rs:fit/g:sm/q:90/h:591/w:600/czM6Ly9kaXNjb2dz/LWRhdGFiYXNlLWlt/YWdlcy9SLTEwNDE0/ODk0LTE0OTY5NTU1/NDYtMzE2OS5qcGVn.jpeg,https://i.discogs.com/He-3cAaLBq9VFq_AZAdukWShJRkXDCbFLCS7jOQogIs/rs:fit/g:sm/q:40/h:150/w:150/czM6Ly9kaXNjb2dz/LWRhdGFiYXNlLWlt/YWdlcy9SLTEwNDE0/ODk0LTE0OTY5NTU1/NDYtMzE2OS5qcGVn.jpeg,600,591
10414894,secondary,https://i.discogs.com/G8VfKX95UxCdC3LZT4Ysz2JdT9TZfJDwjVqsCFvn9ZQ/rs:fit/g:sm/q:90/h:592/w:600/czM6Ly9kaXNjb2dz/LWRhdGFiYXNlLWlt/YWdlcy9SLTEwNDE0/ODk0LTE0OTY5NTU1/NTQtNDc0OC5qcGVn.jpeg,https://i.discogs.com/G8VfKX95UxCdC3LZT4Ysz2JdT9TZfJDwjVqsCFvn9ZQ/rs:fit/g:sm/q:90/h:592/w:600/czM6Ly9kaXNjb2dz/LWRhdGFiYXNlLWlt/YWdlcy9SLTEwNDE0/ODk0LTE0OTY5NTU1/NTQtNDc0OC5qcGVn.jpeg,https://i.discogs.com/4J5tp3n0gZt8WCGCHlQFl6A8Cn7srnDW_Ds0GrXi7sw/rs:fit/g:sm/q:40/h:150/w:150/czM6Ly9kaXNjb2dz/LWRhdGFiYXNlLWlt/YWdlcy9SLTEwNDE0/ODk0LTE0OTY5NTU1/NTQtNDc0OC5qcGVn.jpeg,600,592
10414894,secondary,https://i.discogs.com/BTrNM9gmknHQCNql09cIX7xZcEmx-5jaUl4-ljOPQXI/rs:fit/g:sm/q:90/h:593/w:600/czM6Ly9kaXNjb2dz/LWRhdGFiYXNlLWlt/YWdlcy9SLTEwNDE0/ODk0LTE0OTY5NTU1/NjQtMjQyMS5qcGVn.jpeg,https://i.discogs.com/BTrNM9gmknHQCNql09cIX7xZcEmx-5jaUl4-ljOPQXI/rs:fit/g:sm/q:90/h:593/w:600/czM6Ly9kaXNjb2dz/LWRhdGFiYXNlLWlt/YWdlcy9SLTEwNDE0/ODk0LTE0OTY5NTU1/NjQtMjQyMS5qcGVn.jpeg,https://i.discogs.com/6ROg-BceGVMMT77jCd29He_rt6f0JQjKjyreeCi1a8k/rs:fit/g:sm/q:40/h:150/w:150/czM6Ly9kaXNjb2dz/LWRhdGFiYXNlLWlt/YWdlcy9SLTEwNDE0/ODk0LTE0OTY5NTU1/NjQtMjQyMS5qcGVn.jpeg,600,593
10414894,secondary,https://i.discogs.com/dJYbQpOI8Rx3hef62TUvdF4SAGgmjyNxOUIVLaX5oSM/rs:fit/g:sm/q:90/h:593/w:600/czM6Ly9kaXNjb2dz/LWRhdGFiYXNlLWlt/YWdlcy9SLTEwNDE0/ODk0LTE0OTY5NTU1/NzAtNzIzOC5qcGVn.jpeg,https://i.discogs.com/dJYbQpOI8Rx3hef62TUvdF4SAGgmjyNxOUIVLaX5oSM/rs:fit/g:sm/q:90/h:593/w:600/czM6Ly9kaXNjb2dz/LWRhdGFiYXNlLWlt/YWdlcy9SLTEwNDE0/ODk0LTE0OTY5NTU1/NzAtNzIzOC5qcGVn.jpeg,https://i.discogs.com/l3RW7N91xk4cuAg9cJDhki2eW3l2QwM8U2_iDg0SLKo/rs:fit/g:sm/q:40/h:150/w:150/czM6Ly9kaXNjb2dz/LWRhdGFiYXNlLWlt/YWdlcy9SLTEwNDE0/ODk0LTE0OTY5NTU1/NzAtNzIzOC5qcGVn.jpeg,600,593
10414894,secondary,https://i.discogs.com/g97jM2y6Q9KUfwnfw5km4xALBoGrdS_FoTCnYN8FAxA/rs:fit/g:sm/q:90/h:498/w:419/czM6Ly9kaXNjb2dz/LWRhdGFiYXNlLWlt/YWdlcy9SLTEwNDE0/ODk0LTE0OTY5NTU1/NzgtNDIzNC5qcGVn.jpeg,https://i.discogs.com/g97jM2y6Q9KUfwnfw5km4xALBoGrdS_FoTCnYN8FAxA/rs:fit/g:sm/q:90/h:498/w:419/czM6Ly9kaXNjb2dz/LWRhdGFiYXNlLWlt/YWdlcy9SLTEwNDE0/ODk0LTE0OTY5NTU1/NzgtNDIzNC5qcGVn.jpeg,https://i.discogs.com/SezUEzJIpAFYNvZSbvceB3cWR4_lLOeyh4qlFFWHTo4/rs:fit/g:sm/q:40/h:150/w:150/czM6Ly9kaXNjb2dz/LWRhdGFiYXNlLWlt/YWdlcy9SLTEwNDE0/ODk0LTE0OTY5NTU1/NzgtNDIzNC5qcGVn.jpeg,419,498
1042422,primary,https://i.discogs.com/Q1SZXVVan9VE_ZozqV2ynxNaQTMDPN6vemZkkaVPXxs/rs:fit/g:sm/q:90/h:600/w:420/czM6Ly9kaXNjb2dz/LWRhdGFiYXNlLWlt/YWdlcy9SLTEwNDI0/MjItMTU2NTA5MTA2/NC0xMDc4LmpwZWc.jpeg,https://i.discogs.com/Q1SZXVVan9VE_ZozqV2ynxNaQTMDPN6vemZkkaVPXxs/rs:fit/g:sm/q:90/h:600/w:420/czM6Ly9kaXNjb2dz/LWRhdGFiYXNlLWlt/YWdlcy9SLTEwNDI0/MjItMTU2NTA5MTA2/NC0xMDc4LmpwZWc.jpeg,https://i.discogs.com/-vCrwjnakNENvsWkz9DHA9EZXsr6qVLcL-ri0HcJLCg/rs:fit/g:sm/q:40/h:150/w:150/czM6Ly9kaXNjb2dz/LWRhdGFiYXNlLWlt/YWdlcy9SLTEwNDI0/MjItMTU2NTA5MTA2/NC0xMDc4LmpwZWc.jpeg,420,600
1042422,secondary,https://i.discogs.com/MPENxqHZdQJetOQv4qQzuFZM5xyIzwXZ2V4kgWzNy6c/rs:fit/g:sm/q:90/h:600/w:420/czM6Ly9kaXNjb2dz/LWRhdGFiYXNlLWlt/YWdlcy9SLTEwNDI0/MjItMTU2NTA5MTA2/Mi02NTEwLmpwZWc.jpeg,https://i.discogs.com/MPENxqHZdQJetOQv4qQzuFZM5xyIzwXZ2V4kgWzNy6c/rs:fit/g:sm/q:90/h:600/w:420/czM6Ly9kaXNjb2dz/LWRhdGFiYXNlLWlt/YWdlcy9SLTEwNDI0/MjItMTU2NTA5MTA2/Mi02NTEwLmpwZWc.jpeg,https://i.discogs.com/bfuTlX9ZSQShuOWVp7MpPXGwcSz7b1SIxOS6Z749L64/rs:fit/g:sm/q:40/h:150/w:150/czM6Ly9kaXNjb2dz/LWRhdGFiYXNlLWlt/YWdlcy9SLTEwNDI0/MjItMTU2NTA5MTA2/Mi02NTEwLmpwZWc.jpeg,420,600
1042422,secondary,https://i.discogs.com/-d4aShmIGe-8rfCLijM04koZB74TvPkr6RuX5dlCtV8/rs:fit/g:sm/q:90/h:505/w:600/czM6Ly9kaXNjb2dz/LWRhdGFiYXNlLWlt/YWdlcy9SLTEwNDI0/MjItMTU2NTA5MTA2/My0zNDY4LmpwZWc.jpeg,https://i.discogs.com/-d4aShmIGe-8rfCLijM04koZB74TvPkr6RuX5dlCtV8/rs:fit/g:sm/q:90/h:505/w:600/czM6Ly9kaXNjb2dz/LWRhdGFiYXNlLWlt/YWdlcy9SLTEwNDI0/MjItMTU2NTA5MTA2/My0zNDY4LmpwZWc.jpeg,https://i.discogs.com/mZClyr-wa1RyN6PEcZYak4OGnhlXWqtsTKxi-eIg2Y0/rs:fit/g:sm/q:40/h:150/w:150/czM6Ly9kaXNjb2dz/LWRhdGFiYXNlLWlt/YWdlcy9SLTEwNDI0/MjItMTU2NTA5MTA2/My0zNDY4LmpwZWc.jpeg,600,505
1042422,secondary,https://i.discogs.com/IKlPVXq_fNYKdt6WXvD9NIZKpwL-btzjAos2NNIB8oA/rs:fit/g:sm/q:90/h:505/w:600/czM6Ly9kaXNjb2dz/LWRhdGFiYXNlLWlt/YWdlcy9SLTEwNDI0/MjItMTU2NTA5MTA2/My0yNDgzLmpwZWc.jpeg,https://i.discogs.com/IKlPVXq_fNYKdt6WXvD9NIZKpwL-btzjAos2NNIB8oA/rs:fit/g:sm/q:90/h:505/w:600/czM6Ly9kaXNjb2dz/LWRhdGFiYXNlLWlt/YWdlcy9SLTEwNDI0/MjItMTU2NTA5MTA2/My0yNDgzLmpwZWc.jpeg,https://i.discogs.com/d701s30_4y5xltpLVF4TFCMHsSJmJZf5dBboFP004mw/rs:fit/g:sm/q:40/h:150/w:150/czM6Ly9kaXNjb2dz/LWRhdGFiYXNlLWlt/YWdlcy9SLTEwNDI0/MjItMTU2NTA5MTA2/My0yNDgzLmpwZWc.jpeg,600,505
1042422,secondary,https://i.discogs.com/-utkDywH3eXyUmZvxo_dgZD6MTXxxZL4UXELLVvAewU/rs:fit/g:sm/q:90/h:501/w:600/czM6Ly9kaXNjb2dz/LWRhdGFiYXNlLWlt/YWdlcy9SLTEwNDI0/MjItMTU2NTA5MTA2/NC05MTIwLmpwZWc.jpeg,https://i.discogs.com/-utkDywH3eXyUmZvxo_dgZD6MTXxxZL4UXELLVvAewU/rs:fit/g:sm/q:90/h:501/w:600/czM6Ly9kaXNjb2dz/LWRhdGFiYXNlLWlt/YWdlcy9SLTEwNDI0/MjItMTU2NTA5MTA2/NC05MTIwLmpwZWc.jpeg,https://i.discogs.com/Skai_qNPLYaX9CmS8Tw9uZ4LRBFucy8EWetAF7MU-DY/rs:fit/g:sm/q:40/h:150/w:150/czM6Ly9kaXNjb2dz/LWRhdGFiYXNlLWlt/YWdlcy9SLTEwNDI0/MjItMTU2NTA5MTA2/NC05MTIwLmpwZWc.jpeg,600,501
1043582,primary,https://i.discogs.com/7aRT4zC1_rtWOqOXbw4uUFiA19Mm3KlMm9iUralUcMY/rs:fit/g:sm/q:90/h:454/w:500/czM6Ly9kaXNjb2dz/LWRhdGFiYXNlLWlt/YWdlcy9SLTEwNDM1/ODItMTM4ODc5MTY4/Ni01MzI5LmpwZWc.jpeg,https://i.discogs.com/7aRT4zC1_rtWOqOXbw4uUFiA19Mm3KlMm9iUralUcMY/rs:fit/g:sm/q:90/h:454/w:500/czM6Ly9kaXNjb2dz/LWRhdGFiYXNlLWlt/YWdlcy9SLTEwNDM1/ODItMTM4ODc5MTY4/Ni01MzI5LmpwZWc.jpeg,https://i.discogs.com/MK-uR6vsCts3cx1sznNIimGw_8R1v6s1nm_RUkfBsLc/rs:fit/g:sm/q:40/h:150/w:150/czM6Ly9kaXNjb2dz/LWRhdGFiYXNlLWlt/YWdlcy9SLTEwNDM1/ODItMTM4ODc5MTY4/Ni01MzI5LmpwZWc.jpeg,500,454
1043582,secondary,https://i.discogs.com/SP2BHIAkhA5dJ2hQzoi9tB7xKtb1Cq2BiPha54deTo8/rs:fit/g:sm/q:90/h:471/w:500/czM6Ly9kaXNjb2dz/LWRhdGFiYXNlLWlt/YWdlcy9SLTEwNDM1/ODItMTM4ODc5MTY5/MS05ODE3LmpwZWc.jpeg,https://i.discogs.com/SP2BHIAkhA5dJ2hQzoi9tB7xKtb1Cq2BiPha54deTo8/rs:fit/g:sm/q:90/h:471/w:500/czM6Ly9kaXNjb2dz/LWRhdGFiYXNlLWlt/YWdlcy9SLTEwNDM1/ODItMTM4ODc5MTY5/MS05ODE3LmpwZWc.jpeg,https://i.discogs.com/wK-DsXVt866xeSLK3XVhd5iIQqwBG84WcMQngam-qIk/rs:fit/g:sm/q:40/h:150/w:150/czM6Ly9kaXNjb2dz/LWRhdGFiYXNlLWlt/YWdlcy9SLTEwNDM1/ODItMTM4ODc5MTY5/MS05ODE3LmpwZWc.jpeg,500,471
1044111,primary,https://i.discogs.com/hrpH9uZRYexZJbUiLCbGhmk4nsjj9wIyB8uChcKJ81Q/rs:fit/g:sm/q:90/h:598/w:600/czM6Ly9kaXNjb2dz/LWRhdGFiYXNlLWlt/YWdlcy9SLTEwNDQx/MTEtMTYxODA5MTYz/OS02NTM2LmpwZWc.jpeg,https://i.discogs.com/hrpH9uZRYexZJbUiLCbGhmk4nsjj9wIyB8uChcKJ81Q/rs:fit/g:sm/q:90/h:598/w:600/czM6Ly9kaXNjb2dz/LWRhdGFiYXNlLWlt/YWdlcy9SLTEwNDQx/MTEtMTYxODA5MTYz/OS02NTM2LmpwZWc.jpeg,https://i.discogs.com/kIsNb6pNpARohB6Ant7m0Y1a3bOle8RkgJ6JKEM28R8/rs:fit/g:sm/q:40/h:150/w:150/czM6Ly9kaXNjb2dz/LWRhdGFiYXNlLWlt/YWdlcy9SLTEwNDQx/MTEtMTYxODA5MTYz/OS02NTM2LmpwZWc.jpeg,600,598
1044111,secondary,https://i.discogs.com/fBfLM6AGqSbaIIyOZi2aU0ls2PcDQTRKpRHF5pIwfEE/rs:fit/g:sm/q:90/h:600/w:595/czM6Ly9kaXNjb2dz/LWRhdGFiYXNlLWlt/YWdlcy9SLTEwNDQx/MTEtMTYxODA5MTY0/MC0yMjA0LmpwZWc.jpeg,https://i.discogs.com/fBfLM6AGqSbaIIyOZi2aU0ls2PcDQTRKpRHF5pIwfEE/rs:fit/g:sm/q:90/h:600/w:595/czM6Ly9kaXNjb2dz/LWRhdGFiYXNlLWlt/YWdlcy9SLTEwNDQx/MTEtMTYxODA5MTY0/MC0yMjA0LmpwZWc.jpeg,https://i.discogs.com/aRPRm3vhsBRG2aSETrGu16QhVKkTTVc2PUsbBJc6g7o/rs:fit/g:sm/q:40/h:150/w:150/czM6Ly9kaXNjb2dz/LWRhdGFiYXNlLWlt/YWdlcy9SLTEwNDQx/MTEtMTYxODA5MTY0/MC0yMjA0LmpwZWc.jpeg,595,600
10444779,primary,https://i.discogs.com/Bz9vwNmk1WgBr_NKdqXtW50TvvJBWAis7W1yOaiq6hg/rs:fit/g:sm/q:90/h:569/w:600/czM6Ly9kaXNjb2dz/LWRhdGFiYXNlLWlt/YWdlcy9SLTEwNDQ0/Nzc5LTE3MDE1MTc3/OTktOTk2Ni5qcGVn.jpeg,https://i.discogs.com/Bz9vwNmk1WgBr_NKdqXtW50TvvJBWAis7W1yOaiq6hg/rs:fit/g:sm/q:90/h:569/w:600/czM6Ly9kaXNjb2dz/LWRhdGFiYXNlLWlt/YWdlcy9SLTEwNDQ0/Nzc5LTE3MDE1MTc3/OTktOTk2Ni5qcGVn.jpeg,https://i.discogs.com/HxYyesnc78GHW_QD6eDPBBb4rPbaOHGli1gnpj7aQmo/rs:fit/g:sm/q:40/h:150/w:150/czM6Ly9kaXNjb2dz/LWRhdGFiYXNlLWlt/YWdlcy9SLTEwNDQ0/Nzc5LTE3MDE1MTc3/OTktOTk2Ni5qcGVn.jpeg,600,569
10444779,secondary,https://i.discogs.com/8iD0K9DAtMDHYB7Mr1ipqr83yPHxAFhcLh6oP9FdP28/rs:fit/g:sm/q:90/h:573/w:600/czM6Ly9kaXNjb2dz/LWRhdGFiYXNlLWlt/YWdlcy9SLTEwNDQ0/Nzc5LTE0OTc2NjUw/NTgtMzU5My5qcGVn.jpeg,https://i.discogs.com/8iD0K9DAtMDHYB7Mr1ipqr83yPHxAFhcLh6oP9FdP28/rs:fit/g:sm/q:90/h:573/w:600/czM6Ly9kaXNjb2dz/LWRhdGFiYXNlLWlt/YWdlcy9SLTEwNDQ0/Nzc5LTE0OTc2NjUw/NTgtMzU5My5qcGVn.jpeg,https://i.discogs.com/691zVzi3OLlnHSPNWBQjIh4RSCZUEtLErXD7LKWwPGo/rs:fit/g:sm/q:40/h:150/w:150/czM6Ly9kaXNjb2dz/LWRhdGFiYXNlLWlt/YWdlcy9SLTEwNDQ0/Nzc5LTE0OTc2NjUw/NTgtMzU5My5qcGVn.jpeg,600,573
10444779,secondary,https://i.discogs.com/DTJpPEOrL7hZfAbzf97X7rILuBiKIDRi8VSLugYtYdM/rs:fit/g:sm/q:90/h:600/w:600/czM6Ly9kaXNjb2dz/LWRhdGFiYXNlLWlt/YWdlcy9SLTEwNDQ0/Nzc5LTE0OTc2NjUw/NTgtOTUwOS5qcGVn.jpeg,https://i.discogs.com/DTJpPEOrL7hZfAbzf97X7rILuBiKIDRi8VSLugYtYdM/rs:fit/g:sm/q:90/h:600/w:600/czM6Ly9kaXNjb2dz/LWRhdGFiYXNlLWlt/YWdlcy9SLTEwNDQ0/Nzc5LTE0OTc2NjUw/NTgtOTUwOS5qcGVn.jpeg,https://i.discogs.com/U8mAgSTIRpQZPPG9J1OCBCaxhx_Jk-JFJII50BeRvg0/rs:fit/g:sm/q:40/h:150/w:150/czM6Ly9kaXNjb2dz/LWRhdGFiYXNlLWlt/YWdlcy9SLTEwNDQ0/Nzc5LTE0OTc2NjUw/NTgtOTUwOS5qcGVn.jpeg,600,600
10444779,secondary,https://i.discogs.com/EyLb6Qt_9NPG3l4pXR6RbLPZP0YEEsaxof5tUeMm670/rs:fit/g:sm/q:90/h:600/w:325/czM6Ly9kaXNjb2dz/LWRhdGFiYXNlLWlt/YWdlcy9SLTEwNDQ0/Nzc5LTE0OTc2NjUw/NTgtNjIyOC5qcGVn.jpeg,https://i.discogs.com/EyLb6Qt_9NPG3l4pXR6RbLPZP0YEEsaxof5tUeMm670/rs:fit/g:sm/q:90/h:600/w:325/czM6Ly9kaXNjb2dz/LWRhdGFiYXNlLWlt/YWdlcy9SLTEwNDQ0/Nzc5LTE0OTc2NjUw/NTgtNjIyOC5qcGVn.jpeg,https://i.discogs.com/6QlzeWDq3pC7NOIJifQijAr7WwIYCR61oMKc3o1I4Pk/rs:fit/g:sm/q:40/h:150/w:150/czM6Ly9kaXNjb2dz/LWRhdGFiYXNlLWlt/YWdlcy9SLTEwNDQ0/Nzc5LTE0OTc2NjUw/NTgtNjIyOC5qcGVn.jpeg,325,600
10444835,primary,https://i.discogs.com/AgUrqXUDmOKRt2MYsexDaJXww5wk-ax5qZh0g0y81bk/rs:fit/g:sm/q:90/h:450/w:600/czM6Ly9kaXNjb2dz/LWRhdGFiYXNlLWlt/YWdlcy9SLTEwNDQ0/ODM1LTE1MTc0Nzcw/NTUtMjc5OC5qcGVn.jpeg,https://i.discogs.com/AgUrqXUDmOKRt2MYsexDaJXww5wk-ax5qZh0g0y81bk/rs:fit/g:sm/q:90/h:450/w:600/czM6Ly9kaXNjb2dz/LWRhdGFiYXNlLWlt/YWdlcy9SLTEwNDQ0/ODM1LTE1MTc0Nzcw/NTUtMjc5OC5qcGVn.jpeg,https://i.discogs.com/lUJlVh5mH0Mvy9JO30VRpDSMXc8u0QhJXz5xKfMQ2uU/rs:fit/g:sm/q:40/h:150/w:150/czM6Ly9kaXNjb2dz/LWRhdGFiYXNlLWlt/YWdlcy9SLTEwNDQ0/ODM1LTE1MTc0Nzcw/NTUtMjc5OC5qcGVn.jpeg,600,450
10444835,secondary,https://i.discogs.com/IO5mKS6rWIXLqG7K7ZESgxQ-zU--vFYCDHfACAFCkVE/rs:fit/g:sm/q:90/h:450/w:600/czM6Ly9kaXNjb2dz/LWRhdGFiYXNlLWlt/YWdlcy9SLTEwNDQ0/ODM1LTE1MTc0Nzcw/NTUtNDA2MS5qcGVn.jpeg,https://i.discogs.com/IO5mKS6rWIXLqG7K7ZESgxQ-zU--vFYCDHfACAFCkVE/rs:fit/g:sm/q:90/h:450/w:600/czM6Ly9kaXNjb2dz/LWRhdGFiYXNlLWlt/YWdlcy9SLTEwNDQ0/ODM1LTE1MTc0Nzcw/NTUtNDA2MS5qcGVn.jpeg,https://i.discogs.com/2wtg5L3yQmlzwrRL4QYhnaYHXcuXB4qjGNLkIHTdk0k/rs:fit/g:sm/q:40/h:150/w:150/czM6Ly9kaXNjb2dz/LWRhdGFiYXNlLWlt/YWdlcy9SLTEwNDQ0/ODM1LTE1MTc0Nzcw/NTUtNDA2MS5qcGVn.jpeg,600,450
10444835,secondary,https://i.discogs.com/ywMiQYDk9ruvLkkqE3MMYidcF41EIQ19nyTNg1xuxjc/rs:fit/g:sm/q:90/h:450/w:600/czM6Ly9kaXNjb2dz/LWRhdGFiYXNlLWlt/YWdlcy9SLTEwNDQ0/ODM1LTE1MTc0Nzcw/NTUtNDE1OC5qcGVn.jpeg,https://i.discogs.com/ywMiQYDk9ruvLkkqE3MMYidcF41EIQ19nyTNg1xuxjc/rs:fit/g:sm/q:90/h:450/w:600/czM6Ly9kaXNjb2dz/LWRhdGFiYXNlLWlt/YWdlcy9SLTEwNDQ0/ODM1LTE1MTc0Nzcw/NTUtNDE1OC5qcGVn.jpeg,https://i.discogs.com/dj5LbO_R2LS9S586h6QL17iCK8oKxDNadKx0kPrrMRQ/rs:fit/g:sm/q:40/h:150/w:150/czM6Ly9kaXNjb2dz/LWRhdGFiYXNlLWlt/YWdlcy9SLTEwNDQ0/ODM1LTE1MTc0Nzcw/NTUtNDE1OC5qcGVn.jpeg,600,450
