kind,etag,id,publishedAt,channelId,title,description,url,channelTitle,playlistId,position,videoId,videoOwnerChannelTitle,videoOwnerChannelId,Discogged
youtube#playlistItem,IimnEIbFlb4HvFQVxl3Qvaa0KPM,VVV0bWtnZ01oWGYxeTRrNWR6SXNpWVJBLnBDUUFyamZMU1RF,2026-03-25T10:27:40Z,UCtmkggMhXf1y4k5dzIsiYRA,BJ Duck - A Bear Needs Love Too,"Label: Big Bear
Country: UK 🇬🇧
Release: 2003

🧸

Thanks and congrats to everyone involved in the making of this tune.

https://www.discogs.com/fr/release/52152-BJ-Duck-Big-Black-Wax

Track uploaded for promotion only, low quality upload (mp3 128), please contact me if you want the track removed. 

Contact IG: @jozmusic",https://i.ytimg.com/vi/pCQArjfLSTE/sddefault.jpg,Jozuplodz,UUtmkggMhXf1y4k5dzIsiYRA,0,pCQArjfLSTE,Jozuplodz,UCtmkggMhXf1y4k5dzIsiYRA,Y
youtube#video,h8a7eoB2l2tvZyAZFC9t2BQScCs,VVV0bWtnZ01oWGYxeTRrNWR6SXNpWVJBLlFISm1hR0FDem93,2026-03-22T17:00:29Z,UCtmkggMhXf1y4k5dzIsiYRA,Zwap - Piche Dj (Tchoufa Figua Mix),"Label: Barclay
Country: France 🇫🇷
Release: 1992

I have no words to describe this 90's House/Techno beauty, so I'll just put what's written on the back of the sleeve:
""Piche DJ: Nom vulgaire de pichulus doujis doujis.
Genre d'insecte hémipèdre propre aux pays chauds méditerranéens; l'abdomen du mâle porte à la base une sorte de double tambour qui produit des bruits stridents et répétés. C'est un insecte nocturne, remarquable par la facilité avec laquelle il imite la voix humaine. (Ex: un Piche de DJ peut en cacher un autre).""
For those who don't understand french it's talking about an insect that lives in the night and that have a drum instead of a belly, and that imitates human voices easily.
So cheers to those Piche DJ insects and hope you enjoy the ride !

Thanks and congrats to everyone involved in the making of this tune.

https://www.discogs.com/fr/release/2664640-Zwap-Piche-Dj-Special-Remix

Track uploaded for promotion only, low quality upload (mp3 128), please contact me if you want the track removed. 

Contact IG: @jozmusic",https://i.ytimg.com/vi/QHJmaGACzow/sddefault.jpg,Jozuplodz,UUtmkggMhXf1y4k5dzIsiYRA,1,QHJmaGACzow,Jozuplodz,UCtmkggMhXf1y4k5dzIsiYRA,Y
youtube#playlistItem,NtvQGS2rxymrYKRvmrQAj9RzaEw,VVV0bWtnZ01oWGYxeTRrNWR6SXNpWVJBLmhQbnVUTTV1QURn,2026-03-18T21:20:40Z,UCtmkggMhXf1y4k5dzIsiYRA,Funky Junction & Mowree – After Dark (Sanctuary's Mix),"Label: Empire State Records
Country: US 🇺🇸
Release: 2003

Let's call this HFFH: Heavy Funky Filtered House 
I love how the bassline is processed, so subtle it's even hard to distinguish but yet it brings some amazing groove to the party ! 
I also like the build-up, and that filtered snare !
Great great loopy tool to bring in some energy !
Hope you enjoy the ride ! 
Thanks and congrats to everyone involved in the making of this tune.

https://www.discogs.com/fr/release/231431-Funky-Junction-Mowree-After-Dark

Track uploaded for promotion only, low quality upload (mp3 128), please contact me if you want the track removed. 

Contact IG: @jozmusic",https://i.ytimg.com/vi/hPnuTM5uADg/sddefault.jpg,Jozuplodz,UUtmkggMhXf1y4k5dzIsiYRA,2,hPnuTM5uADg,Jozuplodz,UCtmkggMhXf1y4k5dzIsiYRA,Y
youtube#video,mnB0qXPQULxjopvBHkxomPZ4hKM,VVV0bWtnZ01oWGYxeTRrNWR6SXNpWVJBLlJ5UVdsNGEwelc0,2026-03-15T11:08:37Z,UCtmkggMhXf1y4k5dzIsiYRA,Soul Creatures Featuring Gill Hicks – Mystery To You (Creative Broken Dub),"Label: Touchdown Recordings
Country: UK 🇬🇧
Release: 2000

You heard the B side before and there goes the A side for some very good broken dubby deep house ! Bassline is rocking !
Seems like mastering's a bit stifled though and the rip's not helping.
Hope you enjoy the ride ! 
Thanks and congrats to everyone involved in the making of this tune.

https://www.discogs.com/fr/release/2034736-Soul-Creatures-Featuring-Gill-Hicks-Mystery-To-You

Track uploaded for promotion only, low quality upload (mp3 128), please contact me if you want the track removed. 

Contact IG: @jozmusic",https://i.ytimg.com/vi/RyQWl4a0zW4/sddefault.jpg,Jozuplodz,UUtmkggMhXf1y4k5dzIsiYRA,3,RyQWl4a0zW4,Jozuplodz,UCtmkggMhXf1y4k5dzIsiYRA,Y
youtube#playlistItem,zcq3MvfPlwD-oyZatZFG-Enw3pU,VVV0bWtnZ01oWGYxeTRrNWR6SXNpWVJBLlA4X1NCOW9vbjF3,2026-03-11T11:26:53Z,UCtmkggMhXf1y4k5dzIsiYRA,Culture Beat Featuring Jo Van Nelsen – Cherry Lips (Magic Vocal Mix -- English),"Label: Epic
Country: US 🇺🇸
Release: 1989

I know this one's a classic and I do prefer the German version but this English Extended version was not on Youtube so I thought it deserved an upload.
Crazy Music.
Hope you enjoy the ride ! 
Thanks and congrats to everyone involved in the making of this tune.

https://www.discogs.com/fr/release/235857-Culture-Beat-Featuring-Jo-Van-Nelsen-Cherry-Lips

Track uploaded for promotion only, low quality upload (mp3 128), please contact me if you want the track removed. 

Contact IG: @jozmusic_",https://i.ytimg.com/vi/P8_SB9oon1w/sddefault.jpg,Jozuplodz,UUtmkggMhXf1y4k5dzIsiYRA,4,P8_SB9oon1w,Jozuplodz,UCtmkggMhXf1y4k5dzIsiYRA,Y
youtube#video,zhr1q78jGWGC3nAZ85E3uOpfbEE,VVV0bWtnZ01oWGYxeTRrNWR6SXNpWVJBLkJEVUYwa0ZSMHZF,2026-03-08T11:54:01Z,UCtmkggMhXf1y4k5dzIsiYRA,"Diva Surprise Feat Georgia Jones – But, I Still Love You (WT Dub Mix)","Label: Scorpio Music
Country: France 🇫🇷
Release: 1999

Emotions and Sweetness, I still love you !
This one features in a podcast I registered for Beau Mot Plage that was released exactly one year ago ! https://soundcloud.com/beaumotplage/podcast-beau-mot-plage-704-joz

Hope you enjoy the ride ! 
Thanks and congrats to everyone involved in the making of this tune.

https://www.discogs.com/fr/release/2666610-Diva-Surprise-Feat-Georgia-Jones-But-I-Still-Love-You

Track uploaded for promotion only, low quality upload (mp3 128), please contact me if you want the track removed. 

Contact IG: @jozmusic_",https://i.ytimg.com/vi/BDUF0kFR0vE/sddefault.jpg,Jozuplodz,UUtmkggMhXf1y4k5dzIsiYRA,5,BDUF0kFR0vE,Jozuplodz,UCtmkggMhXf1y4k5dzIsiYRA,Y
youtube#playlistItem,q9nnFXQx7kAQuk4wDNZcDF6gQQU,VVV0bWtnZ01oWGYxeTRrNWR6SXNpWVJBLmljYkQ0bENNR3R3,2026-03-05T18:33:56Z,UCtmkggMhXf1y4k5dzIsiYRA,Ness – Jam Box (Album Version),"Label: Universal Licensing Music (ULM)
Country: France 🇫🇷
Release: 2000

I was nowhere near imagining the music hidden behind this funny Cover.
I like to try and figuring out the music just looking at covers, but here I was totally stuck. 
You can imagine my feeling while discovering this was some crazy underground funky french touch.
Hope you enjoy the ride ! 
Thanks and congrats to everyone involved in the making of this tune.

https://www.discogs.com/fr/release/2074195-Ness-Jam-Box

Track uploaded for promotion only, low quality upload (mp3 128), please contact me if you want the track removed. 

Contact IG: @jozmusic_",https://i.ytimg.com/vi/icbD4lCMGtw/sddefault.jpg,Jozuplodz,UUtmkggMhXf1y4k5dzIsiYRA,6,icbD4lCMGtw,Jozuplodz,UCtmkggMhXf1y4k5dzIsiYRA,Y
youtube#video,zKMibZoIY79E33GPYFu5Md5zP-U,VVV0bWtnZ01oWGYxeTRrNWR6SXNpWVJBLi1teXlCamhkTEQw,2026-03-02T16:23:30Z,UCtmkggMhXf1y4k5dzIsiYRA,Soul Creatures Featuring Gill Hicks – Mystery To You (Classic Disco Instrumental),"Label: Touchdown Recordings
Country: UK 🇬🇧
Release: 2000

Emotional Deep House ☀️
Don't know if it's my vinyl/rip quality but I sense a bit of a lo-fi vibe here.
But I can tell you this is not classic disco 🤪
Hope you enjoy the ride ! 
Thanks and congrats to everyone involved in the making of this tune.

https://www.discogs.com/fr/release/2034736-Soul-Creatures-Featuring-Gill-Hicks-Mystery-To-You

Track uploaded for promotion only, low quality upload (mp3 128), please contact me if you want the track removed. 

Contact IG: @jozmusic_",https://i.ytimg.com/vi/-myyBjhdLD0/sddefault.jpg,Jozuplodz,UUtmkggMhXf1y4k5dzIsiYRA,7,-myyBjhdLD0,Jozuplodz,UCtmkggMhXf1y4k5dzIsiYRA,Y
youtube#playlistItem,_RpOqnt6Fr4RhF0aUsZ8zpU8hYE,VVV0bWtnZ01oWGYxeTRrNWR6SXNpWVJBLjVsTktTaDBhSmJN,2026-02-26T16:01:24Z,UCtmkggMhXf1y4k5dzIsiYRA,Kira – Hot Child In The City (House Mix),"Label: Relentless Recordings 
Country: US 🇺🇸
Release: 1990

The original House Music, from US 1990.

Hope you enjoy the ride ! 
Thanks and congrats to everyone involved in the making of this tune.

https://www.discogs.com/fr/release/2488086-Kira-Hot-Child-In-The-City

Track uploaded for promotion only, low quality upload (mp3 128), please contact me if you want the track removed. 

Contact IG: @jozmusic_",https://i.ytimg.com/vi/5lNKSh0aJbM/sddefault.jpg,Jozuplodz,UUtmkggMhXf1y4k5dzIsiYRA,8,5lNKSh0aJbM,Jozuplodz,UCtmkggMhXf1y4k5dzIsiYRA,Y
youtube#video,d_12qk56c6WoxP849b_35l-fVJs,VVV0bWtnZ01oWGYxeTRrNWR6SXNpWVJBLlAtZjk5VXByckM4,2026-02-23T15:15:37Z,UCtmkggMhXf1y4k5dzIsiYRA,Outreach – Can't Stop Loving (Mutagen Remix),"Label: Respect! Records
Country: Germany 🇩🇪
Release: 1997

Early Dub Tech House. 
I really like the early tech house vibe; the boundary of the genre was not really defined yet and you can really here the House & the Techno influences. 
On this one we cleary hear that Techno influence; and add to that that Dub imprint and you got your groover.
Just a bit sad about that shorten rim shot/hat that sound a bit of sometimes.
I also like the A1 there and will surely upload it later.
Keen to know more about Mutagen, Outreach and this Respect! Records.
Hope you enjoy the ride ! 
Thanks and congrats to everyone involved in the making of this tune.

https://www.discogs.com/fr/release/721893-Outreach-Cant-Stop-Loving

Track uploaded for promotion only, low quality upload (mp3 128), please contact me if you want the track removed. 

Contact IG: @jozmusic_",https://i.ytimg.com/vi/P-f99UprrC8/sddefault.jpg,Jozuplodz,UUtmkggMhXf1y4k5dzIsiYRA,9,P-f99UprrC8,Jozuplodz,UCtmkggMhXf1y4k5dzIsiYRA,Y
youtube#playlistItem,wHKN7iCyM4aHtkQN5X4OPNdVCDE,VVV0bWtnZ01oWGYxeTRrNWR6SXNpWVJBLmh1bUJyVnJZWVRr,2026-02-20T09:00:19Z,UCtmkggMhXf1y4k5dzIsiYRA,Ava Cherry – Fever (Orlando Mix),"Label: Bull & Butcher Recordings
Country: Italy 🇮🇹
Release: 1991

Undefined sweet candy 🍬 (House)
We're getting emotional for the 100th upload of the channel !
Hope you enjoy the ride ! 
Thanks and congrats to everyone involved in the making of this tune.

https://www.discogs.com/fr/release/1347254-Ava-Cherry-Fever

Track uploaded for promotion only, low quality upload (mp3 128), please contact me if you want the track removed. 

Contact IG: @jozmusic_",https://i.ytimg.com/vi/humBrVrYYTk/sddefault.jpg,Jozuplodz,UUtmkggMhXf1y4k5dzIsiYRA,10,humBrVrYYTk,Jozuplodz,UCtmkggMhXf1y4k5dzIsiYRA,Y
youtube#video,xzDZjusmv7MhNMs93HGrklA04bo,VVV0bWtnZ01oWGYxeTRrNWR6SXNpWVJBLjFVX0FPell1N1dF,2026-02-17T16:05:23Z,UCtmkggMhXf1y4k5dzIsiYRA,Solimoto! – Africa Moves Me (Untitled A),"Label: Larkin Records
Country: UK 🇬🇧
Release: 2002

Ready for some Tribal Action ?
Hope you enjoy the ride ! 
Thanks and congrats to everyone involved in the making of this tune.

https://www.discogs.com/fr/release/2082696-Solimoto-Africa-Moves-Me

Track uploaded for promotion only, low quality upload (mp3 128), please contact me if you want the track removed. 

Contact IG: @jozmusic_",https://i.ytimg.com/vi/1U_AOzYu7WE/sddefault.jpg,Jozuplodz,UUtmkggMhXf1y4k5dzIsiYRA,11,1U_AOzYu7WE,Jozuplodz,UCtmkggMhXf1y4k5dzIsiYRA,Y
youtube#playlistItem,K0Otjig6ReVxAkTjeC0BCcWJsb8,VVV0bWtnZ01oWGYxeTRrNWR6SXNpWVJBLndJdjFPUnk1VGJR,2026-02-14T16:23:16Z,UCtmkggMhXf1y4k5dzIsiYRA,System 7 Featuring Ultra Naté – Altitude (Paradox) (Life Is A Paradox Mix),"Label: 10 Records
Country: UK 🇬🇧
Release: 1992

Very surprised that this classic was not on the tube yet ! 
True Music.
Hope you enjoy the ride ! 
Thanks and congrats to everyone involved in the making of this tune.

https://www.discogs.com/fr/master/19932-System-7-Featuring-Ultra-Nat%C3%A9-Altitude/image/SW1hZ2U6MTU2ODU3Mw==

Track uploaded for promotion only, low quality upload (mp3 128), please contact me if you want the track removed. 

Contact IG: @jozmusic_",https://i.ytimg.com/vi/wIv1ORy5TbQ/sddefault.jpg,Jozuplodz,UUtmkggMhXf1y4k5dzIsiYRA,12,wIv1ORy5TbQ,Jozuplodz,UCtmkggMhXf1y4k5dzIsiYRA,Y
youtube#video,jA0DYxZt-K73Lt7X_C66Q2Qe0fE,VVV0bWtnZ01oWGYxeTRrNWR6SXNpWVJBLmRiNElMZWdRX3NV,2026-02-11T11:04:46Z,UCtmkggMhXf1y4k5dzIsiYRA,Sir Piers Ft. Monique Bingham - Fools Got Nothin' (Reel People Dub),"Label: Curious
Country: UK 🇬🇧
Release: 2005

Broken Deep House with heavyy bassline.
I'm so hooked with this dreamy pad on the background.
Hope you enjoy the ride ! 
Thanks and congrats to everyone involved in the making of this tune.

https://www.discogs.com/fr/release/538153-Sir-Piers-Ft-Monique-Bingham-Fools-Got-Nothin-Part-2-Reel-People-Remixes

Track uploaded for promotion only, low quality upload (mp3 128), please contact me if you want the track removed. 

Contact IG: @jozmusic_",https://i.ytimg.com/vi/db4ILegQ_sU/sddefault.jpg,Jozuplodz,UUtmkggMhXf1y4k5dzIsiYRA,13,db4ILegQ_sU,Jozuplodz,UCtmkggMhXf1y4k5dzIsiYRA,Y
youtube#playlistItem,WZ4bYqgtSZDI9aFbfzHF9qzjGMs,VVV0bWtnZ01oWGYxeTRrNWR6SXNpWVJBLnhYUjRrQlRYY3M0,2026-02-08T17:24:12Z,UCtmkggMhXf1y4k5dzIsiYRA,Fabrizio Mammarella – Panorama (Mudd's Claremont 56 Mix),"Label: Hairy Claw 
Country: UK 🇬🇧
Release: 2004

Trippy Tribal Tech House 🧙‍♂️
Hope you enjoy the ride ! 
Thanks and congrats to everyone involved in the making of this tune.

https://www.discogs.com/fr/release/261568-Fabrizio-Mammarella-Panorama

Track uploaded for promotion only, low quality upload (mp3 128), please contact me if you want the track removed. 

Contact IG: @jozmusic_",https://i.ytimg.com/vi/xXR4kBTXcs4/sddefault.jpg,Jozuplodz,UUtmkggMhXf1y4k5dzIsiYRA,14,xXR4kBTXcs4,Jozuplodz,UCtmkggMhXf1y4k5dzIsiYRA,Y
youtube#video,TMF34QwSYEYAq71bv--0SPt2GPs,VVV0bWtnZ01oWGYxeTRrNWR6SXNpWVJBLnhwRkdzcEdZYVJj,2026-02-05T15:55:05Z,UCtmkggMhXf1y4k5dzIsiYRA,Katshi - Viens Me (Magnetic Groove Special Version),"Label: Omnisonus 
Country: France 🇫🇷
Release: 1997

I like this Trancy House vibe ! Too bad the intro and outro are a bit short in time. Would fancy a small edit.
Fun to see a Laurent Wolf remix on the other side if you like EDM ahah
Hope you enjoy the ride ! 
Thanks and congrats to everyone involved in the making of this tune.

https://www.discogs.com/fr/release/1194117-Katshi-Viens-Me-Les-Remixes

Track uploaded for promotion only, low quality upload (mp3 128), please contact me if you want the track removed. 

Contact IG: @jozmusic_",https://i.ytimg.com/vi/xpFGspGYaRc/sddefault.jpg,Jozuplodz,UUtmkggMhXf1y4k5dzIsiYRA,15,xpFGspGYaRc,Jozuplodz,UCtmkggMhXf1y4k5dzIsiYRA,Y
youtube#playlistItem,z5XvK40dYPKxcZ4KXBMTPRndxVI,VVV0bWtnZ01oWGYxeTRrNWR6SXNpWVJBLlhvNWdKNmo4aVM4,2026-02-02T14:57:05Z,UCtmkggMhXf1y4k5dzIsiYRA,David Panda – Cheated (Spatio Club Mix),"Label: Kass Recordings
Country: Sweden 🇸🇪
Release: 2001

Let yourself be carried away on a Classic Deep House ballad.
The groove, the piano, the guitar, the vocal, the bass guitar, the drums - everything's there to ensure the ballad is going smoothly good.
Hope you enjoy the ride ! 
Thanks and congrats to everyone involved in the making of this tune.

https://www.discogs.com/fr/master/2695853-David-Panda-Cheated

Track uploaded for promotion only, low quality upload (mp3 128), please contact me if you want the track removed. 

Contact IG: @jozmusic_",https://i.ytimg.com/vi/Xo5gJ6j8iS8/sddefault.jpg,Jozuplodz,UUtmkggMhXf1y4k5dzIsiYRA,16,Xo5gJ6j8iS8,Jozuplodz,UCtmkggMhXf1y4k5dzIsiYRA,Y
youtube#video,FZDvCiV6ejs8GC0tdb80qVSzYWI,VVV0bWtnZ01oWGYxeTRrNWR6SXNpWVJBLkpTRnRpUUN3V2tr,2026-01-28T13:38:05Z,UCtmkggMhXf1y4k5dzIsiYRA,Roger Prinz vs. DJ Ren-D – Sandstreet Groove (Original Roger Prinz Mix),"Label: Underworld Recordings 
Country: Germany 🇩🇪
Release: 2001

Prog/Tech House with big muscles and nostalgia.
Sorry for little vinyl jump during first break !
Do not confond with Sandstreet Groove part 2.
Hope you enjoy the ride ! 
Thanks and congrats to everyone involved in the making of this tune.

https://www.discogs.com/fr/release/1055430-Roger-Prinz-vs-DJ-Ren-D-Sandstreet-Groove

Track uploaded for promotion only, low quality upload (mp3 128), please contact me if you want the track removed. 

Contact IG: @jozmusic_",https://i.ytimg.com/vi/JSFtiQCwWkk/sddefault.jpg,Jozuplodz,UUtmkggMhXf1y4k5dzIsiYRA,17,JSFtiQCwWkk,Jozuplodz,UCtmkggMhXf1y4k5dzIsiYRA,Y
youtube#playlistItem,yTxoNcGP3aEVQZRrYoyrkteyul8,VVV0bWtnZ01oWGYxeTRrNWR6SXNpWVJBLnJjVFJtY2hJb1pn,2026-01-25T16:28:03Z,UCtmkggMhXf1y4k5dzIsiYRA,Jan Driver - Arp Impressions (E & D Mix),"Label: SSOH
Country: France 🇫🇷
Release: 1996

Nice to have a Remix of a track from Jan Driver on the Channel, and brought to us in a Housy manner from E&D. Great vibe !
Hope you enjoy the ride ! 
Thanks and congrats to everyone involved in the making of this tune.

https://www.discogs.com/fr/release/159166-Jan-Driver-Arp-Impressions-French-Remixes

Track uploaded for promotion only, low quality upload (mp3 128), please contact me if you want the track removed. 

Contact IG: @jozmusic_",https://i.ytimg.com/vi/rcTRmchIoZg/sddefault.jpg,Jozuplodz,UUtmkggMhXf1y4k5dzIsiYRA,18,rcTRmchIoZg,Jozuplodz,UCtmkggMhXf1y4k5dzIsiYRA,Y
youtube#video,-Hf_bwW688ZlNMQRg1rcJjmr69Q,VVV0bWtnZ01oWGYxeTRrNWR6SXNpWVJBLkc1dXB1VHpHV3RR,2026-01-22T12:49:32Z,UCtmkggMhXf1y4k5dzIsiYRA,Language Lab - Re-Caffeinate (Bushwacka! Mix),"Label: Kahuna Cuts
Country: UK 🇬🇧
Release: 1999

I love when things are going crazy like this ! 
Don't know how to call this, early electrohouse ? early deep tech house ? just crazy house music ? 
In any case we can hear the sound that Bushwacka! was developing and this is so intersting.
Hope you enjoy the ride ! 
Thanks and congrats to everyone involved in the making of this tune.

https://www.discogs.com/fr/master/116004-Language-Lab-Re-Caffeinate

Track uploaded for promotion only, low quality upload (mp3 128), please contact me if you want the track removed. 

Contact IG: @jozmusic_",https://i.ytimg.com/vi/G5upuTzGWtQ/sddefault.jpg,Jozuplodz,UUtmkggMhXf1y4k5dzIsiYRA,19,G5upuTzGWtQ,Jozuplodz,UCtmkggMhXf1y4k5dzIsiYRA,Y
youtube#playlistItem,vIYm_PizZMc-KdAiuD5dF_AUUos,VVV0bWtnZ01oWGYxeTRrNWR6SXNpWVJBLk8zRFNXSkVUYkVV,2026-01-19T15:45:30Z,UCtmkggMhXf1y4k5dzIsiYRA,Daniel Achilles – We Like The Music (Original Mix),"Label: Frunk Records Sthlm 
Country: Sweeden 🇸🇪
Release: 2000

I already uploaded the Håkan Lidbo Remix, and here is the original mix ! 
A bit Deeper I would say.
Hope you enjoy the ride ! 
Thanks and congrats to everyone involved in the making of this tune.

https://www.discogs.com/fr/release/295908-Daniel-Achilles-We-Like-The-Music

Track uploaded for promotion only, low quality upload (mp3 128), please contact me if you want the track removed. 

Contact IG: @jozmusic_",https://i.ytimg.com/vi/O3DSWJETbEU/sddefault.jpg,Jozuplodz,UUtmkggMhXf1y4k5dzIsiYRA,20,O3DSWJETbEU,Jozuplodz,UCtmkggMhXf1y4k5dzIsiYRA,Y
youtube#video,abC4pjdgS316WHG9FpGFWhWr7Wc,VVV0bWtnZ01oWGYxeTRrNWR6SXNpWVJBLmdVWVhJVHhtWmZJ,2026-01-16T18:59:04Z,UCtmkggMhXf1y4k5dzIsiYRA,MSM (Miami Sound Machine) – Jambala (Eu-Topia Mix),"Label: Crescent Moon Records 
Country: US 🇺🇸
Release: 1994

Prog/Tribal House for your soul, your body and your mind. Love the energy.
Hope you enjoy the ride ! 
Thanks and congrats to everyone involved in the making of this tune.

https://www.discogs.com/fr/release/223045-MSM-Miami-Sound-Machine-Donna-Allen-Jambala-Love-Is-The-Thing

Track uploaded for promotion only, low quality upload (mp3 128), please contact me if you want the track removed. 

Contact IG: @jozmusic_",https://i.ytimg.com/vi/gUYXITxmZfI/sddefault.jpg,Jozuplodz,UUtmkggMhXf1y4k5dzIsiYRA,21,gUYXITxmZfI,Jozuplodz,UCtmkggMhXf1y4k5dzIsiYRA,Y
youtube#playlistItem,IHNCo2lZET5FP0lbsblKAnNnc_w,VVV0bWtnZ01oWGYxeTRrNWR6SXNpWVJBLk5nY05YXzU1OUpj,2026-01-13T15:26:10Z,UCtmkggMhXf1y4k5dzIsiYRA,Trik – I'm A Dreamer (Original Mix),"Label: Back Yard Recordings 
Country: UK 🇬🇧
Release: 2003

That's some other Deep Tech House I could picture at an Ibiza beach or on a boat party 🤣
Yet there is something really deep with this track, and I have to say I like every element of it. 
Hope you enjoy the ride ! 
Thanks and congrats to everyone involved in the making of this tune.

https://www.discogs.com/fr/release/131537-Trik-Im-A-Dreamer

Track uploaded for promotion only, low quality upload (mp3 128), please contact me if you want the track removed. 

Contact IG: @jozmusic_",https://i.ytimg.com/vi/NgcNX_559Jc/sddefault.jpg,Jozuplodz,UUtmkggMhXf1y4k5dzIsiYRA,22,NgcNX_559Jc,Jozuplodz,UCtmkggMhXf1y4k5dzIsiYRA,Y
youtube#video,8Vep_ly68T63L2t4caJ-6plS91I,VVV0bWtnZ01oWGYxeTRrNWR6SXNpWVJBLjNyd3JwSWtfbWw4,2026-01-10T16:23:55Z,UCtmkggMhXf1y4k5dzIsiYRA,Hugh K. – Georgia On My Mind (On Your Mind),"Label: Private Life Records
Country: Belgium 🇧🇪
Release: 1992

House music is the best music !
Hope you enjoy the ride ! 
Thanks and congrats to everyone involved in the making of this tune.

https://www.discogs.com/fr/master/165072-Hugh-K-Georgia-On-My-Mind

Track uploaded for promotion only, low quality upload (mp3 128), please contact me if you want the track removed. 

Contact IG: @jozmusic_",https://i.ytimg.com/vi/3rwrpIk_ml8/sddefault.jpg,Jozuplodz,UUtmkggMhXf1y4k5dzIsiYRA,23,3rwrpIk_ml8,Jozuplodz,UCtmkggMhXf1y4k5dzIsiYRA,Y
youtube#playlistItem,M8_c2sRqW1Obj4_R0PcT3dlzdaA,VVV0bWtnZ01oWGYxeTRrNWR6SXNpWVJBLmtENnNCaVhEbjRn,2026-01-07T18:35:32Z,UCtmkggMhXf1y4k5dzIsiYRA,Nikos – City Of Angels (Heavenly Dub),"Label: Under My Skin Records
Country: US 🇺🇸
Release: 2004

The return of Guitar Deep House !
Hope you enjoy the ride ! 
Thanks and congrats to everyone involved in the making of this tune.

https://www.discogs.com/fr/release/262885-Nikos-City-Of-Angels

Track uploaded for promotion only, low quality upload (mp3 128), please contact me if you want the track removed. 

Contact IG: @jozmusic_",https://i.ytimg.com/vi/kD6sBiXDn4g/sddefault.jpg,Jozuplodz,UUtmkggMhXf1y4k5dzIsiYRA,24,kD6sBiXDn4g,Jozuplodz,UCtmkggMhXf1y4k5dzIsiYRA,Y
youtube#video,mZZEtFhjnrqd0C3JXjtu9qx40TQ,VVV0bWtnZ01oWGYxeTRrNWR6SXNpWVJBLjBBdFZUV0ZDRE5V,2026-01-04T11:24:02Z,UCtmkggMhXf1y4k5dzIsiYRA,Pure Essence – Once You FInd It (Macumba Soul Remix),"Label: Casa Casa Recordings
Country: Spain 🇪🇸
Release: 2004

You heard the Dub Club Mix and now you can hear this Electro Disco ""Macumba Soul"" Remix.
This is for the party !
Hope you enjoy the ride ! 
Thanks and congrats to everyone involved in the making of this tune.

https://www.discogs.com/fr/release/3503208-Pure-Essence-Once-You-FInd-It

Track uploaded for promotion only, low quality upload (mp3 128), please contact me if you want the track removed. 

Contact IG: @jozmusic_",https://i.ytimg.com/vi/0AtVTWFCDNU/sddefault.jpg,Jozuplodz,UUtmkggMhXf1y4k5dzIsiYRA,25,0AtVTWFCDNU,Jozuplodz,UCtmkggMhXf1y4k5dzIsiYRA,Y
youtube#playlistItem,g7NoF3jQ2dr2JZBOQc5Ch5Om9s0,VVV0bWtnZ01oWGYxeTRrNWR6SXNpWVJBLnFNZ2FRQUVQNVlN,2026-01-01T20:07:46Z,UCtmkggMhXf1y4k5dzIsiYRA,Unknown Artist – The Love Boot,"Label: No Label
Country: Unknown 🏴
Release Year: Unknown

Lots of mystery for what seems to be an amazing mash up from many samples of famous Disco & House tracks. 
I can recognize one sample: the drums are 100% coming from the Infamous ""Break For Love"" from 1988 Raze (One of my all time House favorite btw). 
Can you help me find where the other samples are coming from ?
Concerning the Unknown artist, a note on Discogs is raising this might be Dj Technics. 
And for the year, it can't be nothing but the 90's.
Hope you enjoy the ride ! 
Thanks and congrats to everyone involved in the making of this tune.

https://www.discogs.com/fr/release/3040754-Unknown-Artist-Fantasy-Island-The-Love-Boot

Track uploaded for promotion only, low quality upload (mp3 128), please contact me if you want the track removed. 

Contact IG: @jozmusic_",https://i.ytimg.com/vi/qMgaQAEP5YM/sddefault.jpg,Jozuplodz,UUtmkggMhXf1y4k5dzIsiYRA,26,qMgaQAEP5YM,Jozuplodz,UCtmkggMhXf1y4k5dzIsiYRA,Y
youtube#video,EexiZaomuuXgy1M-ayhSVQAuris,VVV0bWtnZ01oWGYxeTRrNWR6SXNpWVJBLjRBaUNId0JWcENz,2025-12-29T12:00:09Z,UCtmkggMhXf1y4k5dzIsiYRA,Reel Houze – Can't Live Without You,"Label: Influence:
Country: UK 🇬🇧
Release: 2000

Funky soulfoul House for your mind. 
We're actually on a UK strike of 6 !
Hope you enjoy the ride ! 
Thanks and congrats to everyone involved in the making of this tune.

https://www.discogs.com/fr/release/57321-Reel-Houze-Cant-Live-Without-You-Reel-Rock

Track uploaded for promotion only, low quality upload (mp3 128), please contact me if you want the track removed. 

Contact IG: @jozmusic_",https://i.ytimg.com/vi/4AiCHwBVpCs/sddefault.jpg,Jozuplodz,UUtmkggMhXf1y4k5dzIsiYRA,27,4AiCHwBVpCs,Jozuplodz,UCtmkggMhXf1y4k5dzIsiYRA,Y
youtube#playlistItem,d6ZAu5pBahb6PULfO2rYIT3RduI,VVV0bWtnZ01oWGYxeTRrNWR6SXNpWVJBLkNkRV8taklQVTJ3,2025-12-26T09:34:50Z,UCtmkggMhXf1y4k5dzIsiYRA,The Wayfarers – Don't Let Go (Main Mix),"Label: Hush Hush Recordings
Country: UK 🇬🇧
Release: 2001

Soulful Deep House !
Hope you enjoy the ride ! 
Thanks and congrats to everyone involved in the making of this tune.

https://www.discogs.com/fr/release/221150-The-Wayfarers-The-Surrender-EP

Track uploaded for promotion only, low quality upload (mp3 128), please contact me if you want the track removed. 

Contact IG: @jozmusic_",https://i.ytimg.com/vi/CdE_-jIPU2w/sddefault.jpg,Jozuplodz,UUtmkggMhXf1y4k5dzIsiYRA,28,CdE_-jIPU2w,Jozuplodz,UCtmkggMhXf1y4k5dzIsiYRA,Y
youtube#video,iURieIC01Ksmxw5z7_SfRJUI1-s,VVV0bWtnZ01oWGYxeTRrNWR6SXNpWVJBLjItakhnT0hXcWlF,2025-12-24T11:32:20Z,UCtmkggMhXf1y4k5dzIsiYRA,Language Lab – My Neon Breath,"Label: Kahuna Cuts
Country: UK 🇬🇧
Release: 1999

Crazy about this Electro breakbeat.
Can't help thinking about this Pulp Fiction burger scene: the burger is coming from Big Kahuna Burger 🍔
Will upload the Bushwacka mix soon as well !
Hope you enjoy the ride ! 
Thanks and congrats to everyone involved in the making of this tune.

https://www.discogs.com/fr/master/116004-Language-Lab-Re-Caffeinate

Track uploaded for promotion only, low quality upload (mp3 128), please contact me if you want the track removed. 

Contact IG: @jozmusic_",https://i.ytimg.com/vi/2-jHgOHWqiE/sddefault.jpg,Jozuplodz,UUtmkggMhXf1y4k5dzIsiYRA,29,2-jHgOHWqiE,Jozuplodz,UCtmkggMhXf1y4k5dzIsiYRA,Y
youtube#playlistItem,xR4GxBI5eJ-Fr0u39SPQcH4YSUI,VVV0bWtnZ01oWGYxeTRrNWR6SXNpWVJBLlh0RzljREk3aEdF,2025-12-21T19:09:12Z,UCtmkggMhXf1y4k5dzIsiYRA,Nick & Danny Chatelain – Love Lies (Alex Wolfenden Bagnasty Remix),"Label: Carioca Records
Country: UK 🇬🇧
Release: 2006

A bit of Deep Tech won't hurt.
I will use this opportunity to ravive a big debate between what's deep tech. 
And for me this track is 100% deep tech.
Hope you enjoy the ride ! 
Thanks and congrats to everyone involved in the making of this tune.

https://www.discogs.com/fr/release/1044111-Nick-Danny-Chatelain-Love-Lies

Track uploaded for promotion only, low quality upload (mp3 128), please contact me if you want the track removed. 

Contact IG: @jozmusic_",https://i.ytimg.com/vi/XtG9cDI7hGE/sddefault.jpg,Jozuplodz,UUtmkggMhXf1y4k5dzIsiYRA,30,XtG9cDI7hGE,Jozuplodz,UCtmkggMhXf1y4k5dzIsiYRA,Y
youtube#video,0-TpypntTKJxtbygfaTyftBFNic,VVV0bWtnZ01oWGYxeTRrNWR6SXNpWVJBLlZzQ05qM1NEWHdJ,2025-12-18T11:13:27Z,UCtmkggMhXf1y4k5dzIsiYRA,Pizza Connection – Aus Musika (Natural Mix),"Label: Shoreline Records
Country: UK 🇬🇧
Release: 2000

Funky House Music for the summer ☀️
I could really ear that lead in an old school movie.
And indeed after verification, this is inspired from the Original Soundtrack of the TV Show ""Charlie's Angels"" from 1976.
Hope you enjoy the ride ! 
Thanks and congrats to everyone involved in the making of this tune.

https://www.discogs.com/fr/release/238976-Pizza-Connection-Aus-Musika

Track uploaded for promotion only, low quality upload (mp3 128), please contact me if you want the track removed. 

Contact IG: @jozmusic_",https://i.ytimg.com/vi/VsCNj3SDXwI/sddefault.jpg,Jozuplodz,UUtmkggMhXf1y4k5dzIsiYRA,31,VsCNj3SDXwI,Jozuplodz,UCtmkggMhXf1y4k5dzIsiYRA,Y
youtube#playlistItem,-x_orShnMeCoeNES7Qz9Sl4L6Bo,VVV0bWtnZ01oWGYxeTRrNWR6SXNpWVJBLnRZUmQtWWdUMHpJ,2025-12-15T17:20:48Z,UCtmkggMhXf1y4k5dzIsiYRA,Fiona Prince – High On You Again (Marvel & Eli Instrumental),"Label: Disco Volante 
Country: UK 🇬🇧
Release: 2000

Instrumental Uk Garage 🪕
Hope you enjoy the ride ! 
Thanks and congrats to everyone involved in the making of this tune.

https://www.discogs.com/fr/master/162096-Fiona-Prince-High-On-You-Again

Track uploaded for promotion only, low quality upload (mp3 128), please contact me if you want the track removed. 

Contact IG: @jozmusic_",https://i.ytimg.com/vi/tYRd-YgT0zI/sddefault.jpg,Jozuplodz,UUtmkggMhXf1y4k5dzIsiYRA,32,tYRd-YgT0zI,Jozuplodz,UCtmkggMhXf1y4k5dzIsiYRA,Y
youtube#video,mwUrWHziHKT1ytSXkvntvuZJq-8,VVV0bWtnZ01oWGYxeTRrNWR6SXNpWVJBLkpQYUZMTElOYTZv,2025-12-12T17:23:27Z,UCtmkggMhXf1y4k5dzIsiYRA,Erik Sumo - Just A Woman (Inverse Cinematics 'F*** My F***ing' Remix),"Label: Pulver Records 
Country: Germany 🇩🇪
Release: 2002

Dirrrty jazzy Deep Tech-House 🫦
Hope you enjoy the ride ! 
Thanks and congrats to everyone involved in the making of this tune.

https://www.discogs.com/fr/release/115687-Erik-Sumo-Just-A-Woman

Track uploaded for promotion only, low quality upload (mp3 128), please contact me if you want the track removed. 

Contact IG: @jozmusic_",https://i.ytimg.com/vi/JPaFLLINa6o/sddefault.jpg,Jozuplodz,UUtmkggMhXf1y4k5dzIsiYRA,33,JPaFLLINa6o,Jozuplodz,UCtmkggMhXf1y4k5dzIsiYRA,Y
youtube#playlistItem,iQOcmor58_aeNcjRrqs97brMTWg,VVV0bWtnZ01oWGYxeTRrNWR6SXNpWVJBLl94bE5wblE1cUJz,2025-12-05T19:24:21Z,UCtmkggMhXf1y4k5dzIsiYRA,Daniel Achilles - We Like The Music (Håkan Lidbo Remix),"Label: Frunk Records Sthlm
Country: Sweden 🇸🇪
Release: 2000

Glad to have Håkan Lidbo on the channel for some Disco Electro/House action !
Hope you enjoy the ride ! 
Thanks and congrats to everyone involved in the making of this tune.

https://www.discogs.com/fr/master/903538-Daniel-Achilles-We-Like-The-Music

Track uploaded for promotion only, low quality upload (mp3 128), please contact me if you want the track removed. 

Contact IG: @jozmusic_",https://i.ytimg.com/vi/_xlNpnQ5qBs/sddefault.jpg,Jozuplodz,UUtmkggMhXf1y4k5dzIsiYRA,34,_xlNpnQ5qBs,Jozuplodz,UCtmkggMhXf1y4k5dzIsiYRA,Y
youtube#video,LcVgojOsOT5ry548qTItGhGuMF4,VVV0bWtnZ01oWGYxeTRrNWR6SXNpWVJBLjl0WDBPTGtXa3Bv,2025-12-02T10:46:29Z,UCtmkggMhXf1y4k5dzIsiYRA,Pure Essence – Once You Find It (Dub Club Mix),"Label: Pure Essence
Country: Spain 🇪🇸
Release: 2004

Funky Deep House tool 🛠️
Rare to ear that sound from a Spanish label !
Hope you enjoy the ride ! 
Thanks and congrats to everyone involved in the making of this tune.

https://www.discogs.com/fr/release/3503208-Pure-Essence-Once-You-FInd-It

Track uploaded for promotion only, low quality upload (mp3 128), please contact me if you want the track removed. 

Contact IG: @jozmusic_",https://i.ytimg.com/vi/9tX0OLkWkpo/sddefault.jpg,Jozuplodz,UUtmkggMhXf1y4k5dzIsiYRA,35,9tX0OLkWkpo,Jozuplodz,UCtmkggMhXf1y4k5dzIsiYRA,Y
youtube#playlistItem,lIaEtGMUZcJg9zZNUncAQxZOup0,VVV0bWtnZ01oWGYxeTRrNWR6SXNpWVJBLkJkMHdnYWhHYjV3,2025-11-30T16:24:21Z,UCtmkggMhXf1y4k5dzIsiYRA,Hidden – Hand Take (Alternate Vision),"Label: EMI Electrola
Country: Germany 🇩🇪
Release: 1995

Back to some 90’s wizardries 🧙‍♂️
Pitched the track up to 20% to make it look like a somehow dancefloor option. 
Sorry for the rip quality on this one.
Hope you enjoy the ride ! 
Thanks and congrats to everyone involved in the making of this tune.

https://www.discogs.com/fr/release/1965348-Hidden-Hand-Take

Track uploaded for promotion only, low quality upload (mp3 128), please contact me if you want the track removed. 

Contact IG: @jozmusic_",https://i.ytimg.com/vi/Bd0wgahGb5w/sddefault.jpg,Jozuplodz,UUtmkggMhXf1y4k5dzIsiYRA,36,Bd0wgahGb5w,Jozuplodz,UCtmkggMhXf1y4k5dzIsiYRA,Y
youtube#video,sUe0jybN4cguKrx7IsEYHXTeKFo,VVV0bWtnZ01oWGYxeTRrNWR6SXNpWVJBLm9VWGZRS01tYi00,2025-11-28T12:16:01Z,UCtmkggMhXf1y4k5dzIsiYRA,Heather Hedley – He Is (The DFA Instrumental),"Label: Fall Out Records 
Country: US 🇺🇸
Release: 2002

Dreamy Guitar Deep House 🎸
This track may not have anything fancy, but appears to me as the perfect filler.
Everything is working so well all together, and some elements are just outstanding:
the very percutant snare, the driving bassline, the dreamy pad, and mostly this absolutely crazy solo guitar.
This is working either for a dancefloor or for a chill listening at home.
Hope you enjoy the ride ! 
Thanks and congrats to everyone involved in the making of this tune.

https://www.discogs.com/fr/release/109653-Heather-Hedley-He-Is

Track uploaded for promotion only, low quality upload (mp3 128), please contact me if you want the track removed. 

Contact IG: @jozmusic_",https://i.ytimg.com/vi/oUXfQKMmb-4/sddefault.jpg,Jozuplodz,UUtmkggMhXf1y4k5dzIsiYRA,37,oUXfQKMmb-4,Jozuplodz,UCtmkggMhXf1y4k5dzIsiYRA,Y
youtube#playlistItem,hGDz7tp94Ha7VqlQeVrXwtooy-s,VVV0bWtnZ01oWGYxeTRrNWR6SXNpWVJBLnVYR0stbGxMLUlj,2025-11-26T11:12:05Z,UCtmkggMhXf1y4k5dzIsiYRA,Stargazer – Give It To Ya,"Label: Not on label
Country: Unknown 🏴
Release: 2005

Heavy Electro Disco 🪩
Been a while since I didn't upload some heavy stuff here.
Hope you enjoy the ride ! 
Thanks and congrats to everyone involved in the making of this tune.

https://www.discogs.com/fr/release/775187-Stargazer-Feel-Good-Give-It-To-Ya

Track uploaded for promotion only, low quality upload (mp3 128), please contact me if you want the track removed. 

Contact IG: @jozmusic_",https://i.ytimg.com/vi/uXGK-llL-Ic/sddefault.jpg,Jozuplodz,UUtmkggMhXf1y4k5dzIsiYRA,38,uXGK-llL-Ic,Jozuplodz,UCtmkggMhXf1y4k5dzIsiYRA,Y
youtube#video,4CX13r8M0N-fNo0F-iT6-3Nj9n4,VVV0bWtnZ01oWGYxeTRrNWR6SXNpWVJBLkRtRU9NRzhKdXNR,2025-11-21T13:18:30Z,UCtmkggMhXf1y4k5dzIsiYRA,Lisa Unique - Reputation (Main Mix),"Label: Middlerow Records
Country: UK 🇬🇧
Release: 2000

I found this Middlerow label that released mixtures of UK Garage, Raegge/Dub & House and I like that very much.
I could not listen to all of the releases as for now but this Lisa Unique release sounded directly like a hit to me. 
The House Mix also worth a listen and will surely be uploaded later !
Hope you enjoy the ride ! 
Thanks and congrats to everyone involved in the making of this tune.

https://www.discogs.com/fr/master/197555-Lisa-Unique-Featuring-Valerie-M-Navigator-Reputation

Track uploaded for promotion only, low quality upload (mp3 128), please contact me if you want the track removed. 

Contact IG: @jozmusic_",https://i.ytimg.com/vi/DmEOMG8JusQ/sddefault.jpg,Jozuplodz,UUtmkggMhXf1y4k5dzIsiYRA,39,DmEOMG8JusQ,Jozuplodz,UCtmkggMhXf1y4k5dzIsiYRA,Y
youtube#playlistItem,Ofi00iW9sqK1SdWpBOJcSqraKqY,VVV0bWtnZ01oWGYxeTRrNWR6SXNpWVJBLnhCZm9lenRqUVYw,2025-11-10T15:28:25Z,UCtmkggMhXf1y4k5dzIsiYRA,Alma Horton – Lies (Sweet Abraham's Depth Charge),"Label: Diaspora Recordings
Country: US 🇺🇸
Release: 2002

And yet another US Deep House Gem on the list ! What I like with this track is its Minimal House Groove.
Hope you enjoy the ride ! 
Thanks and congrats to everyone involved in the making of this tune.

https://www.discogs.com/fr/master/321201-Alma-Horton-Lies

Track uploaded for promotion only, low quality upload (mp3 128), please contact me if you want the track removed. 

Contact IG: @jozmusic_",https://i.ytimg.com/vi/xBfoeztjQV0/sddefault.jpg,Jozuplodz,UUtmkggMhXf1y4k5dzIsiYRA,40,xBfoeztjQV0,Jozuplodz,UCtmkggMhXf1y4k5dzIsiYRA,Y
youtube#video,rgRk_tlI_tFiQruCjlr0Nv_DPYw,VVV0bWtnZ01oWGYxeTRrNWR6SXNpWVJBLm4tWm52Mm1UTTdF,2025-11-03T15:42:03Z,UCtmkggMhXf1y4k5dzIsiYRA,Roger Prinz vs. DJ Ren-D – Sandstreet Groove (DJ Ren-D's Paradise Mix),"Label: Underworld Recordings
Country: Germany 🇩🇪
Release: 2001

House Tool 🛠️
You can Find Youtube Topics called ""Sandstreet Groove Part 2"" from same artists but they are not the same tracks as this original Sandstreet Groove release from 2001 (the part 2 was released in 2004).
There was a confusing error between Side A & B on the Discogs ref so I was not sure this track was Ren-D's Paradise Mix but after verification I am sure that it is.
The other track of the release also worth a listen or a play and I will upload it later for sure. 
Hope you enjoy the ride ! 
Thanks and congrats to everyone involved in the making of this tune.

https://www.discogs.com/fr/release/1055430

Track uploaded for promotion only, low quality upload (mp3 128), please contact me if you want the track removed. 

Contact IG: @jozmusic_",https://i.ytimg.com/vi/n-Znv2mTM7E/sddefault.jpg,Jozuplodz,UUtmkggMhXf1y4k5dzIsiYRA,41,n-Znv2mTM7E,Jozuplodz,UCtmkggMhXf1y4k5dzIsiYRA,Y
youtube#playlistItem,KCFtSJiQL9z4BIBntj4KIkqkVaI,VVV0bWtnZ01oWGYxeTRrNWR6SXNpWVJBLmUteHRtLWt2ZzlF,2025-10-27T07:09:08Z,UCtmkggMhXf1y4k5dzIsiYRA,Alex Palmer Feat. Mass – My Love Is For You (Serious Bass Two Step Remix),"Label: Real Groove
Country: Germany 🇩🇪
Release: 2001

UK Garage Feat. House Music Feat. R&B
Not the first time I see printing errors on song duration. 
Don't be surprised by the sudden end of the track. 
Hope you enjoy the ride ! 
Thanks and congrats to everyone involved in the making of this tune.

https://www.discogs.com/fr/release/722726-Alex-Palmer-5-Feat-Mass-My-Love-Is-For-You

Track uploaded for promotion only, low quality upload (mp3 128), please contact me if you want the track removed. 

Contact IG: @jozmusic_",https://i.ytimg.com/vi/e-xtm-kvg9E/sddefault.jpg,Jozuplodz,UUtmkggMhXf1y4k5dzIsiYRA,42,e-xtm-kvg9E,Jozuplodz,UCtmkggMhXf1y4k5dzIsiYRA,Y
youtube#video,CC8A0vtppEAqWkAk-O42nGGo514,VVV0bWtnZ01oWGYxeTRrNWR6SXNpWVJBLnhtTVdkR1AyMFZn,2025-10-20T09:45:07Z,UCtmkggMhXf1y4k5dzIsiYRA,EDK – Pushin' Harder (Original Mix),"Label: Society Hill Recordings
Country: US 🇺🇸
Release: 2001

Another US Deep House on the list !
Hope you enjoy the ride ! 
Thanks and congrats to everyone involved in the making of this tune.

https://www.discogs.com/fr/master/201345-EDK-Pushin-Harder

Track uploaded for promotion only, low quality upload (mp3 128), please contact me if you want the track removed. 

Contact IG: @jozmusic_",https://i.ytimg.com/vi/xmMWdGP20Vg/sddefault.jpg,Jozuplodz,UUtmkggMhXf1y4k5dzIsiYRA,43,xmMWdGP20Vg,Jozuplodz,UCtmkggMhXf1y4k5dzIsiYRA,Y
youtube#playlistItem,mvi1bd2vkKHGsGqd03JfbTHC-iE,VVV0bWtnZ01oWGYxeTRrNWR6SXNpWVJBLkVDeWhqeHh5QzFR,2025-10-13T14:00:03Z,UCtmkggMhXf1y4k5dzIsiYRA,Bingoboys - Ten More Minutes To Eternity (5:50 AM Afterhours Remix),"Label: WEA
Country: Germany 🇩🇪
Release: 1993

Back to the 90's !
Amazing percs are adding a Tribal energy.
Putting a Chorus on the drum bus in some part of the track is a technique I've seen only on those old tracks. 
Funny that the Ep is referenced as ""Pop Rap"" on Discogs as the other tracks are Hip Hop with the famous Carlos Santana Guitar riff.
Hope you enjoy the ride ! 
Thanks and congrats to everyone involved in the making of this tune.

https://www.discogs.com/fr/release/759918-Bingoboys-Ten-More-Minutes

Track uploaded for promotion only, low quality upload (mp3 128), please contact me if you want the track removed. 

Contact IG: @jozmusic_",https://i.ytimg.com/vi/ECyhjxxyC1Q/sddefault.jpg,Jozuplodz,UUtmkggMhXf1y4k5dzIsiYRA,44,ECyhjxxyC1Q,Jozuplodz,UCtmkggMhXf1y4k5dzIsiYRA,Y
youtube#video,MVdk0SHnbBMIhv8sK1S46-a7aYg,VVV0bWtnZ01oWGYxeTRrNWR6SXNpWVJBLjg3Qm1yN3c4aUVn,2025-10-06T14:11:40Z,UCtmkggMhXf1y4k5dzIsiYRA,Hannah Jones – Love On (It's Only Natural) (Live Element Dub),"Label: ERC Records
Country: US 🇺🇸
Release: 2000

Was quite a long time since I did not upload this classic US early 2000 Deep House vibe. It feels good to hear that vibe again even though the track is very nostalgic. 
Hope you enjoy the ride ! 
Thanks and congrats to everyone involved in the making of this tune.

https://www.discogs.com/fr/release/2711572-Hannah-Jones-Love-On-Its-Only-Natural-Remixes

Track uploaded for promotion only, low quality upload (mp3 128), please contact me if you want the track removed. 

Contact IG: @jozmusic_",https://i.ytimg.com/vi/87Bmr7w8iEg/sddefault.jpg,Jozuplodz,UUtmkggMhXf1y4k5dzIsiYRA,45,87Bmr7w8iEg,Jozuplodz,UCtmkggMhXf1y4k5dzIsiYRA,Y
youtube#playlistItem,PaXedsvtiQxF1y9M_5aY6mAzdq4,VVV0bWtnZ01oWGYxeTRrNWR6SXNpWVJBLnFHWk50ZXZRM09n,2025-09-30T16:14:27Z,UCtmkggMhXf1y4k5dzIsiYRA,Ultra Naté – Brass In Pocket (Headrillaz Instrumental),"Label: Blufire
Country: US 🇺🇸
Release: 2003

I sense a Cow-Boy vibe with this heavy US House Track 🤠
Hope you enjoy the ride ! 
Thanks and congrats to everyone involved in the making of this tune.

https://www.discogs.com/fr/release/218172-Ultra-Nat%C3%A9-Brass-In-Pocket

Track uploaded for promotion only, low quality upload (mp3 128), please contact me if you want the track removed. 

Contact IG: @jozmusic_",https://i.ytimg.com/vi/qGZNtevQ3Og/sddefault.jpg,Jozuplodz,UUtmkggMhXf1y4k5dzIsiYRA,46,qGZNtevQ3Og,Jozuplodz,UCtmkggMhXf1y4k5dzIsiYRA,Y
youtube#video,LDEaTpc9EpnG1yTTPC6RpgMrrl8,VVV0bWtnZ01oWGYxeTRrNWR6SXNpWVJBLkllMWxPVXJ3Uzdn,2025-09-22T14:19:27Z,UCtmkggMhXf1y4k5dzIsiYRA,Visa – Gorby Or Not Gorby,"Label: Ariola
Country: France 🇫🇷
Release: 1990

So tell me, Gorby or not Gorby ? 

Double streak on 90's weirderies, this time you have Disco and Rock&Roll joining forces. For a Gorbatchev ref ? 
Hope you enjoy the ride ! 
Thanks and congrats to everyone involved in the making of this tune.

https://www.discogs.com/fr/release/2235206-Visa-Gorby-Or-Not-Gorby

Track uploaded for promotion only, low quality upload (mp3 128), please contact me if you want the track removed. 

Contact IG: @jozmusic_",https://i.ytimg.com/vi/Ie1lOUrwS7g/sddefault.jpg,Jozuplodz,UUtmkggMhXf1y4k5dzIsiYRA,47,Ie1lOUrwS7g,Jozuplodz,UCtmkggMhXf1y4k5dzIsiYRA,Y
youtube#playlistItem,OxUMYZTkDfYV-g7Rzi3mYcaNd04,VVV0bWtnZ01oWGYxeTRrNWR6SXNpWVJBLlpUTXhpRTdHQmYw,2025-09-15T14:14:35Z,UCtmkggMhXf1y4k5dzIsiYRA,Rotation - Schleck Schleck Schleck (Single Mix),"Label: Nice Music
Country: Germany 🇩🇪
Release: 1990

I'm in love with how House Music was made in the early 90's. 
Verse/Chorus scheme is driving crazy. 
Schleck Schleck Schleck ! 

Hope you enjoy the ride ! 
Thanks and congrats to everyone involved in the making of this tune.

https://www.discogs.com/fr/release/10752201-fr

Track uploaded for promotion only, low quality upload (mp3 128), please contact me if you want the track removed. 

Contact IG: @jozmusic_",https://i.ytimg.com/vi/ZTMxiE7GBf0/sddefault.jpg,Jozuplodz,UUtmkggMhXf1y4k5dzIsiYRA,48,ZTMxiE7GBf0,Jozuplodz,UCtmkggMhXf1y4k5dzIsiYRA,Y
youtube#video,_y2jyFjE3xuKQDQzbUDCKC3jRxY,VVV0bWtnZ01oWGYxeTRrNWR6SXNpWVJBLldKQnZmT0c1ZVFJ,2025-09-08T16:22:07Z,UCtmkggMhXf1y4k5dzIsiYRA,Kiko Navarro – Soñando Contigo (English Vocal Mix),"Label: Pacha Recordings
Country: Spain 🇪🇸
Release: 2007

The original Spanish Vocal mix was a hit that moved many dancefloors & gave rise to many remix. But this english vocal mix has been a bit forgotten and I also like it very well. 
Would like to hear that on a beach 🏖️

Hope you enjoy the ride ! 
Thanks and congrats to everyone involved in the making of this tune.

https://www.discogs.com/fr/release/1145816-Kiko-Navarro-So%C3%B1ando-Contigo-Vocal-Mixes

Track uploaded for promotion only, low quality upload (mp3 128), please contact me if you want the track removed. 

Contact IG: @jozmusic_",https://i.ytimg.com/vi/WJBvfOG5eQI/sddefault.jpg,Jozuplodz,UUtmkggMhXf1y4k5dzIsiYRA,49,WJBvfOG5eQI,Jozuplodz,UCtmkggMhXf1y4k5dzIsiYRA,Y
youtube#playlistItem,vbyNNI8HvNzqJTyPo6xx2z4ipA0,VVV0bWtnZ01oWGYxeTRrNWR6SXNpWVJBLlA0OEJwTjIyU0Jn,2025-08-31T17:01:42Z,UCtmkggMhXf1y4k5dzIsiYRA,The Sunclub - Single Minded People (Funky Mix),"Label: Dance Pool
Country: Netherlands 🇳🇱
Release: 1997

Really love the work of Jaydee all over his producing career. Very large, eclectic, and always original. 
He brought us here a dubby & funky break to give the dancefloor some breathing room in a cool fashion. 
Hope you enjoy the ride ! 
Thanks and congrats to everyone involved in the making of this tune.

https://www.discogs.com/fr/release/204370-The-Sunclub-Single-Minded-People

Track uploaded for promotion only, low quality upload (mp3 128), please contact me if you want the track removed. 

Contact IG: @jozmusic_",https://i.ytimg.com/vi/P48BpN22SBg/sddefault.jpg,Jozuplodz,UUtmkggMhXf1y4k5dzIsiYRA,50,P48BpN22SBg,Jozuplodz,UCtmkggMhXf1y4k5dzIsiYRA,Y
youtube#video,Kf2l1XWJT6jZ5T--r-EKo4Vzwxg,VVV0bWtnZ01oWGYxeTRrNWR6SXNpWVJBLmNMT3JBWTRndTNB,2025-08-18T15:55:42Z,UCtmkggMhXf1y4k5dzIsiYRA,Annie Lennox – Pavement Cracks (Goldtrix Dub),"Label: 19 Recordings, RCA & BMG UK/Ireland
Country: UK 🇬🇧
Release: 2003

The Goldtrix Vocal was a hit when released and there is the dub version that stayed under the radar and which would suit underground places. Driving !
Hope you enjoy the ride ! 
Thanks and congrats to everyone involved in the making of this tune.

https://www.discogs.com/fr/release/519219-Annie-Lennox-Pavement-Cracks

Track uploaded for promotion only, low quality upload (mp3 128), please contact me if you want the track removed. 

Contact IG: @jozmusic_",https://i.ytimg.com/vi/cLOrAY4gu3A/sddefault.jpg,Jozuplodz,UUtmkggMhXf1y4k5dzIsiYRA,51,cLOrAY4gu3A,Jozuplodz,UCtmkggMhXf1y4k5dzIsiYRA,Y
youtube#playlistItem,igg3QFirkaUL8ctwMiq60Cee-IE,VVV0bWtnZ01oWGYxeTRrNWR6SXNpWVJBLjB4RlMxd1FuT1B3,2025-08-02T09:04:03Z,UCtmkggMhXf1y4k5dzIsiYRA,Melinda - Let Me Know (Pepita In The Disco Remix),"Label: Pep Sounds
Country: Austria 🇦🇹
Release: 2003

Sweet Deep House with great musicality. 
You can hear the track is played like a band with instrumentalists playing their part.
Hope you enjoy the ride ! 
Thanks and congrats to everyone involved in the making of this tune.

https://www.discogs.com/fr/release/202748-Melinda-Let-Me-Know

Track uploaded for promotion only, low quality upload (mp3 128), please contact me if you want the track removed. 

Contact IG: @jozmusic_",https://i.ytimg.com/vi/0xFS1wQnOPw/sddefault.jpg,Jozuplodz,UUtmkggMhXf1y4k5dzIsiYRA,52,0xFS1wQnOPw,Jozuplodz,UCtmkggMhXf1y4k5dzIsiYRA,Y
youtube#video,SIB8kxjEoYbiHONPIPpbSfjBYDI,VVV0bWtnZ01oWGYxeTRrNWR6SXNpWVJBLmJ0RHJ3QkpPb05V,2025-07-13T11:39:29Z,UCtmkggMhXf1y4k5dzIsiYRA,Nature Boys - N.Y. Plantation,"Label: MAMA Records
Country: UK 🇬🇧
Release: 1995

Organic House music ! 
The offbeat on the piano is driving me crazy the whole track. 
Always love yo' Mama!
Hope you enjoy the ride ! 
Thanks and congrats to everyone involved in the making of this tune.

https://www.discogs.com/fr/master/1597435-Nature-Boys-The-Drummer-EP

Track uploaded for promotion only, low quality upload (mp3 128), please contact me if you want the track removed. 

Contact IG: @jozmusic_",https://i.ytimg.com/vi/btDrwBJOoNU/sddefault.jpg,Jozuplodz,UUtmkggMhXf1y4k5dzIsiYRA,53,btDrwBJOoNU,Jozuplodz,UCtmkggMhXf1y4k5dzIsiYRA,Y
youtube#playlistItem,NbWVU0ZLyFxV-tGqltBB1A5kSBQ,VVV0bWtnZ01oWGYxeTRrNWR6SXNpWVJBLjNLNjNRdXhWdjc4,2025-07-03T16:00:05Z,UCtmkggMhXf1y4k5dzIsiYRA,Luke Seager - Defensive Love [CNT018],"Label: Chat Noir Tools 
Country: France 🇫🇷
Release: 2025

After uploading mainly late 90's and early 2000's tunes, I am so glad to present the very first new release on the channel !
And this is a special one, coming from very talented friend Luke Seager on Chat Noir Tools.
You can hear through his different releases that Luke already has his own strong sound signature.
And Defensive Love is no exception, as I'm sure it won't let anyone unconcerned.
I would definitely classify this track as a story teller, and I'm eager to know which weird or deep story did it tell you !

Hope you enjoy the ride ! 
Thanks and congrats to everyone involved in the making of this tune.

To support the artist and the label, you can already preorder the vinyl there:
https://www.kma60.com/release/1749648004/luke-seager-defensive-love-ep

Support Luke & Chat Noir Tools:
https://www.instagram.com/luke.seag__/
https://www.instagram.com/chatnoirparis__/

Track uploaded for promotion only, low quality upload (mp3 128)

Contact IG: @jozmusic_",https://i.ytimg.com/vi/3K63QuxVv78/sddefault.jpg,Jozuplodz,UUtmkggMhXf1y4k5dzIsiYRA,54,3K63QuxVv78,Jozuplodz,UCtmkggMhXf1y4k5dzIsiYRA,Y
youtube#video,Ocio5qubWIQJimZ2TW3GUn3BRPU,VVV0bWtnZ01oWGYxeTRrNWR6SXNpWVJBLmpyNnEyY3BING80,2025-06-30T11:37:21Z,UCtmkggMhXf1y4k5dzIsiYRA,DJ Speurt - Other Bass,"Label: Vitamine
Country: France 🇫🇷
Release: 2001

Not an usual fan of French Touch/French House but I believe there is a strong vibe on this one. 
Hugs on the dancefloor 🫂
There must be a printing error on the vinyl as the track lasts much less than 6:40.
Hope you enjoy the ride ! 
Thanks and congrats to everyone involved in the making of this tune.

https://www.discogs.com/fr/master/2566055-DJ-Speurt-Make-It-With-The-Muzak

Track uploaded for promotion only, low quality upload (mp3 128), please contact me if you want the track removed. 

Contact IG: @jozmusic_",https://i.ytimg.com/vi/jr6q2cpH4o4/sddefault.jpg,Jozuplodz,UUtmkggMhXf1y4k5dzIsiYRA,55,jr6q2cpH4o4,Jozuplodz,UCtmkggMhXf1y4k5dzIsiYRA,Y
youtube#playlistItem,bCuJteGJ6l90XpGTaEe-dbfZZgY,VVV0bWtnZ01oWGYxeTRrNWR6SXNpWVJBLllEUkV3aUtxdkI4,2025-06-25T14:24:16Z,UCtmkggMhXf1y4k5dzIsiYRA,Biondi - Hipnotik Influence,"Label: Life Music 
Country: Italy 🇮🇹
Release: 2002 

Deep Prog House once more and this one's a groover and a great Dj Tool. 
First upload from Italy !
Hope you enjoy the ride ! 
Thanks and congrats to everyone involved in the making of this tune.

https://www.discogs.com/fr/release/3672492-Biondi-Ready-To-Go

Track uploaded for promotion only, low quality upload (mp3 128), please contact me if you want the track removed. 

Contact IG: @jozmusic_",https://i.ytimg.com/vi/YDREwiKqvB8/sddefault.jpg,Jozuplodz,UUtmkggMhXf1y4k5dzIsiYRA,56,YDREwiKqvB8,Jozuplodz,UCtmkggMhXf1y4k5dzIsiYRA,Y
youtube#video,q2zDeviMAD3MbqvUPM0UD2nJx0A,VVV0bWtnZ01oWGYxeTRrNWR6SXNpWVJBLklneFRMakYzb2pN,2025-06-18T16:28:05Z,UCtmkggMhXf1y4k5dzIsiYRA,Edmond Dantes – Sunrise (Deep Dub Mix),"Label: Cala D'hort
Country: Germany 🇩🇪
Release: 2003

Deep Prog House but for the beach ! 
Makes me want to dance in the sand in Ibiza (never been there but this track makes me want to 🤣)
Touches of emotions puts the track to another level. 
Hope you enjoy the ride ! 
Thanks and congrats to everyone involved in the making of this tune.

https://www.discogs.com/fr/release/473907-Edmond-Dantes-Sunrise

Track uploaded for promotion only, low quality upload (mp3 128), please contact me if you want the track removed. 

Contact IG: @jozmusic_",https://i.ytimg.com/vi/IgxTLjF3ojM/sddefault.jpg,Jozuplodz,UUtmkggMhXf1y4k5dzIsiYRA,57,IgxTLjF3ojM,Jozuplodz,UCtmkggMhXf1y4k5dzIsiYRA,Y
youtube#playlistItem,zPqXYBGGC5kmGfhlQ4tEIiQjVsk,VVV0bWtnZ01oWGYxeTRrNWR6SXNpWVJBLlRkOENva0J4cjRv,2025-06-11T12:43:03Z,UCtmkggMhXf1y4k5dzIsiYRA,Bubbles N' Breaks – Rock It Like This... (Main Mix),"Label: Livelarge Recordings
Country: Germany 🇩🇪
Release: 2003

Great mixture between the heavy and the soft, between deep house & electro, breakbeat & garage.
Mastering got that dirty touch !!
Might upload the other tracks later as they're good as well, more driving !
Hope you enjoy the ride ! 
Thanks and congrats to everyone involved in the making of this tune.

https://www.discogs.com/fr/release/633484-Bubbles-N-Breaks-Rock-It-Like-This

Track uploaded for promotion only, low quality upload (mp3 128), please contact me if you want the track removed. 

Contact IG: @jozmusic_",https://i.ytimg.com/vi/Td8CokBxr4o/sddefault.jpg,Jozuplodz,UUtmkggMhXf1y4k5dzIsiYRA,58,Td8CokBxr4o,Jozuplodz,UCtmkggMhXf1y4k5dzIsiYRA,Y
youtube#video,GJfiguF9XF1nFu8tSZjO6hbZQ5k,VVV0bWtnZ01oWGYxeTRrNWR6SXNpWVJBLnVWUkdkeEUzY1FV,2025-06-04T15:43:11Z,UCtmkggMhXf1y4k5dzIsiYRA,Ground Level Feat. Rheji - Someday (Joshua Wyndham's Free Falling Mix),"Label: Afterhours
Country: US 🇺🇸
Release: 2001 

Really like this strong Deep House gem. Melancholy once again. 
R&B vocals could be controversials but they're kind of guilty pleasures to me. 
No doubt we're in the 2000's there.
Hope you enjoy the ride ! 
Thanks and congrats to everyone involved in the making of this tune.

https://www.discogs.com/fr/release/132419-Ground-Level-3-Feat-Rheji-Someday

Track uploaded for promotion only, low quality upload (mp3 128), please contact me if you want the track removed. 

Contact IG: @jozmusic_",https://i.ytimg.com/vi/uVRGdxE3cQU/sddefault.jpg,Jozuplodz,UUtmkggMhXf1y4k5dzIsiYRA,59,uVRGdxE3cQU,Jozuplodz,UCtmkggMhXf1y4k5dzIsiYRA,Y
youtube#playlistItem,cJqStIatVnnM3VDrN3r-ZzsWCZA,VVV0bWtnZ01oWGYxeTRrNWR6SXNpWVJBLkNCZmZSV2lCbGg0,2025-05-28T10:38:21Z,UCtmkggMhXf1y4k5dzIsiYRA,Hideo Kobayashi – Departure,"Label: Explicit Soul 
Country: Belgium 🇧🇪
Release: 2003

Disco infused Deep House with nostalgic vibe. Would love to hear that when the sun rises...
Belgium X Japan is doing a great cameo for the 50th release of the channel !
Hope you enjoy the ride ! 
Thanks and congrats to everyone involved in the making of this tune.

https://www.discogs.com/fr/release/627382-Hideo-Kobayashi-Walking-On-A-Rainbow

Track uploaded for promotion only, low quality upload (mp3 128), please contact me if you want the track removed. 

Contact IG: @jozmusic_",https://i.ytimg.com/vi/CBffRWiBlh4/sddefault.jpg,Jozuplodz,UUtmkggMhXf1y4k5dzIsiYRA,60,CBffRWiBlh4,Jozuplodz,UCtmkggMhXf1y4k5dzIsiYRA,Y
youtube#video,o0Fxw9Wrmee_rEqePcVq6KCeae0,VVV0bWtnZ01oWGYxeTRrNWR6SXNpWVJBLnZsR21lMGJYT1lJ,2025-05-18T20:29:51Z,UCtmkggMhXf1y4k5dzIsiYRA,Rinôçérôse – Lost Love (Jean Jacques Smoothie 'Poachers Dub Mix'),"Label: V2
Country: UK 🇬🇧
Release: 2002

Some Rhino had a Heartache so he went for a smoothie with Jean-Jacques to heal its wounds 🦏🍹
The track only featured in the promo version of the release, and is as smooth as a good smoothie.
Hope you enjoy the ride ! 
Thanks and congrats to everyone involved in the making of this tune.

https://www.discogs.com/fr/release/173561-Rin%C3%B4%C3%A7%C3%A9r%C3%B4se-Lost-Love

Track uploaded for promotion only, low quality upload (mp3 128), please contact me if you want the track removed. 

Contact IG: @jozmusic_",https://i.ytimg.com/vi/vlGme0bXOYI/sddefault.jpg,Jozuplodz,UUtmkggMhXf1y4k5dzIsiYRA,61,vlGme0bXOYI,Jozuplodz,UCtmkggMhXf1y4k5dzIsiYRA,Y
youtube#playlistItem,5nLSYs4PTPdH0f1nC2WtiN7CN0k,VVV0bWtnZ01oWGYxeTRrNWR6SXNpWVJBLjBSSVVYN1pKZUow,2025-05-07T09:00:37Z,UCtmkggMhXf1y4k5dzIsiYRA,A.F.M. (Jerome Isma-Ae) – Flying Bells A1,"Label: Delirium USA
Country: US 🇺🇸
Release: 1997

This one is the very first contribution on the channel. And it is coming from Mr @thomas_scarmiglia (IG) @tomscara (YT).
This is making me so happy that a friend is contributing to the channel, to help the purpose of sharing the music we love. 
And what a contrib !! With this very good Early Deep Tech House gem from Jerome Isma-Ae. So Forerunner ! 

Hope you enjoy the ride ! 
Thanks and congrats to everyone involved in the making of this tune.

https://www.discogs.com/fr/release/73659-AFM-Flying-Bells-Tribal-Attack

Track uploaded for promotion only, low quality upload (mp3 128), please contact me if you want the track removed. 

Contact IG: @jozmusic_",https://i.ytimg.com/vi/0RIUX7ZJeJ0/sddefault.jpg,Jozuplodz,UUtmkggMhXf1y4k5dzIsiYRA,62,0RIUX7ZJeJ0,Jozuplodz,UCtmkggMhXf1y4k5dzIsiYRA,Y
youtube#video,2Y4c5uBqf9xUhgEI6F7C_MlgPYM,VVV0bWtnZ01oWGYxeTRrNWR6SXNpWVJBLmpPMEJqLU5vUWd3,2025-04-27T17:03:08Z,UCtmkggMhXf1y4k5dzIsiYRA,The Mack Featuring Tim Bryant – Escape (Instrumental),"Label: Quark 
Country: US 🇺🇸
Release: 1988

First time uploading this vibe on the channel. 
I love how House Music was done in the 80's: was still searching its identity, was inspired by so many influences, was not codified at all, arrangement could be a bit edgy. But creativity was at its peak and I really love how the sound is evolving during the track as a verse chorus scheme. 
Obvious influences there of Disco, Funk, and also New Beat I would say.
Hope you enjoy the ride ! 
Thanks and congrats to everyone involved in the making of this tune.

https://www.discogs.com/fr/release/240540-The-Mack-Featuring-Tim-Bryant-Escape

Track uploaded for promotion only, low quality upload (mp3 128), please contact me if you want the track removed. 

Contact IG: @jozmusic_",https://i.ytimg.com/vi/jO0Bj-NoQgw/sddefault.jpg,Jozuplodz,UUtmkggMhXf1y4k5dzIsiYRA,63,jO0Bj-NoQgw,Jozuplodz,UCtmkggMhXf1y4k5dzIsiYRA,Y
youtube#playlistItem,C76x4LzNhf4Rr-3FTI4e7Nnt_zU,VVV0bWtnZ01oWGYxeTRrNWR6SXNpWVJBLmVPZHdRR2hGdnVB,2025-04-16T17:08:54Z,UCtmkggMhXf1y4k5dzIsiYRA,Misty Roses – Nicht Plus Ultra (Ursula 1000 Remix),"Label: Good And Evil Music 
Country: Japan 🇯🇵
Release: 2008

Alternative dark Disco & indie Rock vibe to agitate your dancefloor.
First Japan release on the channel, and sleeve's in the color !
Hope you enjoy the ride ! 
Thanks and congrats to everyone involved in the making of this tune.

https://www.discogs.com/fr/release/1596385-Misty-Roses-Nicht-Plus-Ultra

Track uploaded for promotion only, low quality upload (mp3 128), please contact me if you want the track removed. 

Contact IG: @jozmusic_",https://i.ytimg.com/vi/eOdwQGhFvuA/sddefault.jpg,Jozuplodz,UUtmkggMhXf1y4k5dzIsiYRA,64,eOdwQGhFvuA,Jozuplodz,UCtmkggMhXf1y4k5dzIsiYRA,Y
youtube#video,0PtiT7vEfiQiI0b7Ur4ihm1b3OM,VVV0bWtnZ01oWGYxeTRrNWR6SXNpWVJBLnJqVk4zYUNId0xn,2025-04-02T20:32:28Z,UCtmkggMhXf1y4k5dzIsiYRA,Drrtyhaze - Smazey Funk,"Label: Tirk 
Country: UK 🇬🇧
Release: 2008

Funky 🎸

Thanks and congrats to everyone involved in the making of this tune.

https://www.discogs.com/fr/master/1675084-Drrtyhaze-Superhigh

Track uploaded for promotion only, low quality upload (mp3 128), please contact me if you want the track removed. 

Contact IG: @jozmusic_",https://i.ytimg.com/vi/rjVN3aCHwLg/sddefault.jpg,Jozuplodz,UUtmkggMhXf1y4k5dzIsiYRA,65,rjVN3aCHwLg,Jozuplodz,UCtmkggMhXf1y4k5dzIsiYRA,Y
youtube#playlistItem,sallRaaI1NJMaG4gazvu-BexQJc,VVV0bWtnZ01oWGYxeTRrNWR6SXNpWVJBLkEwaGZxOVA0X2xr,2025-03-26T13:10:09Z,UCtmkggMhXf1y4k5dzIsiYRA,Johan Skugge – Decadence (Stewart Walker Mix),"Label: Mitek
Country: Germany 🇩🇪
Release: 2004

Is this Minimal Deep Tech ? 
A comment on Discogs is talking about a ""techy-balearic"" vibe and I totally agree. 
I also like the old school vibe here. 
Hope you enjoy the ride ! 
Thanks and congrats to everyone involved in the making of this tune.

https://www.discogs.com/fr/master/1289940-Johan-Skugge-Decadence-EP

Track uploaded for promotion only, low quality upload (mp3 128), please contact me if you want the track removed. 

Contact IG: @jozmusic_",https://i.ytimg.com/vi/A0hfq9P4_lk/sddefault.jpg,Jozuplodz,UUtmkggMhXf1y4k5dzIsiYRA,66,A0hfq9P4_lk,Jozuplodz,UCtmkggMhXf1y4k5dzIsiYRA,Y
youtube#video,VN5_TtAfODTcLJowoz7gLTV2vHE,VVV0bWtnZ01oWGYxeTRrNWR6SXNpWVJBLm5FZGFnbU9LMS1B,2025-03-19T15:15:00Z,UCtmkggMhXf1y4k5dzIsiYRA,Carouge - Let Me (Pepita In The Disco Remix),"Label: Ecco.Chamber
Country: Austria 🇦🇹
Release: 2002

Pure class Deep House Remix from Pepita Project alias Smoab. 
Subtile Disco vibe is driving you the whole track. 
If you want to hear it in the mix, it appears on a podcast I just released on the parisian label Beau Mot Plage:
https://soundcloud.com/beaumotplage/podcast-beau-mot-plage-704-joz

Hope you enjoy the ride ! 
Thanks and congrats to everyone involved in the making of this tune.

https://www.discogs.com/fr/master/1135156-Carouge-Let-Me

Track uploaded for promotion only, low quality upload (mp3 128), please contact me if you want the track removed. 

Contact IG: @jozmusic_",https://i.ytimg.com/vi/nEdagmOK1-A/sddefault.jpg,Jozuplodz,UUtmkggMhXf1y4k5dzIsiYRA,67,nEdagmOK1-A,Jozuplodz,UCtmkggMhXf1y4k5dzIsiYRA,Y
youtube#playlistItem,Vb-WbSz8c-Of9RCnjbWeUhI09-I,VVV0bWtnZ01oWGYxeTRrNWR6SXNpWVJBLkVKTWJrTWFuaFV3,2025-03-12T14:34:51Z,UCtmkggMhXf1y4k5dzIsiYRA,Martha Cinader – Living It (BOC House Mix),"Label: Liquid Sound Lounge
Country: US 🇺🇸
Release: 1997

Crazy about this very evolutive House mix, you got your intro and your first track of the mix 😆
Funny that I found this one in Killa Cutz Amsterdam and Martha Cinader is talking about taking coffee in Amsterdam. 
Hope you enjoy the ride ! 
Thanks and congrats to everyone involved in the making of this tune.

https://www.discogs.com/fr/release/818683-Martha-Cinader-Living-It

Track uploaded for promotion only, low quality upload (mp3 128), please contact me if you want the track removed. 

Contact IG: @jozmusic_",https://i.ytimg.com/vi/EJMbkManhUw/sddefault.jpg,Jozuplodz,UUtmkggMhXf1y4k5dzIsiYRA,68,EJMbkManhUw,Jozuplodz,UCtmkggMhXf1y4k5dzIsiYRA,Y
youtube#video,Z-NOEuz6-d2y_UVZA87pQMLCmeQ,VVV0bWtnZ01oWGYxeTRrNWR6SXNpWVJBLjRrQXpxOWl1U01B,2025-03-05T18:36:00Z,UCtmkggMhXf1y4k5dzIsiYRA,Noonday Underground – When You Leave (Jay-J Dub),"Label: Setanta
Country: UK 🇬🇧
Release: 2002

Master Jay-J delivering the good vibes ! 
Hope you enjoy the ride ! 
Thanks and congrats to everyone involved in the making of this tune.

https://www.discogs.com/fr/release/108063-Noonday-Underground-When-You-Leave-Jay-J-Remixes

Track uploaded for promotion only, low quality upload (mp3 128), please contact me if you want the track removed. 

Contact IG: @jozmusic_",https://i.ytimg.com/vi/4kAzq9iuSMA/sddefault.jpg,Jozuplodz,UUtmkggMhXf1y4k5dzIsiYRA,69,4kAzq9iuSMA,Jozuplodz,UCtmkggMhXf1y4k5dzIsiYRA,Y
youtube#playlistItem,6f1a3SmPsifuALXgkDtUU-UMunQ,VVV0bWtnZ01oWGYxeTRrNWR6SXNpWVJBLnhsVE5kZkVudk5N,2025-02-26T18:41:11Z,UCtmkggMhXf1y4k5dzIsiYRA,Eigner - Go (Smitty Remix),"Label: Universal Music Austria
Country: Austria 🇦🇹
Release: 2006

Great evolutive Synth-Pop/Electro/House Track. 
Hope you enjoy the ride ! 
Thanks and congrats to everyone involved in the making of this tune.

https://www.discogs.com/fr/release/889004-Eigner-Go-Stalking-Remixes

Track uploaded for promotion only, low quality upload (mp3 128), please contact me if you want the track removed. 

Contact IG: @jozmusic_",https://i.ytimg.com/vi/xlTNdfEnvNM/sddefault.jpg,Jozuplodz,UUtmkggMhXf1y4k5dzIsiYRA,70,xlTNdfEnvNM,Jozuplodz,UCtmkggMhXf1y4k5dzIsiYRA,Y
youtube#video,lk1pwxfntji6vwAVGnSrp0HDb-c,VVV0bWtnZ01oWGYxeTRrNWR6SXNpWVJBLnJrVWhkZTliSk5B,2025-02-19T18:42:28Z,UCtmkggMhXf1y4k5dzIsiYRA,Laminim & Cottonhead – Turn My Head,"Label: Planet Noise
Country: Norway 🇳🇴
Release: 2002

Underground feeling on this organic house track. Powerful acoustic bassline is making the swing ! 
If you want to hear it nicely in the mix, I can advise you this very good Podcast from french Dj Juani: https://soundcloud.com/explorers_berlin/explorercast-09-juanni-2

Hope you enjoy the ride ! 
Thanks and congrats to everyone involved in the making of this tune.

https://www.discogs.com/fr/release/127650-Various-Noisian-EP

Track uploaded for promotion only, low quality upload (mp3 128), please contact me if you want the track removed. 

Contact IG: @jozmusic_",https://i.ytimg.com/vi/rkUhde9bJNA/sddefault.jpg,Jozuplodz,UUtmkggMhXf1y4k5dzIsiYRA,71,rkUhde9bJNA,Jozuplodz,UCtmkggMhXf1y4k5dzIsiYRA,Y
youtube#playlistItem,f9UNU2ku4mhWQ5J7yAP2WAzoZpw,VVV0bWtnZ01oWGYxeTRrNWR6SXNpWVJBLjAzMHFVQTUyREVJ,2025-02-06T22:03:08Z,UCtmkggMhXf1y4k5dzIsiYRA,Avitas - Re-Creation (Balearic Musica Mix),"Label: Thirteen[rec] 
Country: UK 🇬🇧
Release: 2006

Unique Vibe ! If not for the title I couldn't find the right word which is now obviously Balearic. 
Funny that Discogs registered this remix as Balearica Music instead of Balearic Musica.
Hope you enjoy the ride ! 
Thanks and congrats to everyone involved in the making of this tune.

https://www.discogs.com/fr/release/668975-Avitas-Remixes-Vol-1

Track uploaded for promotion only, low quality upload (mp3 128), please contact me if you want the track removed. 

Contact IG: @jozmusic_",https://i.ytimg.com/vi/030qUA52DEI/sddefault.jpg,Jozuplodz,UUtmkggMhXf1y4k5dzIsiYRA,72,030qUA52DEI,Jozuplodz,UCtmkggMhXf1y4k5dzIsiYRA,Y
youtube#video,8uCH6djkvP9nHK6QBV-MFLJiR6A,VVV0bWtnZ01oWGYxeTRrNWR6SXNpWVJBLkNSeXp6WDNBaHVn,2025-01-29T17:17:54Z,UCtmkggMhXf1y4k5dzIsiYRA,The Kenneth Bager Experience - Fragment Ten (On The Floor) (Club Mix),"Label: Music For Dreams America
Release: 2010
Country: US 🇺🇸

Wanna a do it on the floor ? 🤭
Experimental mixture of Electro, Nu/Disco & House.
Not for every mood but this is original !
You can find an instrumental dub version on YT which is also nice but I really like the vocals on this one. 
Hope you enjoy the ride ! 
Thanks and congrats to everyone involved in the making of this tune.

https://www.discogs.com/fr/release/2528269-The-Kenneth-Bager-Experience-On-The-Floor

Track uploaded for promotion only, low quality upload (mp3 128), please contact me if you want the track removed. 

Contact IG: @jozmusic_",https://i.ytimg.com/vi/CRyzzX3Ahug/sddefault.jpg,Jozuplodz,UUtmkggMhXf1y4k5dzIsiYRA,73,CRyzzX3Ahug,Jozuplodz,UCtmkggMhXf1y4k5dzIsiYRA,Y
youtube#playlistItem,Mi3sBDir1ucIkcJQ6JAzoU9mdd8,VVV0bWtnZ01oWGYxeTRrNWR6SXNpWVJBLmpMYWZ5SjIzV0xv,2025-01-17T17:53:27Z,UCtmkggMhXf1y4k5dzIsiYRA,Motorcitysoul – Aura (Motorcitysoul Remix),"Label: STIR15 Recordings 
Country: Germany 🇩🇪
Release: 2007

Lots of nostalgia in this deep/prog/acid tune ! 
Hope you enjoy the ride ! 
Thanks and congrats to everyone involved in the making of this tune.

https://www.discogs.com/fr/release/906482-Motorcitysoul-Aura

Track uploaded for promotion only, low quality upload (mp3 128), please contact me if you want the track removed. 

Contact IG: @jozmusic_",https://i.ytimg.com/vi/jLafyJ23WLo/sddefault.jpg,Jozuplodz,UUtmkggMhXf1y4k5dzIsiYRA,74,jLafyJ23WLo,Jozuplodz,UCtmkggMhXf1y4k5dzIsiYRA,Y
youtube#video,OTyOYjEhM9nlGbwzCS83sDSQot4,VVV0bWtnZ01oWGYxeTRrNWR6SXNpWVJBLlRxVXQzYTFxYXFN,2025-01-08T16:25:20Z,UCtmkggMhXf1y4k5dzIsiYRA,Konsorten - (Help Me) Doing The First Step (The Thumb Mix),"Label: Automatique Records 
Country: Austria 🇦🇹
Release: 2001

I happened to discover that Austria has got so many underrated labels that released very class deep house & electro gems in the early 2000. 
This track is one of them, and features into an interesting electro/synth pop/experimental LP.

Hope you enjoy the ride ! 
Thanks and congrats to everyone involved in the making of this tune.

https://www.discogs.com/fr/release/800316-Konsorten-Disko23-EP

Track uploaded for promotion only, low quality upload (mp3 128), please contact me if you want the track removed. 

Contact IG: @jozmusic_",https://i.ytimg.com/vi/TqUt3a1qaqM/sddefault.jpg,Jozuplodz,UUtmkggMhXf1y4k5dzIsiYRA,75,TqUt3a1qaqM,Jozuplodz,UCtmkggMhXf1y4k5dzIsiYRA,Y
youtube#playlistItem,O8gXMBjZqZzlBqBUAjBQml456ZQ,VVV0bWtnZ01oWGYxeTRrNWR6SXNpWVJBLkJPWElma3B4a2hr,2024-12-29T14:15:31Z,UCtmkggMhXf1y4k5dzIsiYRA,Wayne Gardiner feat Karina - Bacio/Kiss (Wayne Gardiner Celestial dub mix),"Label: Cima Recordings
Country: Germany 🇩🇪
Release: 2009

Sexy Deep House vibe. This one was never pressed on vinyl you can either find it in digital or in CD as it features in a Soulstar Deep House compilation. 
Hope you enjoy the ride ! 
Thanks and congrats to everyone involved in the making of this tune.

https://www.discogs.com/fr/release/2291392-Harley-Muscle-Deep-House-Part-2

https://www.junodownload.com/products/wayne-gardiner-karina-bacio-kiss/1543942-02/?srsltid=AfmBOop2z9woxQhC738kV4B_Lxsprv-VdHwjGRCtqBcG33h2s8z-1S6M

Track uploaded for promotion only, low quality upload (mp3 128), please contact me if you want the track removed. 

Contact IG: @jozmusic_",https://i.ytimg.com/vi/BOXIfkpxkhk/sddefault.jpg,Jozuplodz,UUtmkggMhXf1y4k5dzIsiYRA,76,BOXIfkpxkhk,Jozuplodz,UCtmkggMhXf1y4k5dzIsiYRA,Y
youtube#video,r2m2CEK0QEPmojvt7DK4fi68ASE,VVV0bWtnZ01oWGYxeTRrNWR6SXNpWVJBLjRlZEpNMjAxQm9Z,2024-12-18T15:11:51Z,UCtmkggMhXf1y4k5dzIsiYRA,Miguel Migs - Mesmerized (Alix Alvarez Sole Channel Dizzub),"Label: NRK Sound Division
Country: US 🇺🇸
Release: 2007

The main Alix Alvarez vocal remix is a banger that I urge you to listen to but this dizzub version is the groover ! 
If you need a filler track to keep the dancefloor on the move, there you go !
Hope you enjoy the ride ! 
Thanks and congrats to everyone involved in the making of this tune.

https://www.discogs.com/fr/release/933710-Miguel-Migs-Mesmerized-Part-2

Track uploaded for promotion only, low quality upload (mp3 128), please contact me if you want the track removed. 

Contact IG: @jozmusic_",https://i.ytimg.com/vi/4edJM201BoY/sddefault.jpg,Jozuplodz,UUtmkggMhXf1y4k5dzIsiYRA,77,4edJM201BoY,Jozuplodz,UCtmkggMhXf1y4k5dzIsiYRA,Y
youtube#playlistItem,6-QShr0bIhvmFEGGHnW6thEeHk4,VVV0bWtnZ01oWGYxeTRrNWR6SXNpWVJBLmtXbmpCNHI5Zy0w,2024-12-08T14:13:07Z,UCtmkggMhXf1y4k5dzIsiYRA,David Panda Feat. Derek Conyer – This Time (Dub),"Label: Seasons Limited
Country: US 🇺🇸
Release: 2004

I like the energy on this typical US 2000's Deep House/House gem. 
Vocals are either you like it or not but the groove is hitting hard either way ! 
This release is mainly famous for the Charles Webster remix but this original dub version also worth a go.
Hope you enjoy the ride ! 
Thanks and congrats to everyone involved in the making of this tune.

https://www.discogs.com/fr/release/300974-David-Panda-Feat-Derek-Conyer-This-Time

Track uploaded for promotion only, low quality upload (mp3 128), please contact me if you want the track removed. 

Contact IG: @jozmusic_",https://i.ytimg.com/vi/kWnjB4r9g-0/sddefault.jpg,Jozuplodz,UUtmkggMhXf1y4k5dzIsiYRA,78,kWnjB4r9g-0,Jozuplodz,UCtmkggMhXf1y4k5dzIsiYRA,Y
youtube#video,3YEsKiPb4UtLzJJazdlliRorrII,VVV0bWtnZ01oWGYxeTRrNWR6SXNpWVJBLk5JbVRUOHZ6eUZv,2024-11-27T19:37:12Z,UCtmkggMhXf1y4k5dzIsiYRA,Audio Bullys – Turned Away (Grant Nelson Instrumental),"Label: Source
Country: UK 🇬🇧
Release: 2003

Another UK sweat bassline for a smooth groove ! 
Vocal version also worth a listen. 
From one of the biggest name of the UK Garage.

Thanks and congrats to everyone involved in the making of this tune.

https://www.discogs.com/fr/release/213922-Audio-Bullys-Turned-Away

Track uploaded for promotion only, low quality upload (mp3 128), please contact me if you want the track removed. 

Contact IG: @jozmusic_",https://i.ytimg.com/vi/NImTT8vzyFo/sddefault.jpg,Jozuplodz,UUtmkggMhXf1y4k5dzIsiYRA,79,NImTT8vzyFo,Jozuplodz,UCtmkggMhXf1y4k5dzIsiYRA,Y
youtube#playlistItem,lSc90VRKFtNLjIvNYDfdEyRL8eU,VVV0bWtnZ01oWGYxeTRrNWR6SXNpWVJBLnhxY1otcVVzdlpF,2024-11-13T18:18:56Z,UCtmkggMhXf1y4k5dzIsiYRA,G. La Tortue - Carole Groove,"Label: E-Bird Recording 
Country: France 🇫🇷
Release: 2002

G. La Tortue really made his own imprint on the early 2000's french tech house/minimal scene. With likes of Chris Carrier, they created a vibe that's hard to find elsewhere. 
Here is a great example of this imprint with this strong tech house/tribal track. Techno/minimal isn't that far. 
Hope you enjoy the ride ! 
Thanks and congrats to everyone involved in the making of this tune.

https://www.discogs.com/fr/master/909914-Guillaume-La-Tortue-Earth-Player

Track uploaded for promotion only, low quality upload (mp3 128), please contact me if you want the track removed. 

Contact IG: @jozmusic_",https://i.ytimg.com/vi/xqcZ-qUsvZE/sddefault.jpg,Jozuplodz,UUtmkggMhXf1y4k5dzIsiYRA,80,xqcZ-qUsvZE,Jozuplodz,UCtmkggMhXf1y4k5dzIsiYRA,Y
youtube#video,9B0Uq-G0nYg6hAtV4UPxsmWIIbw,VVV0bWtnZ01oWGYxeTRrNWR6SXNpWVJBLlREWmVoWGwxUnlN,2024-11-06T16:27:55Z,UCtmkggMhXf1y4k5dzIsiYRA,Sneaker Pimps – Spin Spin Sugar (187 Lockdown Instrumental Mix),"Label: Clean Up Records
Country: UK 🇬🇧
Release: 1997

Serious Tech House Track with nasty UK Garage bassline. 
Really love this late 90's Tech House Vibe ! 
The original version from Sneaker Pimps had many classic UK Garage remix by many names but to me this 187 lockdown remix is the one ! Groover ! 
Hope you enjoy the ride ! 
Thanks and congrats to everyone involved in the making of this tune.

https://www.discogs.com/fr/release/24694-Sneaker-Pimps-Spin-Spin-Sugar

Track uploaded for promotion only, low quality upload (mp3 128), please contact me if you want the track removed. 

Contact IG: @jozmusic_",https://i.ytimg.com/vi/TDZehXl1RyM/sddefault.jpg,Jozuplodz,UUtmkggMhXf1y4k5dzIsiYRA,81,TDZehXl1RyM,Jozuplodz,UCtmkggMhXf1y4k5dzIsiYRA,Y
youtube#playlistItem,JqR6Wju9asZvoxqTWPBOWv9dYQ0,VVV0bWtnZ01oWGYxeTRrNWR6SXNpWVJBLjJCNmItckJLQkJZ,2024-10-27T15:17:59Z,UCtmkggMhXf1y4k5dzIsiYRA,The House Force – Just Do! (Just Redone by Matthias Tanzmann),"Label: Komfort Musik 
Country: Germany 🇩🇪
Release: 2002

This is the classic sound of German Deep Tech House from early 2000, a vibe for which Mathias Tanzmann contributed a lot, with all of his releases on labels such as Moon Harbour. 
Love it. So smooth and groovy.
Hope you enjoy the ride ! 
Thanks and congrats to everyone involved in the making of this tune.

https://www.discogs.com/fr/release/296315-The-House-Force-Just-Do

Track uploaded for promotion only, low quality upload (mp3 128), please contact me if you want the track removed. 

Contact IG: @jozmusic_",https://i.ytimg.com/vi/2B6b-rBKBBY/sddefault.jpg,Jozuplodz,UUtmkggMhXf1y4k5dzIsiYRA,82,2B6b-rBKBBY,Jozuplodz,UCtmkggMhXf1y4k5dzIsiYRA,Y
youtube#video,DwSTiw_tS3CnuoBgbuGBPZ2LK_E,VVV0bWtnZ01oWGYxeTRrNWR6SXNpWVJBLnZpWndQQ1ZYUTRR,2024-10-16T12:01:59Z,UCtmkggMhXf1y4k5dzIsiYRA,Ann'So – Fous Ceux Qui Croient Qu'Ils Ne Le Sont Pas (Dr. Love + Nature Remix),"Label: RCA & BMG France
Country: France 🇫🇷 
Release: 1996

Perfect example of the MADNESS (even though you think you're not lol) the 90's can bring you. At a time where genre were not yet 100% codified, you can find masterpieces of creativity. 
Hope you enjoy the ride ! 
Thanks and congrats to everyone involved in the making of this tune.

https://www.discogs.com/fr/release/1558327-AnnSo-Fous-Ceux-Qui-Croient-QuIls-Ne-Le-Sont-Pas-Dr-Love-Nature-Remix

Track uploaded for promotion only, low quality upload (mp3 128), please contact me if you want the track removed. 

Contact IG: @jozmusic_",https://i.ytimg.com/vi/viZwPCVXQ4Q/sddefault.jpg,Jozuplodz,UUtmkggMhXf1y4k5dzIsiYRA,83,viZwPCVXQ4Q,Jozuplodz,UCtmkggMhXf1y4k5dzIsiYRA,Y
youtube#playlistItem,_nyDs_FGk85xtcbJfqBwHh_5ud0,VVV0bWtnZ01oWGYxeTRrNWR6SXNpWVJBLmRwM2ZFN1ZhbHJZ,2024-10-09T16:01:15Z,UCtmkggMhXf1y4k5dzIsiYRA,Fafa Monteco – Vanessa (Mix 2),"Not On Label
Country: France 🇫🇷 
Release: 2000

Funky Tech House from Fafa Monteco.
Would love to know who is Vanessa ??
Hope you enjoy the ride ! 
Thanks and congrats to everyone involved in the making of this tune.

https://www.discogs.com/fr/release/467337-Fafa-Monteco-Vanessa

Track uploaded for promotion only, low quality upload (mp3 128), please contact me if you want the track removed. 

Contact IG: @jozmusic_",https://i.ytimg.com/vi/dp3fE7ValrY/sddefault.jpg,Jozuplodz,UUtmkggMhXf1y4k5dzIsiYRA,84,dp3fE7ValrY,Jozuplodz,UCtmkggMhXf1y4k5dzIsiYRA,Y
youtube#video,j2zAt2_7QEGad_7YhXl1_guBHJQ,VVV0bWtnZ01oWGYxeTRrNWR6SXNpWVJBLkduOHhlSlhKRm5j,2024-09-25T14:04:47Z,UCtmkggMhXf1y4k5dzIsiYRA,Alex Dolby – Psiko Garden (RJ Project Remix),"Label: Airtight
Country: UK 🇬🇧 
Release: 2004

Amazing mixture between Deep Tech House and Electro. This Airtight label really is a banger provider. Big muscles on this one 💪 
There is a Youtube Topic called ""Red Jerry RJ Project Remix"", which is a retake from Red Jerry on his original Airtight remix, and that was released later in 2021. Track is also very good but different ! 

Thanks and congrats to everyone involved in the making of this tune.

https://www.discogs.com/fr/release/340298-Alex-Dolby-Psiko-Garden

Track uploaded for promotion only, low quality upload (mp3 128), please contact me if you want the track removed. 

Contact IG: @jozmusic_",https://i.ytimg.com/vi/Gn8xeJXJFnc/sddefault.jpg,Jozuplodz,UUtmkggMhXf1y4k5dzIsiYRA,85,Gn8xeJXJFnc,Jozuplodz,UCtmkggMhXf1y4k5dzIsiYRA,Y
youtube#playlistItem,hqSUW_FAY_B1PSUROLihJtFMup4,VVV0bWtnZ01oWGYxeTRrNWR6SXNpWVJBLnN0eEkwWTJIMnJF,2024-09-18T13:40:01Z,UCtmkggMhXf1y4k5dzIsiYRA,Zeke Schöön - San Tropez Tonight (Quants Quantax Remix),"Label: Dot
Country: Sweden 🇸🇪 
Release: 2000

Very nice Deep House revisitation of the crazy San Tropez that I uploaded earlier. 
I have to say I often select a vinyl for only one track but on this one, both are good ! 
Hope you enjoy the ride ! 
Sorry rip quality is not very good there.
Thanks and congrats to everyone involved in the making of this tune.

https://www.discogs.com/fr/release/2216-Zeke-Sch%C3%B6%C3%B6n-San-Tropez-Tonight

Track uploaded for promotion only, low quality upload (mp3 128), please contact me if you want the track removed. 

Contact IG: @jozmusic_",https://i.ytimg.com/vi/stxI0Y2H2rE/sddefault.jpg,Jozuplodz,UUtmkggMhXf1y4k5dzIsiYRA,86,stxI0Y2H2rE,Jozuplodz,UCtmkggMhXf1y4k5dzIsiYRA,Y
youtube#video,95WlMuAofV2Pa_VhgSZM9ltXdIk,VVV0bWtnZ01oWGYxeTRrNWR6SXNpWVJBLmRuU0NLNHd3RTZF,2024-09-05T20:39:40Z,UCtmkggMhXf1y4k5dzIsiYRA,WR - www.azs2000.com (Miguel Migs Naked Vocal Mix),"Label: WEA
Country: France 🇫🇷 
Release: 2000

One Miguel Migs that went under the radar ! Classic Deep House groove ! There is something of a dissonance between the vocals and the tonality of the track, and that is making me sometimes bouncing, sometimes feeling uncomfortable 😆 
Intriguing in any case !
Hope you enjoy the ride ! 
Thanks and congrats to everyone involved in the making of this tune.

https://www.discogs.com/fr/release/176321-WR-wwwazs2000com

Track uploaded for promotion only, low quality upload (mp3 128), please contact me if you want the track removed. 

Contact IG: @jozmusic_",https://i.ytimg.com/vi/dnSCK4wwE6E/sddefault.jpg,Jozuplodz,UUtmkggMhXf1y4k5dzIsiYRA,87,dnSCK4wwE6E,Jozuplodz,UCtmkggMhXf1y4k5dzIsiYRA,Y
youtube#playlistItem,3R_mExRnxWqDtkTKqT252aV1akc,VVV0bWtnZ01oWGYxeTRrNWR6SXNpWVJBLllhY2dnRU1zcDQw,2024-09-01T17:46:48Z,UCtmkggMhXf1y4k5dzIsiYRA,Zeke Schöön – San Tropez Tonight,"Label: Dot
Country: Sweden 🇸🇪 
Release: 2000

Very dreamy slow house Music. I pitched up the track a bit to make it more dancefloor oriented. 
Welcome to San Tropez 😎 
Hope you enjoy the ride ! 
Thanks and congrats to everyone involved in the making of this tune.

https://www.discogs.com/fr/release/2216-Zeke-Sch%C3%B6%C3%B6n-San-Tropez-Tonight

Track uploaded for promotion only, low quality upload (mp3 128), please contact me if you want the track removed. 

Contact IG: @jozmusic_",https://i.ytimg.com/vi/YacggEMsp40/sddefault.jpg,Jozuplodz,UUtmkggMhXf1y4k5dzIsiYRA,88,YacggEMsp40,Jozuplodz,UCtmkggMhXf1y4k5dzIsiYRA,Y
youtube#video,6V_DWCd831vrXRR9M3GevpEEDww,VVV0bWtnZ01oWGYxeTRrNWR6SXNpWVJBLkdETU1jTTJfdVNr,2024-08-18T16:46:25Z,UCtmkggMhXf1y4k5dzIsiYRA,Ardon Lyan – Tribal Twice,"Label: Tribal
Country: UK 🇬🇧 
Release: 2004

For this one I'm gonna take the little words that HTFR used to describe this track: ""Summer Tribal House"". 
I'd also add a touch of progressive House for sure, and a big touch of nostalgia as well.
So I would definitely love to hear that summer prog/tribal House track at sunrise 🌅 
Hope you enjoy the ride ! 
Thanks and congrats to everyone involved in the making of this tune.

https://www.discogs.com/fr/release/2490843-Ardon-Lyan-Tribal-Twice

Track uploaded for promotion only, low quality upload (mp3 128), please contact me if you want the track removed. 

Contact IG: @jozmusic_",https://i.ytimg.com/vi/GDMMcM2_uSk/sddefault.jpg,Jozuplodz,UUtmkggMhXf1y4k5dzIsiYRA,89,GDMMcM2_uSk,Jozuplodz,UCtmkggMhXf1y4k5dzIsiYRA,Y
youtube#playlistItem,ip-SrZq77aEoJCYOeXmJdEjuRN0,VVV0bWtnZ01oWGYxeTRrNWR6SXNpWVJBLl94TFlUdFVJZHJz,2024-08-07T20:56:17Z,UCtmkggMhXf1y4k5dzIsiYRA,Tigerskin - Eight As It Is,"Label: Elektro.Komfort
Country: Germany 🇩🇪 
Release: 2004

A bit of Deep House, a bit of Disco 🪩 
Very interesting track from Tigerskin, other tracks of the EP worth a listen as well ! 
Hope you enjoy the ride ! 
Thanks and congrats to everyone involved in the making of this tune.

https://www.discogs.com/fr/release/341777-Tigerskin-A-Cat-On-The-Carpet

Track uploaded for promotion only, low quality upload (mp3 128), please contact me if you want the track removed. 

Contact IG: @jozmusic_",https://i.ytimg.com/vi/_xLYTtUIdrs/sddefault.jpg,Jozuplodz,UUtmkggMhXf1y4k5dzIsiYRA,90,_xLYTtUIdrs,Jozuplodz,UCtmkggMhXf1y4k5dzIsiYRA,Y
youtube#video,xtF7LnL_5vS3Ed00VcM65IeCHiw,VVV0bWtnZ01oWGYxeTRrNWR6SXNpWVJBLkhWYnU4bDU5R0dF,2024-07-26T13:11:50Z,UCtmkggMhXf1y4k5dzIsiYRA,Hollis P. Monroe - The Beautiful Izi,"Label: De'fchild Productions
Country: US 🇺🇸 
Release: 2009

Pure class Deep House Music from Legend Hollis P. Monroe. 
Hollis P. Monroe does not have a very large discography but every release he did made a significant impact on House Music. 
Mainly active in the 90's, especially with the famous track ""I'm Lonely"", he came back a decade later with this masterpiece that went almost unnoticed. 
Level of production and creativity are just mindblowing on this track. Hollis really put efforts in every details to tell us a story, and I have to say it surely is a sad story...
Thank you legend ! 

https://www.discogs.com/fr/release/1960506-Hollis-P-Monroe-Ruoho-Ruotsi-Black-Rhapsody

Track uploaded for promotion only, low quality upload (mp3 128), please contact me if you want the track removed. 

Contact IG: @jozmusic_",https://i.ytimg.com/vi/HVbu8l59GGE/sddefault.jpg,Jozuplodz,UUtmkggMhXf1y4k5dzIsiYRA,91,HVbu8l59GGE,Jozuplodz,UCtmkggMhXf1y4k5dzIsiYRA,Y
youtube#playlistItem,zy8WjZm2BNB9DyxZ4cl0n54p37A,VVV0bWtnZ01oWGYxeTRrNWR6SXNpWVJBLnptM2dtSERwTmdr,2024-07-16T17:59:54Z,UCtmkggMhXf1y4k5dzIsiYRA,Ericke – Boogie Down (Igor Valente Nu Funk Dub),"Label: Tiger Records
Country: Germany 🇩🇪 
Release: 2007

Nu Funk is what describes well this remix from Igor Valente. And put that with Boogie and you have it 😂 
I like that we can find that kind of tracks on EDM releases !
Of course it stays cheesy but...
Hope you enjoy the ride ! 
Thanks and congrats to everyone involved in the making of this tune.

https://www.discogs.com/fr/release/1019169-Ericke-Boogie-Down

Track uploaded for promotion only, low quality upload (mp3 128), please contact me if you want the track removed. 

Contact IG: @jozmusic_",https://i.ytimg.com/vi/zm3gmHDpNgk/sddefault.jpg,Jozuplodz,UUtmkggMhXf1y4k5dzIsiYRA,92,zm3gmHDpNgk,Jozuplodz,UCtmkggMhXf1y4k5dzIsiYRA,Y
youtube#video,RSTbNMjz_XTDja849LWwErddn4o,VVV0bWtnZ01oWGYxeTRrNWR6SXNpWVJBLkthVkVYdjJCcUc0,2024-07-04T19:13:48Z,UCtmkggMhXf1y4k5dzIsiYRA,The Sound Republic - Go By Me,"Label: Guesthouse Music
Country: US 🇺🇸 
Release: 2005

Classic House track, between ""déglingue"" and ""Rosé-piscine"" 😆 
Really like the broken beat kind of groove on the drums.
Hope you enjoy the ride ! 
Thanks and congrats to everyone involved in the making of this tune.

https://www.discogs.com/fr/release/490560-The-Sound-Republic-The-Scrambles-McSuperStuff-EP

Track uploaded for promotion only, low quality upload (mp3 128), please contact me if you want the track removed. 

Contact IG: @jozmusic_",https://i.ytimg.com/vi/KaVEXv2BqG4/sddefault.jpg,Jozuplodz,UUtmkggMhXf1y4k5dzIsiYRA,93,KaVEXv2BqG4,Jozuplodz,UCtmkggMhXf1y4k5dzIsiYRA,Y
youtube#playlistItem,XyHYyFWmLaiB9fLFkl6e4tPFENk,VVV0bWtnZ01oWGYxeTRrNWR6SXNpWVJBLmFuTHRjeVFWYmNB,2024-06-26T20:03:26Z,UCtmkggMhXf1y4k5dzIsiYRA,Racquet-Ball Club Featuring K. LaDawn - My Heart Beats,"Label: Downtown 161
Country: US 🇺🇸 
Release: 2007

Dreamy and trippy deep house track.
This is a Bonus track on the Gravy Ep; and this is not the first time I come across bonus tracks that are finally the best track of the EP 😆 

Hope you enjoy the ride ! 
Thanks and congrats to everyone involved in the making of this tune.

https://www.discogs.com/fr/release/966986-Racquet-Ball-Club-Featuring-K-LaDawn-Gravy

Track uploaded for promotion only, low quality upload (mp3 128), please contact me if you want the track removed. 

Contact IG: @jozmusic_",https://i.ytimg.com/vi/anLtcyQVbcA/sddefault.jpg,Jozuplodz,UUtmkggMhXf1y4k5dzIsiYRA,94,anLtcyQVbcA,Jozuplodz,UCtmkggMhXf1y4k5dzIsiYRA,Y
youtube#video,NtY7w2Gx3eTyICoqFtxs-NOEypE,VVV0bWtnZ01oWGYxeTRrNWR6SXNpWVJBLnZ3US1QMFdsVktj,2024-06-14T10:05:39Z,UCtmkggMhXf1y4k5dzIsiYRA,Tuhin Roy - Bobo Needs The Funk,"Label: Red Melon Records 
Country: US 🇺🇸 
Release: 2003

2nd Red Melon for the channel, and 2nd Tuhin Roy as well ! 
I would call that mental deep house. The repetitive beat is grooving hard, and you can feel the melancholy behind, love it !
Hope you enjoy the ride ! 
Thanks and congrats to everyone involved in the making of this tune.

https://www.discogs.com/fr/release/133208-Tuhin-Roy-You-Gotta-Love

Track uploaded for promotion only, low quality upload (mp3 128), please contact me if you want the track removed. 

Contact IG: @jozmusic_",https://i.ytimg.com/vi/vwQ-P0WlVKc/sddefault.jpg,Jozuplodz,UUtmkggMhXf1y4k5dzIsiYRA,95,vwQ-P0WlVKc,Jozuplodz,UCtmkggMhXf1y4k5dzIsiYRA,Y
youtube#playlistItem,5qRR9TwNAbcI514O2GcGGvrNV9U,VVV0bWtnZ01oWGYxeTRrNWR6SXNpWVJBLk55RDRUaE9uUjVn,2024-06-05T16:52:44Z,UCtmkggMhXf1y4k5dzIsiYRA,Martin Eyerer – Rhythm As Such,"Label: Sumo Records
Country: Germany 🇩🇪 
Release: 2003

This is a very nasty Proggy/Tech House track. The lead is either you like it or not, same for the Rock N Roll Part. 
Not for every mood, but this is rocking !!
Hope you enjoy the ride ! 
Thanks and congrats to everyone involved in the making of this tune.

https://www.discogs.com/fr/release/189683-Martin-Eyerer-Rhythm-As-Such

Track uploaded for promotion only, low quality upload (mp3 128), please contact me if you want the track removed. 

Contact IG: @jozmusic_",https://i.ytimg.com/vi/NyD4ThOnR5g/sddefault.jpg,Jozuplodz,UUtmkggMhXf1y4k5dzIsiYRA,96,NyD4ThOnR5g,Jozuplodz,UCtmkggMhXf1y4k5dzIsiYRA,Y
youtube#video,dU0paPQX0I-CrGtyQjUJ1nvUiHM,VVV0bWtnZ01oWGYxeTRrNWR6SXNpWVJBLnJHM3ZUVzhsWGZV,2024-05-26T17:32:19Z,UCtmkggMhXf1y4k5dzIsiYRA,Hanna vs. Freestyle Man – Always (Freestyle Man Thirsty Monk Mix),"Label: Séparé Recordings
Country: Germany 🇩🇪 
Release: 2003

This one is for the night ! Heavy Tech House for a nice groover !

Hope you enjoy the ride ! 
Thanks and congrats to everyone involved in the making of this tune.

https://www.discogs.com/fr/release/192826-Hanna-vs-Freestyle-Man-Always-EP

Track uploaded for promotion only, low quality upload (mp3 128), please contact me if you want the track removed. 

Contact IG: @jozmusic_",https://i.ytimg.com/vi/rG3vTW8lXfU/sddefault.jpg,Jozuplodz,UUtmkggMhXf1y4k5dzIsiYRA,97,rG3vTW8lXfU,Jozuplodz,UCtmkggMhXf1y4k5dzIsiYRA,Y
youtube#playlistItem,jD-BQLvrv_ezL4oECPSsqwfqyUE,VVV0bWtnZ01oWGYxeTRrNWR6SXNpWVJBLk9uVnRMcnNtNTBJ,2024-05-12T14:57:04Z,UCtmkggMhXf1y4k5dzIsiYRA,Erlend Øye – Symptom Of Disease (Mesak Mix),"Label: Source
Country: UK 🇬🇧 
Release: 2002

As a big fan of Erlend Øye, I am very happy to share a tiny part of his music legacy; with this breakbeat Mesak Mix. 
As always with Erlend Øye, very melancholic. 
Hope you enjoy the ride ! 
Thanks and congrats to everyone involved in the making of this tune.

https://www.discogs.com/fr/release/89648-Erlend-%C3%98ye-Symptom-Of-Disease

Track uploaded for promotion only, low quality upload (mp3 128), please contact me if you want the track removed. 

Contact IG: @jozmusic_",https://i.ytimg.com/vi/OnVtLrsm50I/sddefault.jpg,Jozuplodz,UUtmkggMhXf1y4k5dzIsiYRA,98,OnVtLrsm50I,Jozuplodz,UCtmkggMhXf1y4k5dzIsiYRA,Y
youtube#video,Pyf1crHCDByltt4i_5hJYI1jmSE,VVV0bWtnZ01oWGYxeTRrNWR6SXNpWVJBLndoNjIzUHFXenBv,2024-05-02T21:53:21Z,UCtmkggMhXf1y4k5dzIsiYRA,Kerri Chandler - It all comes back to you,"Label: Large Records 
Country: US 🇺🇸 
Release: 2001

Happy to have a Kerri Chandler on the channel ! 
Beautifull & melancholic autotune ballad. 
Funny that It's Shazam who helped me find the ref on this promo version that I found at A1 Paris. 
Hope you enjoy the ride ! 
Thanks and congrats to everyone involved in the making of this tune.

https://www.discogs.com/fr/master/320161-Kerri-Chandler-Digitalsoul-Session-Three

Track uploaded for promotion only, low quality upload (mp3 128), please contact me if you want the track removed. 

Contact IG: @jozmusic_",https://i.ytimg.com/vi/wh623PqWzpo/sddefault.jpg,Jozuplodz,UUtmkggMhXf1y4k5dzIsiYRA,99,wh623PqWzpo,Jozuplodz,UCtmkggMhXf1y4k5dzIsiYRA,Y
youtube#playlistItem,h80nu8Yuj6vpG0FRzVp5OP1vXro,VVV0bWtnZ01oWGYxeTRrNWR6SXNpWVJBLnZWUFZZaEhxSWhz,2024-04-23T17:13:41Z,UCtmkggMhXf1y4k5dzIsiYRA,Fanatix - Lesson Learned (Fanatix Underground Dub),"Label: Osiris Music
Country: UK 🇬🇧 
Release: 2005

Nice Garage House track ! The bassline is keeping you posted during the all track !
Hope you enjoy the ride ! 
Thanks and congrats to everyone involved in the making of this tune.

https://www.discogs.com/fr/release/681617-Fanatix-2-Feat-Kele-Le-Roc-Lesson-Learned

Track uploaded for promotion only, low quality upload (mp3 128), please contact me if you want the track removed. 

Contact IG: @jozmusic_",https://i.ytimg.com/vi/vVPVYhHqIhs/sddefault.jpg,Jozuplodz,UUtmkggMhXf1y4k5dzIsiYRA,100,vVPVYhHqIhs,Jozuplodz,UCtmkggMhXf1y4k5dzIsiYRA,Y
youtube#video,V1iKH77W2j38fF2V9t1qGX9FJkY,VVV0bWtnZ01oWGYxeTRrNWR6SXNpWVJBLllfTkgxMTBlcm1F,2024-04-11T20:19:28Z,UCtmkggMhXf1y4k5dzIsiYRA,Dano And Tuhin Roy - Feelin' Alive,"Label: Red Melon Records
Country: US 🇺🇸 
Release: 2003

Typical early 2000's US Deep House Track. The amazing work done on the drums makes a real acoustic feeling. Love it !
Hope you enjoy the ride !

Thanks and congrats to everyone involved in the making of this tune.

https://www.discogs.com/fr/release/200140-Dano-And-Tuhin-Roy-Disco-Diversions

Track uploaded for promotion only, low quality upload (mp3 128), please contact me if you want the track removed. 

Contact IG: @jozmusic_",https://i.ytimg.com/vi/Y_NH110ermE/sddefault.jpg,Jozuplodz,UUtmkggMhXf1y4k5dzIsiYRA,101,Y_NH110ermE,Jozuplodz,UCtmkggMhXf1y4k5dzIsiYRA,Y
youtube#playlistItem,1BmaFtJSx7aey4BF29YSiG10xhE,VVV0bWtnZ01oWGYxeTRrNWR6SXNpWVJBLkxzM0NjMHJSR0Z3,2024-04-03T12:56:13Z,UCtmkggMhXf1y4k5dzIsiYRA,Dj Ed - Filmscore,"Label: Upbeat Records
Country: Germany 🇩🇪
Release: 1997

Nice Trance archive from 1997. You can feel Prog House isn't far ! I did lower the pitch from 136 to approx 128bpm.
Hope you enjoy the ride ! 
Thanks and congrats to everyone involved in the making of this tune.

https://www.discogs.com/fr/release/628545-DJ-Ed-Poetry

Track uploaded for promotion only, low quality upload (mp3 128), please contact me if you want the track removed. 

Contact IG: @jozmusic_",https://i.ytimg.com/vi/Ls3Cc0rRGFw/sddefault.jpg,Jozuplodz,UUtmkggMhXf1y4k5dzIsiYRA,102,Ls3Cc0rRGFw,Jozuplodz,UCtmkggMhXf1y4k5dzIsiYRA,Y
youtube#video,yyrfHt4zjBtyG7zLtOrLfaHuMiA,VVV0bWtnZ01oWGYxeTRrNWR6SXNpWVJBLmpKdXpCLUFOa0Vn,2024-03-20T19:04:02Z,UCtmkggMhXf1y4k5dzIsiYRA,Eedio - Purely Kiss (Featuring Nini Rose),"Label: Difu
Country: France 🇫🇷 
Release: 2013

2013 is the new hit with this nice deep tech house track ! 
Really like the little breakbeat break, which makes the beat even better when it comes back .
Hope you enjoy the ride ! 
Thanks and congrats to everyone involved in the making of this tune.

https://www.discogs.com/fr/release/5083213-Eedio-43-EP

Track uploaded for promotion only, low quality upload (mp3 128), please contact me if you want the track removed. 

Contact IG: @jozmusic_",https://i.ytimg.com/vi/jJuzB-ANkEg/sddefault.jpg,Jozuplodz,UUtmkggMhXf1y4k5dzIsiYRA,103,jJuzB-ANkEg,Jozuplodz,UCtmkggMhXf1y4k5dzIsiYRA,Y
youtube#playlistItem,FQYOe3RgEIAf5n8HU0nQtgLAy7g,VVV0bWtnZ01oWGYxeTRrNWR6SXNpWVJBLkFNV19vY29hWXlz,2024-03-10T16:49:52Z,UCtmkggMhXf1y4k5dzIsiYRA,Axwell – Watch The Sunrise (Patric & Timo Remix),"Label: Superstar Recordings
Country: Germany 🇩🇪 
Release: 2005

Ok the border might be crossed on this massive big room track, but I'm sure if properly sent this can do huge damages to any dancefloor. 
Also, crossing the border can sometimes be a guilty pleasure and for me this track certainly is 🤫

Hope you enjoy the ride ! 
Thanks and congrats to everyone involved in the making of this tune.

https://www.discogs.com/fr/release/639432-Various-Das-Abendmahl

Track uploaded for promotion only, low quality upload (mp3 128), please contact me if you want the track removed. 

Contact IG: @jozmusic_",https://i.ytimg.com/vi/AMW_ocoaYys/sddefault.jpg,Jozuplodz,UUtmkggMhXf1y4k5dzIsiYRA,104,AMW_ocoaYys,Jozuplodz,UCtmkggMhXf1y4k5dzIsiYRA,Y
youtube#video,2EhmPo5JRY6IYZQNGaUAaQerlBo,VVV0bWtnZ01oWGYxeTRrNWR6SXNpWVJBLmhVVkxqZ3MtQjJn,2024-02-25T16:29:18Z,UCtmkggMhXf1y4k5dzIsiYRA,G. Pal Productions - Sometimes I Have Tried (Part 1),"Label: Low Pressings
Country: UK 🇬🇧 
Release: 1999

Let's continue with this beautiful Deep House track. Amazing work by G. Pal Productions on making the track evolving constantly and smoothly through different phases.
Pretty sure this track was inspirational for the minimal wave to come. 
Hope you enjoy the ride ! 
Thanks and congrats to everyone involved in the making of this tune.

https://www.discogs.com/fr/release/114997-G-Pal-Productions-Volume-1

Track uploaded for promotion only, low quality upload (mp3 128), please contact me if you want the track removed. 

Contact IG: @jozmusic_",https://i.ytimg.com/vi/hUVLjgs-B2g/sddefault.jpg,Jozuplodz,UUtmkggMhXf1y4k5dzIsiYRA,105,hUVLjgs-B2g,Jozuplodz,UCtmkggMhXf1y4k5dzIsiYRA,Y
youtube#playlistItem,nZJHRe9m3KhMcY6yGBgbTBgn7K0,VVV0bWtnZ01oWGYxeTRrNWR6SXNpWVJBLlVrSWUwSnhZQlV3,2024-02-18T19:19:17Z,UCtmkggMhXf1y4k5dzIsiYRA,Jas – Hitchhiking (Streetlife Originals 'Message To The People' Dub),"Label: Hooj Choons
Country: UK 🇬🇧 
Release: 2003

Very glad to have a Hooj Choons on the channel ! The track reflects perfectly the label's identity: a great mixture of breaks, electro and deep house.
Hope you enjoy the ride ! 
Thanks and congrats to everyone involved in the making of this tune.

https://www.discogs.com/fr/release/112669-Jas-Hitchhiking

Track uploaded for promotion only, low quality upload (mp3 128), please contact me if you want the track removed. 

Contact IG: @jozmusic_",https://i.ytimg.com/vi/UkIe0JxYBUw/sddefault.jpg,Jozuplodz,UUtmkggMhXf1y4k5dzIsiYRA,106,UkIe0JxYBUw,Jozuplodz,UCtmkggMhXf1y4k5dzIsiYRA,Y
youtube#video,4GXmrAuzoBXWkTL_YRvgm_tnPNU,VVV0bWtnZ01oWGYxeTRrNWR6SXNpWVJBLjVLNmw1anpEbklV,2024-02-07T15:34:05Z,UCtmkggMhXf1y4k5dzIsiYRA,Bryan Zentz - Re Control (Mazi & Joshua Collins Remix),"Label: Gourmet Recordings
Country: France 🇫🇷 
Release: 2006

This one is a classic for people who spent some time in the 2nd Hand section of Syncrophone in Paris. 
Pure class and emotional Deep Tech House, with touches of Electro. 
Fans of dirty Acid House will also enjoy the other tracks of the EP.
Hope you enjoy the ride ! 
Thanks and congrats to everyone involved in the making of this tune.

https://www.discogs.com/fr/release/776810-Bryan-Zentz-Re-Control

Track uploaded for promotion only, low quality upload (mp3 128), please contact me if you want the track removed. 

Contact IG: @jozmusic_",https://i.ytimg.com/vi/5K6l5jzDnIU/sddefault.jpg,Jozuplodz,UUtmkggMhXf1y4k5dzIsiYRA,107,5K6l5jzDnIU,Jozuplodz,UCtmkggMhXf1y4k5dzIsiYRA,Y
youtube#playlistItem,uZjkPBK6pv8I_n_ljAZHVzaC-SU,VVV0bWtnZ01oWGYxeTRrNWR6SXNpWVJBLlFOSnZDQ2VZcnRn,2024-01-30T11:07:27Z,UCtmkggMhXf1y4k5dzIsiYRA,Zap Mama - Bandy Bandy (Bobby E. Remix),"Label: Giant Step Records 
Country: US 🇺🇸 
Release: 2005

Let's continue with this slow and dreamy Deep House track. Definitely in love with the lead that you can hear during the chorus.
Hope you enjoy the ride !
Thanks and congrats to everyone involved in the making of this tune.

https://www.discogs.com/fr/release/450698-Zap-Mama-Show-Me-The-Way

Track uploaded for promotion only, low quality upload (mp3 128), please contact me if you want the track removed. 

Contact IG: @jozmusic_",https://i.ytimg.com/vi/QNJvCCeYrtg/sddefault.jpg,Jozuplodz,UUtmkggMhXf1y4k5dzIsiYRA,108,QNJvCCeYrtg,Jozuplodz,UCtmkggMhXf1y4k5dzIsiYRA,Y
youtube#video,MjKfKaavRnDzicng5Rsvf688CQ4,VVV0bWtnZ01oWGYxeTRrNWR6SXNpWVJBLkkyNk03TnVMck1Z,2024-01-09T22:32:34Z,UCtmkggMhXf1y4k5dzIsiYRA,Blind Sensation presents Ellectrika - I used 2 B A Star (Rocco Antistar Mix),"Label: BS Traxx
Country: France 🇫🇷 
Release: 2004

I decided to start the channel with this very class Deep House track. 
I am really touched by the melancholy that echoes through the different elements of the track.
Hope you enjoy the ride ! 
Thanks and congrats to everyone involved in the making of this tune.

https://www.discogs.com/fr/release/870420-Blind-Sensation-Presents-Ellectrika-I-Used-2-B-A-Str

Track uploaded for promotion only, low quality upload (mp3 128), please contact me if you want the track removed. 

Contact IG: @jozmusic_",https://i.ytimg.com/vi/I26M7NuLrMY/sddefault.jpg,Jozuplodz,UUtmkggMhXf1y4k5dzIsiYRA,109,I26M7NuLrMY,Jozuplodz,UCtmkggMhXf1y4k5dzIsiYRA,Y
youtube#playlistItem,xVyduU1N6SJcfWZovWbNZkuJVl8,UExWQmlTb3RiOEJZQUVjZzVxWUlzbndoMWJudUY3QUtGVS5CNTcxMDQ0NThBNzMxODYz,2026-03-25T17:42:11Z,UCucZxbG9teyMvRYSx3MHgcA,Pizza Connection – Aus Musika (Natural Mix),"Label: Shoreline Records
Country: UK 🇬🇧
Release: 2000

Funky House Music for the summer ☀️
I could really ear that lead in an old school movie.
And indeed after verification, this is inspired from the Original Soundtrack of the TV Show ""Charlie's Angels"" from 1976.
Hope you enjoy the ride ! 
Thanks and congrats to everyone involved in the making of this tune.

https://www.discogs.com/fr/release/238976-Pizza-Connection-Aus-Musika

Track uploaded for promotion only, low quality upload (mp3 128), please contact me if you want the track removed. 

Contact IG: @jozmusic_",https://i.ytimg.com/vi/VsCNj3SDXwI/hqdefault.jpg,La Petite Boite,PLVBiSotb8BYAEcg5qYIsnwh1bnuF7AKFU,0,VsCNj3SDXwI,Jozuplodz,UCtmkggMhXf1y4k5dzIsiYRA,Y
youtube#video,nThxZHz6w9z-weYDt9aaYuAFPpQ,UExWQmlTb3RiOEJZQUVjZzVxWUlzbndoMWJudUY3QUtGVS5CNTZFOTNGQzZEODg1RUQx,2026-03-01T09:33:51Z,UCucZxbG9teyMvRYSx3MHgcA,Come to Me,"Provided to YouTube by Permanent Vacation

Come to Me · DMX Krew

Nu Romantix

℗ Permanent Vacation

Released on: 1998-06-08

Composer: Edward Upton
Lyricist: Edward Upton

Auto-generated by YouTube.",https://i.ytimg.com/vi/VbBe8tULQqI/hqdefault.jpg,La Petite Boite,PLVBiSotb8BYAEcg5qYIsnwh1bnuF7AKFU,1,VbBe8tULQqI,DMX Krew - Topic,UCaahzK4y0-c2hY-u08iY-mQ,Y
youtube#playlistItem,X1rHp8rftcm34EFeJSuAveh5Fa0,UExWQmlTb3RiOEJZQUVjZzVxWUlzbndoMWJudUY3QUtGVS4wRjhFM0MxMTU1MEUzQ0VB,2025-12-15T16:38:01Z,UCucZxbG9teyMvRYSx3MHgcA,Man/ipulate - Insidynamic,"https://www.discogs.com/Manipulate-Shinsei/release/17305861

Join the movement : https://www.facebook.com/KermesseWorld/ 
Podcasts : https://soundcloud.com/kermesseworld 
Follow : https://www.instagram.com/kermesseworld/

For promotional purpose only",https://i.ytimg.com/vi/LXG61x8PFbY/hqdefault.jpg,La Petite Boite,PLVBiSotb8BYAEcg5qYIsnwh1bnuF7AKFU,2,LXG61x8PFbY,Kermesse World,UCOkpc7Pa7N4cDUb-uoJHY4Q,Y
youtube#video,WfYhncl7QJpq1SrFRc8hyztMacc,UExWQmlTb3RiOEJZQUVjZzVxWUlzbndoMWJudUY3QUtGVS41OURENDc2NEM1MDI5Mjky,2025-12-12T10:24:25Z,UCucZxbG9teyMvRYSx3MHgcA,Idris Bena - Green Area [FIR002],"—



https://www.discogs.com/Idris-Bena-Pantei-Rah-EP-/release/13308391 / |",https://i.ytimg.com/vi/OKX6jfTiUug/hqdefault.jpg,La Petite Boite,PLVBiSotb8BYAEcg5qYIsnwh1bnuF7AKFU,3,OKX6jfTiUug,VNRD,UCv0Ufd_Af9VBEi6xoW6ZTfw,Y
youtube#playlistItem,o6q-LJxwuai62A3clsgTzgx4BfQ,UExWQmlTb3RiOEJZQUVjZzVxWUlzbndoMWJudUY3QUtGVS42QzdBMzlBQzQzRjQ0QkQy,2025-12-12T10:00:25Z,UCucZxbG9teyMvRYSx3MHgcA,Mamosato - Mamos Bleeps [STL003],"—



https://www.discogs.com/Mamosato-Volume-2/release/14976281 / |",https://i.ytimg.com/vi/cI5JL9IgTRM/hqdefault.jpg,La Petite Boite,PLVBiSotb8BYAEcg5qYIsnwh1bnuF7AKFU,4,cI5JL9IgTRM,VNRD,UCv0Ufd_Af9VBEi6xoW6ZTfw,Y
youtube#video,pClP8Mfx_PgcPLmNK3zB9o4tik8,UExWQmlTb3RiOEJZQUVjZzVxWUlzbndoMWJudUY3QUtGVS4wNEU1MTI4NkZEMzVBN0JF,2025-12-09T16:07:00Z,UCucZxbG9teyMvRYSx3MHgcA,Loopy Juice – Bass I'm History (Original Dub Edit) (1996),"Label: All Mouth Records – AM001
Format: Vinyl, 12""
Country: UK
Released: 1996
Genre: Electronic
Style: House

https://www.discogs.com/release/2309456-Loopy-Juice-Bass-Im-History",https://i.ytimg.com/vi/imgRtKdatFQ/hqdefault.jpg,La Petite Boite,PLVBiSotb8BYAEcg5qYIsnwh1bnuF7AKFU,5,imgRtKdatFQ,The Cake Shop,UCQ_-6BkphyRFKHKJE21AF6w,Y
youtube#playlistItem,JH5WLBOjF35nPJDkuE5rZHGrUiY,UExWQmlTb3RiOEJZQUVjZzVxWUlzbndoMWJudUY3QUtGVS5GNjAwN0Y0QTFGOTVDMEMy,2025-12-05T16:43:23Z,UCucZxbG9teyMvRYSx3MHgcA,Zap Mama - Bandy Bandy (Bobby E. Remix),"Label: Giant Step Records 
Country: US 🇺🇸 
Release: 2005

Let's continue with this slow and dreamy Deep House track. Definitely in love with the lead that you can hear during the chorus.
Hope you enjoy the ride !
Thanks and congrats to everyone involved in the making of this tune.

https://www.discogs.com/fr/release/450698-Zap-Mama-Show-Me-The-Way

Track uploaded for promotion only, low quality upload (mp3 128), please contact me if you want the track removed. 

Contact IG: @jozmusic_",https://i.ytimg.com/vi/QNJvCCeYrtg/hqdefault.jpg,La Petite Boite,PLVBiSotb8BYAEcg5qYIsnwh1bnuF7AKFU,6,QNJvCCeYrtg,Jozuplodz,UCtmkggMhXf1y4k5dzIsiYRA,Y
youtube#video,PcbHefqHu8AdK-cbNjYIa0_H1Oo,UExWQmlTb3RiOEJZQUVjZzVxWUlzbndoMWJudUY3QUtGVS43NERCMDIzQzFBMERCMEE3,2025-12-05T14:46:47Z,UCucZxbG9teyMvRYSx3MHgcA,Roger Prinz vs. DJ Ren-D – Sandstreet Groove (DJ Ren-D's Paradise Mix),"Label: Underworld Recordings
Country: Germany 🇩🇪
Release: 2001

House Tool 🛠️
You can Find Youtube Topics called ""Sandstreet Groove Part 2"" from same artists but they are not the same tracks as this original Sandstreet Groove release from 2001 (the part 2 was released in 2004).
There was a confusing error between Side A & B on the Discogs ref so I was not sure this track was Ren-D's Paradise Mix but after verification I am sure that it is.
The other track of the release also worth a listen or a play and I will upload it later for sure. 
Hope you enjoy the ride ! 
Thanks and congrats to everyone involved in the making of this tune.

https://www.discogs.com/fr/release/1055430

Track uploaded for promotion only, low quality upload (mp3 128), please contact me if you want the track removed. 

Contact IG: @jozmusic_",https://i.ytimg.com/vi/n-Znv2mTM7E/hqdefault.jpg,La Petite Boite,PLVBiSotb8BYAEcg5qYIsnwh1bnuF7AKFU,7,n-Znv2mTM7E,Jozuplodz,UCtmkggMhXf1y4k5dzIsiYRA,Y
youtube#playlistItem,KCvDLJVlKEHEoRrGwNFlEHnJNcM,UExWQmlTb3RiOEJZQUVjZzVxWUlzbndoMWJudUY3QUtGVS41NTZEOThBNThFOUVGQkVB,2025-12-05T14:18:50Z,UCucZxbG9teyMvRYSx3MHgcA,Tigerskin - Eight As It Is,"Label: Elektro.Komfort
Country: Germany 🇩🇪 
Release: 2004

A bit of Deep House, a bit of Disco 🪩 
Very interesting track from Tigerskin, other tracks of the EP worth a listen as well ! 
Hope you enjoy the ride ! 
Thanks and congrats to everyone involved in the making of this tune.

https://www.discogs.com/fr/release/341777-Tigerskin-A-Cat-On-The-Carpet

Track uploaded for promotion only, low quality upload (mp3 128), please contact me if you want the track removed. 

Contact IG: @jozmusic_",https://i.ytimg.com/vi/_xLYTtUIdrs/hqdefault.jpg,La Petite Boite,PLVBiSotb8BYAEcg5qYIsnwh1bnuF7AKFU,8,_xLYTtUIdrs,Jozuplodz,UCtmkggMhXf1y4k5dzIsiYRA,Y
youtube#video,og66llmCYaNgnIztm6YQMfzpZgc,UExWQmlTb3RiOEJZQUVjZzVxWUlzbndoMWJudUY3QUtGVS42Qzk5MkEzQjVFQjYwRDA4,2025-10-31T18:43:15Z,UCucZxbG9teyMvRYSx3MHgcA,Babble - Beautiful (Roll It up Mix),"Buy : https://www.discogs.com/release/111381-Babble-Beautiful-Tribe


⚠ DISCLAIMERS IMPORTANT : 
I do not own any rights on the material in this video. Just for promotional use. If the owners do not wish to have their items on display, please contact me and I will remove the videos immediately ! If you enjoy the music, please support the artists by buying their tracks!",https://i.ytimg.com/vi/IziGHVFcrzI/hqdefault.jpg,La Petite Boite,PLVBiSotb8BYAEcg5qYIsnwh1bnuF7AKFU,9,IziGHVFcrzI,MyCandies,UCi7leY1qzGJsUjUSeJ1ZsZA,Y
youtube#playlistItem,W7yn0tBpatSGWcFm9i2HSaBu1pc,UExWQmlTb3RiOEJZQUVjZzVxWUlzbndoMWJudUY3QUtGVS4zMEQ1MEIyRTFGNzhDQzFB,2025-09-26T15:39:59Z,UCucZxbG9teyMvRYSx3MHgcA,Low-Fi - Thank You (Stefano Nosferini Version)  [1999],"Heads down, hands up... 

https://www.discogs.com/release/347376-Low-Fi-Thank-You

We do not own the rights of anything uploaded and broadcasted from this channel. Everything uploaded here is only because we want to share our passion for music. If there is a copyright infringement, please contact us directly via e-mail at passoutjs@gmail.com.",https://i.ytimg.com/vi/AaeZsshwurE/hqdefault.jpg,La Petite Boite,PLVBiSotb8BYAEcg5qYIsnwh1bnuF7AKFU,10,AaeZsshwurE,151 Soundsystem,UCitgRu53Tq4YKnBnEpyOrrQ,Y
youtube#video,XCYc11zZl-yw364SUPnUIWf8eRk,UExWQmlTb3RiOEJZQUVjZzVxWUlzbndoMWJudUY3QUtGVS4xMzgwMzBERjQ4NjEzNUE5,2025-09-24T18:09:08Z,UCucZxbG9teyMvRYSx3MHgcA,How the Golden Gate Bridge Works,"An in-depth 3D technical tour of the Golden Gate Bridge, in all its glory!

CREDITS
Jacob O'Neal - Research, script, narration, 3D modeling / animation, music

MUSIC
I composed the background music specifically for this project.

PATREON
https://www.patreon.com/animagraffs

SOFTWARE USED
I use Blender 3D to create these models. It's free and open source, and the community is amazing:
https://www.blender.org/

0:00 Overview
04:43 Piers
21:18 Towers
27:19 Footbridges
33:03 Spinning Mockup
37:11 Cable Spinning
47:57 Strand
53:56 Saddle
58:17 Compacting
01:01:36 Splay Collar
01:02:13 Anchorage
01:04:42 Suspender Cables
01:06:22 Roadway
01:11:16 Saddle Setback
01:14:03 Cable Tie-Down
01:15:58 Wrapping
01:18:03 Design Limits
01:01:21:41 Stiffening Trusses
01:22:01 Scaffolds
01:22:36 Conclusion",https://i.ytimg.com/vi/RjbJwnUd3Pw/hqdefault.jpg,La Petite Boite,PLVBiSotb8BYAEcg5qYIsnwh1bnuF7AKFU,11,RjbJwnUd3Pw,Animagraffs,UCnZeeKO8qVdtkrA4-uKhtTw,Y
youtube#playlistItem,xpPiX19MK0IcIvvbn-dQWCToPPQ,UExWQmlTb3RiOEJZQUVjZzVxWUlzbndoMWJudUY3QUtGVS44QzVGQUU2QjE2NDgxM0M4,2025-09-23T18:33:32Z,UCucZxbG9teyMvRYSx3MHgcA,Electric Tools Vol. 1 - Bok.p - Creator [Outdom],"✦ Private digs : https://sublaunch.com/suckmydigs
✦ Buy : https://outdom.bandcamp.com/album/electric-tools-vol-1

⎇ Track : Bok.p
⎇ Artist : Creator
⎇ Label : Outdom
⎇ Release :  May 3, 2024
⎇ Album : Electric Tools Vol. 1

Album :

1. Latent & Retrolog - Super Villain 
2. Bok.p - Creator 

- - - 

Please support artists & labels and buy physical or digital music 🙏
Low-bitrate audio - not for club use! 

For promotional purposes only: 
Supporting artists by sharing their music videos to increase awareness and encourage purchasing.

✦ Instagram : https://www.instagram.com/smdigs/",https://i.ytimg.com/vi/UPOsK5lcGv4/hqdefault.jpg,La Petite Boite,PLVBiSotb8BYAEcg5qYIsnwh1bnuF7AKFU,12,UPOsK5lcGv4,Suck my digs,UC7qAhxixwvf9AGglJy36Xsw,Y
youtube#video,ffbqqT_YDNpN3vGJWb7kgSA0am4,UExWQmlTb3RiOEJZQUVjZzVxWUlzbndoMWJudUY3QUtGVS5ENjI1QUI0MDI5NEQzODFE,2025-09-23T18:25:27Z,UCucZxbG9teyMvRYSx3MHgcA,Luke Seager - Cloud Surfing  [2025],"Beau Mot Plage are back with a bang ! The French imprint delivers the excellent first EP of mysterious newcomer Luke Seager. As always, grab quick before it's too late (already sold out on Bandcamp)... 

Where to cop: 
https://beaumotplage.bandcamp.com/album/luke-seager-cloud-surfing-ep
https://www.hhv.de/en-GB/records/item/luke-seager-cloud-surfing-1226111?pquid=a-b69ea981ef1a156bb34110ab13818c1a
https://www.juno.co.uk/products/luke-seager-cloud-surfing-vinyl/1070981-01/
https://www.deejay.de/Luke_Seager_Cloud_Surfing_BMP104_Vinyl__1128108

Beau Mot Plage:
https://beaumotplage.bandcamp.com/",https://i.ytimg.com/vi/Ti2V75gMDec/hqdefault.jpg,La Petite Boite,PLVBiSotb8BYAEcg5qYIsnwh1bnuF7AKFU,13,Ti2V75gMDec,151 Soundsystem,UCitgRu53Tq4YKnBnEpyOrrQ,Y
youtube#playlistItem,8MF-V-WsPt3A5Wt7fRHX6zFXwhU,UExWQmlTb3RiOEJZQUVjZzVxWUlzbndoMWJudUY3QUtGVS41RTNBREYwMkI5QzU3RkY2,2025-06-24T17:50:16Z,UCucZxbG9teyMvRYSx3MHgcA,The Lostboys - Loose It (Mad Cow Dix) 1995,https://www.discogs.com/release/533426-The-Lostboys-Loose-It,https://i.ytimg.com/vi/eSa2nbMo65Q/hqdefault.jpg,La Petite Boite,PLVBiSotb8BYAEcg5qYIsnwh1bnuF7AKFU,14,eSa2nbMo65Q,Sbradyman,UCP73nzkyR4BZV1lD57kaROA,Y
youtube#video,SPomIAqT3O7pXsY5B9mXEaulSQo,UExWQmlTb3RiOEJZQUVjZzVxWUlzbndoMWJudUY3QUtGVS40QzRDOEU0QUYwNUIxN0M1,2025-04-22T04:37:12Z,UCucZxbG9teyMvRYSx3MHgcA,Pick Me Up (Dog Has It's Day Mix),"Provided to YouTube by Believe SAS

Pick Me Up (Dog Has It's Day Mix) · R.I.P Productions

Pick Me Up

℗ Ice Cream Records

Released on: 2011-11-14

Music Publisher: D.R
Author: Omar Adimora
Composer: Omar Adimora
Author: Tim Liken
Composer: Tim Liken

Auto-generated by YouTube.",https://i.ytimg.com/vi/urbrKVCDqeg/hqdefault.jpg,La Petite Boite,PLVBiSotb8BYAEcg5qYIsnwh1bnuF7AKFU,15,urbrKVCDqeg,RIP Productions - Topic,UC0iwG2VlotxzjuGnHio3EpQ,Y
youtube#playlistItem,PK7CjLFqsTNeT9uJbkbtDnGWVTs,UExWQmlTb3RiOEJZQUVjZzVxWUlzbndoMWJudUY3QUtGVS4yQUJFNUVCMzVDNjcxRTlF,2025-01-31T23:58:35Z,UCucZxbG9teyMvRYSx3MHgcA,Bizarre Supreme - J.A.C.K.S (1993),https://www.discogs.com/Bizarre-Supreme-Yabbadabbadoo-EP/release/137590,https://i.ytimg.com/vi/F6TOYJwfycY/hqdefault.jpg,La Petite Boite,PLVBiSotb8BYAEcg5qYIsnwh1bnuF7AKFU,16,F6TOYJwfycY,Zaqaria,UC4vkDmheBGKCBb6sfWItN8Q,Y
youtube#video,wZihckqxL66NqkvIzaLc3chmuwA,UExWQmlTb3RiOEJZQUVjZzVxWUlzbndoMWJudUY3QUtGVS41MzY4MzcwOUFFRUU3QzEx,2022-05-30T13:45:43Z,UCucZxbG9teyMvRYSx3MHgcA,Datman + Robber - Bigmouth Strikes Again [1999],"https://www.discogs.com/release/639582-Datman-Robber-Bigmouth-Strikes-Again

---------------------------------------------------
all about house music between 1988 - 1998 (the golden years) 
house, progressive, piano, deep bassline etc. etc.

I only add tracks/versions that ain't on youtube, always looking for long forgotten tracks & hidden gems

hit subscribe if this is your thing, load more to come ;)


http://tracklistings.co.uk/
https://www.discogs.com/seller/brady/profile
https://hearthis.at/sbradyman/
https://www.facebook.com/tracklistingscouk-1091223414325947
https://www.mixcloud.com/sbradyman/
https://pin.it/4BN2Yw2",https://i.ytimg.com/vi/Y49ywJSBKWY/hqdefault.jpg,La Petite Boite,PLVBiSotb8BYAEcg5qYIsnwh1bnuF7AKFU,17,Y49ywJSBKWY,Sbradyman,UCP73nzkyR4BZV1lD57kaROA,Y
youtube#playlistItem,iDpO8_JaU5fpDbBvshoHi2NYmsw,UExWQmlTb3RiOEJZQUVjZzVxWUlzbndoMWJudUY3QUtGVS5DRUQwODMxQzUyRTlGRkY3,2022-05-28T14:10:48Z,UCucZxbG9teyMvRYSx3MHgcA,LVCA & MARLON - Seraphim [SOCK04],"👉 Get your copy: https://badumtish.eu/products/lvca-marlon-estado-salvaje-sock04
🎵 Follow the label: https://soundcloud.com/badumtishworld
🚀 My mixes & productions: https://soundcloud.com/cmykitsme
🍓🏷️ My new vinyl label: https://soundcloud.com/jamdemsounds
📡☁️ My 24/7 Chill-Out Webradio: https://www.kanvas.fm

👀 Release details: https://www.discogs.com/label/1835732-Sock-It-To-Me

Please support artists & labels and buy physical or digital music 🙏

All uploads are made with the right-owners approval and have low-bitrate audio (128kbps) - not for club use!",https://i.ytimg.com/vi/2CDIxdYo0p8/hqdefault.jpg,La Petite Boite,PLVBiSotb8BYAEcg5qYIsnwh1bnuF7AKFU,18,2CDIxdYo0p8,CMYK,UC_9j-jI_P6heeJpQRvz0eOw,Y
youtube#video,cPLZzuqrvTkyykVfA2MbioMwxY4,UExWQmlTb3RiOEJZQUVjZzVxWUlzbndoMWJudUY3QUtGVS5DNkMwRUI2MkI4QkI4NDFG,2022-05-14T20:35:55Z,UCucZxbG9teyMvRYSx3MHgcA,Cymbal - Baby We Can Work It (Full On Vocal Mix) 1995,"https://www.discogs.com/release/1164445-Cymbal-Baby-We-Can-Work-It
Cymbal - Baby We Can Work It
Label: Kick Drum Recordings – KID 1201
Format: Vinyl, 12"", 45 RPM
Country: UK
Released: 1995
Genre: Electronic
Style: House

A  Baby We Can Work It (Full On Vocal Mix)
B  Baby We Can Work It (Tranced Dub Mix)




---------------------------------------------------
all about dance music between 1988 - 1998 (the golden era) 
house, progressive, piano, deep bassline etc. etc.

I only add tracks/versions that ain't on youtube, always looking for long lost tracks & hidden gems

hit subscribe if this is your thing, load more to come ;)


http://tracklistings.co.uk/
https://www.discogs.com/seller/brady/profile
https://hearthis.at/sbradyman/
https://www.facebook.com/tracklistingscouk-1091223414325947
https://www.mixcloud.com/sbradyman/
https://pin.it/4BN2Yw2",https://i.ytimg.com/vi/i3qJnyH3-cE/hqdefault.jpg,La Petite Boite,PLVBiSotb8BYAEcg5qYIsnwh1bnuF7AKFU,19,i3qJnyH3-cE,Sbradyman,UCP73nzkyR4BZV1lD57kaROA,Y
youtube#playlistItem,LrHk18X0Cr7dKwYWQ80XICcH3PQ,UExWQmlTb3RiOEJZQUVjZzVxWUlzbndoMWJudUY3QUtGVS45NkVENTkxRDdCQUFBMDY4,2022-05-14T19:36:08Z,UCucZxbG9teyMvRYSx3MHgcA,Nebula II - Kundalini [1995],"https://www.discogs.com/release/257168-Nebula-II-Kundalini
Nebula II – Kundalini
Label: Sentinel Records – SEN001
Format: Vinyl, 12"", 33 ⅓ RPM
Country: UK
Released: 1995
Genre: Electronic
Style: Industrial, Hard Trance

A1  Kundalini
A2  Subterrania

B1  Entropy
B2  Entropy (Remix)


---------------------------------------------------
all about dance music between 1988 - 1998 (the golden era) 
house, progressive, piano, deep bassline etc. etc.

I only add tracks/versions that ain't on youtube, always looking for long lost tracks & hidden gems

hit subscribe if this is your thing, load more to come ;)


http://tracklistings.co.uk/
https://www.discogs.com/seller/brady/profile
https://hearthis.at/sbradyman/
https://www.facebook.com/tracklistingscouk-1091223414325947
https://www.mixcloud.com/sbradyman/
https://pin.it/4BN2Yw2",https://i.ytimg.com/vi/7f2c50FibF0/hqdefault.jpg,La Petite Boite,PLVBiSotb8BYAEcg5qYIsnwh1bnuF7AKFU,20,7f2c50FibF0,Sbradyman,UCP73nzkyR4BZV1lD57kaROA,Y
youtube#video,32BqidspSf8cgdc36CU8bHAea7I,UExWQmlTb3RiOEJZQUVjZzVxWUlzbndoMWJudUY3QUtGVS5GNDg1Njc1QzZERjlFRjE5,2022-05-05T12:19:45Z,UCucZxbG9teyMvRYSx3MHgcA,Baby June - Need To Need You (Steve's Acidisco Mix) 1993 🎹 🎹,"https://www.discogs.com/release/11873907-Baby-June-Need-To-Need-You

---------------------------------------------------
all about house music between 1988 - 1998 (the golden years) 
house, progressive, piano, deep bassline etc. etc.

I only add tracks/versions that ain't on youtube, always looking for long forgotten tracks & hidden gems

hit subscribe if this is your thing, load more to come ;)


http://tracklistings.co.uk/
https://www.discogs.com/seller/brady/profile
https://hearthis.at/sbradyman/
https://www.facebook.com/tracklistingscouk-1091223414325947
https://www.mixcloud.com/sbradyman/
https://pin.it/4BN2Yw2",https://i.ytimg.com/vi/Q63kynl8nPU/hqdefault.jpg,La Petite Boite,PLVBiSotb8BYAEcg5qYIsnwh1bnuF7AKFU,21,Q63kynl8nPU,Sbradyman,UCP73nzkyR4BZV1lD57kaROA,Y
youtube#video,tH_By4EGBoSNpnW20O6qjxrn1bU,UExWQmlTb3RiOEJZQUVjZzVxWUlzbndoMWJudUY3QUtGVS40QTA3NTU2RkM1QzlCMzYx,2022-04-25T09:00:53Z,UCucZxbG9teyMvRYSx3MHgcA,Voodoo Blue - Let The Music (Solus Mix) 1994,"https://www.discogs.com/release/948098-Voodoo-Blue-All-I-Do

---------------------------------------------------
all about house music between 1988 - 1998 (the golden years) 
house, progressive, piano, deep bassline etc. etc.

I only add tracks/versions that ain't on youtube, always looking for long forgotten tracks & hidden gems

hit subscribe if this is your thing, load more to come ;)


http://tracklistings.co.uk/
https://hearthis.at/sbradyman/
https://www.facebook.com/tracklistingscouk-1091223414325947
https://www.mixcloud.com/sbradyman/
https://pin.it/4BN2Yw2",https://i.ytimg.com/vi/DBftUlVNoYU/hqdefault.jpg,La Petite Boite,PLVBiSotb8BYAEcg5qYIsnwh1bnuF7AKFU,23,DBftUlVNoYU,Sbradyman,UCP73nzkyR4BZV1lD57kaROA,Y
youtube#playlistItem,lk4gsAH9_XfEY-MJWW3LX2MEdiA,UExWQmlTb3RiOEJZQUVjZzVxWUlzbndoMWJudUY3QUtGVS45RjNFMDhGQ0Q2RkFCQTc1,2022-04-22T15:55:00Z,UCucZxbG9teyMvRYSx3MHgcA,Junkyard Express - Feel The Rhythm,"Expulsion Records ‎– EXP 005

Notice on copyright issues: email plastiphil@gmail.com or direct message via youtube if you perceive your work's copyrights violated. Video(s) will be removed immediately. No profits intended. Just trying to make hidden music hearable on the web.",https://i.ytimg.com/vi/dH01LKocOR4/hqdefault.jpg,La Petite Boite,PLVBiSotb8BYAEcg5qYIsnwh1bnuF7AKFU,24,dH01LKocOR4,Pssst,UCyK8-nmynceBBfdRt8R9vBw,Y
youtube#video,nk4ws6NurTWHGNa81dSh67-p-xg,UExWQmlTb3RiOEJZQUVjZzVxWUlzbndoMWJudUY3QUtGVS42MTI4Njc2QjM1RjU1MjlG,2022-04-22T11:02:25Z,UCucZxbG9teyMvRYSx3MHgcA,M.C. Dinero - Mambo Jambo (Crazy Gringo Cut) -8%,"Elm Street – 74321 38017 1

If copyright is being violated here, please inform us and the material will be deleted immediately.",https://i.ytimg.com/vi/4X9aZ3FG93E/hqdefault.jpg,La Petite Boite,PLVBiSotb8BYAEcg5qYIsnwh1bnuF7AKFU,25,4X9aZ3FG93E,Pssst,UCyK8-nmynceBBfdRt8R9vBw,Y
youtube#playlistItem,I_b0kxVt-6UCJJ6pKTN_IaCWLBM,UExWQmlTb3RiOEJZQUVjZzVxWUlzbndoMWJudUY3QUtGVS5CMEQ2Mjk5NTc3NDZFRUNB,2022-04-22T10:52:48Z,UCucZxbG9teyMvRYSx3MHgcA,Daydreemer - Lover Number Six,"https://www.discogs.com/release/1518609-Daydreemer-Rock-Me-Ba-Ba-EP

https://soundcloud.com/schlechte",https://i.ytimg.com/vi/xHX_QDgKmYM/hqdefault.jpg,La Petite Boite,PLVBiSotb8BYAEcg5qYIsnwh1bnuF7AKFU,26,xHX_QDgKmYM,The City Slicker,UCoXLcwGvqY05_rRDi8gsFqQ,Y
youtube#video,SgRjGyW5ddLGRVPxSXq-2esUcUY,UExWQmlTb3RiOEJZQUVjZzVxWUlzbndoMWJudUY3QUtGVS4zRDBDOEZDOUM0MDY5NEEz,2022-04-13T10:27:01Z,UCucZxbG9teyMvRYSx3MHgcA,ART OF TRANCE GLORIA,"Art Of Trance, The* - Gloria
Label:Platipus
Catalog#:PLAT 05
Format:Vinyl, 12""

Country:UK
Released:04 Oct 1993
Genre:Electronic 
Style:Progressive Trance",https://i.ytimg.com/vi/YpA98IOCgjw/hqdefault.jpg,La Petite Boite,PLVBiSotb8BYAEcg5qYIsnwh1bnuF7AKFU,27,YpA98IOCgjw,olympicheadzzreturns,UCCPbqpXP1tveDYLCgCsWa2w,Y
youtube#playlistItem,kF0rb9zG_OYwdECiQE80VIMHdLo,UExWQmlTb3RiOEJZQUVjZzVxWUlzbndoMWJudUY3QUtGVS41QUZGQTY5OTE4QTREQUU4,2022-04-13T10:02:57Z,UCucZxbG9teyMvRYSx3MHgcA,A - The Art Of Trance - Gloria (Remixed By Clanger),,https://i.ytimg.com/vi/bRZ_6xaqwTA/hqdefault.jpg,La Petite Boite,PLVBiSotb8BYAEcg5qYIsnwh1bnuF7AKFU,28,bRZ_6xaqwTA,SecretSquizza,UCX1ELQjk88LoNFP74PKaElg,Y
youtube#video,qiJRYFlWoyGt_bnCRBmHI0091JQ,UExWQmlTb3RiOEJZQUVjZzVxWUlzbndoMWJudUY3QUtGVS44Mjc5REFBRUE2MTdFRDU0,2022-04-08T15:01:46Z,UCucZxbG9teyMvRYSx3MHgcA,[PREMIERE] Razor Cut (Tension Mix) - Tywi | Gestalt Records [2022],"*Please message me directly on FB or YT for any copyright issues and the video will be removed immediately*
*Uploaded in low quality. For listening purposes only*

Facebook (Some Uncertain Sir): 
https://www.facebook.com/someuncertainsir
Soundcloud (Some Uncertain Sir): 
https://soundcloud.com/someuncertainsir
Instagram (Some Uncertain Sir): 
https://www.instagram.com/someuncertainsir
Twitter (Some Uncertain Sir): 
https://twitter.com/uncertainsir

• Label Info •
Facebook: https://www.facebook.com/gestaltlabel
Soundcloud: https://soundcloud.com/gestaltlabel
Instagram: https://instagram.com/gestaltlabel

Discogs: https://discogs.com/label/120588

Bandcamp: https://gestaltlabel.bandcamp.com

Track: Razor Cut (Tension Mix)
Artist: Tywi
Album: Anniversary Sampler 04
Label: Gestalt Records
Cat #: GST26
Country: Estonia
Year: 2022",https://i.ytimg.com/vi/9gJn1TwmtNs/hqdefault.jpg,La Petite Boite,PLVBiSotb8BYAEcg5qYIsnwh1bnuF7AKFU,29,9gJn1TwmtNs,some uncertain sir,UCEfZoAshpTmnRjg53B13--A,Y
youtube#playlistItem,ATs5sfIDlB4oZ7vlkIEDtUsEi2Q,UExWQmlTb3RiOEJZQUVjZzVxWUlzbndoMWJudUY3QUtGVS5DMkU4NTY1QUFGQTYwMDE3,2022-04-04T14:12:11Z,UCucZxbG9teyMvRYSx3MHgcA,"Noiro - Achtung, Achtung! [TSOL LP1]","—



➤ Grab your copy:
Vinyl: https://linktr.ee/thesoundoflimo
Digital: https://bit.ly/3eeaDMC


➤ Release info: https://www.discogs.com/Various-The-Sound-Of-Limo/release/18250606


➤ Support the label:
https://www.instagram.com/limousine_dream/
https://soundcloud.com/limousine-dream
https://www.facebook.com/limousinedreamlabel / |",https://i.ytimg.com/vi/qfwLM_JGGQg/hqdefault.jpg,La Petite Boite,PLVBiSotb8BYAEcg5qYIsnwh1bnuF7AKFU,30,qfwLM_JGGQg,VNRD,UCv0Ufd_Af9VBEi6xoW6ZTfw,Y
youtube#video,k46drr1HgUInnrhLDJd1xi-l-fI,UExWQmlTb3RiOEJZQUVjZzVxWUlzbndoMWJudUY3QUtGVS4yQUE2Q0JEMTk4NTM3RTZC,2022-03-27T14:12:53Z,UCucZxbG9teyMvRYSx3MHgcA,Paolo Macrì - The Kicker [OTP01],"—



➤ Grab your copy:
Deejay: https://bit.ly/3pqA28I
Juno: https://bit.ly/2NhyCjD
Red Eye: https://bit.ly/3qsO1vZ
Coldcuts: https://bit.ly/3rZ0AiW
HHV: https://bit.ly/3drwil3
Decks: https://bit.ly/37mA7Uw
Horizons: https://bit.ly/3jXp2yl
Dusty Fingers: https://bit.ly/3s2tNcU


➤ Release info: https://www.discogs.com/Paolo-Macr%C3%AC-YOGA-FOR-BEGINNERS-VINYL-ONLY/release/17047014


➤ Support the label:
https://www.instagram.com/outcast_torino/
https://www.facebook.com/outcast.turin/
https://soundcloud.com/outcast_torino / |",https://i.ytimg.com/vi/S7eGoJKL14c/hqdefault.jpg,La Petite Boite,PLVBiSotb8BYAEcg5qYIsnwh1bnuF7AKFU,31,S7eGoJKL14c,VNRD,UCv0Ufd_Af9VBEi6xoW6ZTfw,Y
youtube#playlistItem,OlvC6O5_QejUQn4LxrbdARbX600,UExWQmlTb3RiOEJZQUVjZzVxWUlzbndoMWJudUY3QUtGVS5DQ0MyQ0Y4Mzg0M0VGOEYw,2022-03-26T20:07:25Z,UCucZxbG9teyMvRYSx3MHgcA,Sonic Boom - Tra La La (Art Of Mix Version),"No copyright infringement intended. 
For promotional an entertainment purposes only. 
The ""Art Of Mix"" edit of this 90's club hit. 
Precision #8
Edit by Steve Smith.",https://i.ytimg.com/vi/xtPtNRppiLc/hqdefault.jpg,La Petite Boite,PLVBiSotb8BYAEcg5qYIsnwh1bnuF7AKFU,32,xtPtNRppiLc,Art Of Mix Fandom,UChw-Eltl_J3U1cp2NhCCwUQ,Y
youtube#video,uZL0j6G1_eRMXzox52gVTXFnnwQ,UExWQmlTb3RiOEJZQUVjZzVxWUlzbndoMWJudUY3QUtGVS43MTI1NDIwOTMwQjIxMzNG,2022-03-26T19:57:55Z,UCucZxbG9teyMvRYSx3MHgcA,Tom Salta   The New Generation House Club Mix,https://www.tomsalta.com/,https://i.ytimg.com/vi/D4EFJ1qA4rc/hqdefault.jpg,La Petite Boite,PLVBiSotb8BYAEcg5qYIsnwh1bnuF7AKFU,33,D4EFJ1qA4rc,Bunker Headz,UCqj95nBLMcAc20Ztzfy1Ccg,Y
youtube#playlistItem,-Sa72QBCRPd6znCtyixzA6z0abU,UExWQmlTb3RiOEJZQUVjZzVxWUlzbndoMWJudUY3QUtGVS5DNzE1RjZEMUZCMjA0RDBB,2022-03-25T00:28:24Z,UCucZxbG9teyMvRYSx3MHgcA,Luxury II   You And Me,,https://i.ytimg.com/vi/zhR2G0fjTBo/hqdefault.jpg,La Petite Boite,PLVBiSotb8BYAEcg5qYIsnwh1bnuF7AKFU,34,zhR2G0fjTBo,Bunker Headz,UCqj95nBLMcAc20Ztzfy1Ccg,Y
youtube#video,PJYxOsZhHQ2eXb9SthpcYkOsSXg,UExWQmlTb3RiOEJZQUVjZzVxWUlzbndoMWJudUY3QUtGVS45NzUwQkI1M0UxNThBMkU0,2022-03-24T06:28:59Z,UCucZxbG9teyMvRYSx3MHgcA,Kizoku - OMNIBUS 13 [Rite of Passage],"—



➤ Bandcamp: https://bit.ly/3L9eOZ5


➤ Support the label:
https://soundcloud.com/riteofpassagecollective
https://www.facebook.com/riteofpassage.collective / |",https://i.ytimg.com/vi/JdKM6zkbRvo/hqdefault.jpg,La Petite Boite,PLVBiSotb8BYAEcg5qYIsnwh1bnuF7AKFU,35,JdKM6zkbRvo,VNRD,UCv0Ufd_Af9VBEi6xoW6ZTfw,Y
youtube#playlistItem,oART8WTAiViX7EVUfVfVd4oWgf4,UExWQmlTb3RiOEJZQUVjZzVxWUlzbndoMWJudUY3QUtGVS4zRjM0MkVCRTg0MkYyQTM0,2022-03-23T20:58:22Z,UCucZxbG9teyMvRYSx3MHgcA,Relpek - Mind [BMVMT005],"—



➤ Grab your copy:
Deejay: https://bit.ly/34UaSup
Redeye: https://bit.ly/3qESjTD
Decks: https://bit.ly/3Id3hW5
Juno: https://bit.ly/3KlTOOb
Phonica: https://bit.ly/3KlpNy3
Coldcuts: https://bit.ly/3fz8hIE / |",https://i.ytimg.com/vi/jor5Jyg3JZg/hqdefault.jpg,La Petite Boite,PLVBiSotb8BYAEcg5qYIsnwh1bnuF7AKFU,36,jor5Jyg3JZg,VNRD,UCv0Ufd_Af9VBEi6xoW6ZTfw,Y
youtube#video,asrxw3VW4A1rDKzLeDJz6LuOpeU,UExWQmlTb3RiOEJZQUVjZzVxWUlzbndoMWJudUY3QUtGVS5GM0Q3M0MzMzY5NTJFNTdE,2022-03-23T20:01:48Z,UCucZxbG9teyMvRYSx3MHgcA,Pierrot - Anvers [75009],"— ""Underground music journey through a Parisian district-hopping""



➤ Bandcamp: https://bit.ly/3FSL4LY


➤ Support the label:
https://distriktparis.bandcamp.com/music
hhttps://www.facebook.com/DistriktParis/ / |",https://i.ytimg.com/vi/z1uciHA9GI4/hqdefault.jpg,La Petite Boite,PLVBiSotb8BYAEcg5qYIsnwh1bnuF7AKFU,37,z1uciHA9GI4,VNRD,UCv0Ufd_Af9VBEi6xoW6ZTfw,Y
youtube#playlistItem,HPnz_V0BOn0Fij96hmzeCW8bzKY,UExWQmlTb3RiOEJZQUVjZzVxWUlzbndoMWJudUY3QUtGVS5ENDU4Q0M4RDExNzM1Mjcy,2022-03-23T00:05:59Z,UCucZxbG9teyMvRYSx3MHgcA,Task Force - Spaak (House Version)(1990),"Sello: Italian Style 
Formato: 12""
Artista: Task Force 
Tema: Spaak
Estilo:Techno House",https://i.ytimg.com/vi/8m6yfb8dDdQ/hqdefault.jpg,La Petite Boite,PLVBiSotb8BYAEcg5qYIsnwh1bnuF7AKFU,38,8m6yfb8dDdQ,TheJesbel,UCJFnJNBpowxh5FEq7-aMgAw,Y
youtube#video,uJBo7rlrz3IyuMe855_aRxrrzrk,UExWQmlTb3RiOEJZQUVjZzVxWUlzbndoMWJudUY3QUtGVS4yMUQyQTQzMjRDNzMyQTMy,2022-03-22T07:25:33Z,UCucZxbG9teyMvRYSx3MHgcA,Dance Wings - Hypp & Krimson,"Subscribe for regular uploads of classic breaks, bleeps and bass. Plus it's influences past, present and future... U Know the score!!",https://i.ytimg.com/vi/AGs8cAQ4Buc/hqdefault.jpg,La Petite Boite,PLVBiSotb8BYAEcg5qYIsnwh1bnuF7AKFU,39,AGs8cAQ4Buc,Rem005,UCWtWSRDzVZrsJdUwOHwgYvg,Y
youtube#playlistItem,5jn8Pqdlzd2nUmLtENGGpKeOn9Y,UExWQmlTb3RiOEJZQUVjZzVxWUlzbndoMWJudUY3QUtGVS41QTY1Q0UxMTVCODczNThE,2022-03-21T13:47:16Z,UCucZxbG9teyMvRYSx3MHgcA,White Monster -- Monster (1991),"Torsten Fenslau Playlist !

http://www.discogs.com/release/227176",https://i.ytimg.com/vi/67Q7AnzO8vc/hqdefault.jpg,La Petite Boite,PLVBiSotb8BYAEcg5qYIsnwh1bnuF7AKFU,40,67Q7AnzO8vc,Hannes Kaechele,UCd9JE5DIBIxXXQOqBQLsOLg,Y
youtube#video,18F00ABRk7Z3mmhwE7JUbO-Uln8,UExWQmlTb3RiOEJZQUVjZzVxWUlzbndoMWJudUY3QUtGVS5EQUE1NTFDRjcwMDg0NEMz,2022-03-21T13:36:50Z,UCucZxbG9teyMvRYSx3MHgcA,Presence - Presence In The House (Instrumental Version),"Rare old school techno-trance classic from 1991. Presence - Presence In The House 12"" / Dance And Waves


~~~~~~~~~~~~~~~~~~~~~~~~~~~

https://www.discogs.com/user/_2trancentral_

https://soundcloud.com/2trancentral

if you want to support my channel - https://paypal.me/2trancentral",https://i.ytimg.com/vi/43g_OGvoxDI/hqdefault.jpg,La Petite Boite,PLVBiSotb8BYAEcg5qYIsnwh1bnuF7AKFU,41,43g_OGvoxDI,2trancentral,UCL4J20Y1UpQGttcNXMB2j9Q,Y
youtube#video,e_YDYuNgQg-Nw51NI45Kxla4u3Y,UExWQmlTb3RiOEJZQUVjZzVxWUlzbndoMWJudUY3QUtGVS4zMDg5MkQ5MEVDMEM1NTg2,2022-03-20T12:13:11Z,UCucZxbG9teyMvRYSx3MHgcA,Random Factor - Undercurrent [VIS031],"https://2020vision.bandcamp.com/album/vis031-r-on-the-air-ep-reissue

💬 For premiere requests, please reach out to us on Instagram or SoundCloud messages!
➤ https://www.instagram.com/rayzeh.music
➤ https://soundcloud.com/rayzeh You can also send your premiere request to our email: rayzeh.premieres@gmail.com",https://i.ytimg.com/vi/lhDUt6Nn26I/hqdefault.jpg,La Petite Boite,PLVBiSotb8BYAEcg5qYIsnwh1bnuF7AKFU,43,lhDUt6Nn26I,Rayzeh,UC7t3crQwaLij5pULT1rBSBQ,Y
youtube#video,C8hs1PVWLVxnGL9ftn-Zvdt-Egw,UExWQmlTb3RiOEJZQUVjZzVxWUlzbndoMWJudUY3QUtGVS5EMEEwRUY5M0RDRTU3NDJC,2022-03-19T22:07:32Z,UCucZxbG9teyMvRYSx3MHgcA,Lamalice - Annihilation [SENTAKU006],"—



➤ Grab your copy:
HHV: https://bit.ly/2XZYGoY
Redeye: https://bit.ly/3mq2mcY
Deejay: https://bit.ly/3bkXgbt
Juno: https://bit.ly/3Esf6Gi
Clone.nl: https://bit.ly/3CvFkqA
Bordello: https://bit.ly/3mr27hW
Coldcuts: https://bit.ly/3vZ1Nd7
Phonica: https://bit.ly/3BqMSd8


➤ Release info: https://www.discogs.com/release/20067628-Dandeloo-Lamalice-Onogawa-Kisabur%C5%8D

Artwork by JXQ / |",https://i.ytimg.com/vi/YPYLbOmy9BM/hqdefault.jpg,La Petite Boite,PLVBiSotb8BYAEcg5qYIsnwh1bnuF7AKFU,45,YPYLbOmy9BM,VNRD,UCv0Ufd_Af9VBEi6xoW6ZTfw,Y
youtube#playlistItem,air3pxFRXFlqYrZ8-oxZQnPtCww,UExWQmlTb3RiOEJZQUVjZzVxWUlzbndoMWJudUY3QUtGVS45NDk1REZENzhEMzU5MDQz,2022-03-14T23:18:23Z,UCucZxbG9teyMvRYSx3MHgcA,Sponky People - E-Update (2000),"Sponky People – Groove 3 / Blackhole / E-Update
Label: Sog Records – SOG 004
Format: 
Vinyl, 12""
Country: Switzerland
Released: 2000
Genre: Electronic
Style: Progressive House, Tech House

Producer, Written-By – Harry Mariani

https://www.discogs.com/release/100833-Sponky-People-Groove-3-Blackhole-E-Update",https://i.ytimg.com/vi/Xt_enNczJok/hqdefault.jpg,La Petite Boite,PLVBiSotb8BYAEcg5qYIsnwh1bnuF7AKFU,48,Xt_enNczJok,The Wantlist,UCTQE9lAoWU1Ab8OMY16UjUQ,Y
youtube#video,eANlPrR1HxJ_oqv8XJzp4gd1I9Q,UExWQmlTb3RiOEJZQUVjZzVxWUlzbndoMWJudUY3QUtGVS5DQUNERDQ2NkIzRUQxNTY1,2022-03-14T17:20:16Z,UCucZxbG9teyMvRYSx3MHgcA,J. Brent - What Would You Do Without (1998),"Supa 12"" – Vol 1 Episode 19
Label: Adventures On Supa 12"" – SUPA 12001
Format: 
Vinyl, 12"", 33 ⅓ RPM
Country: UK
Released: 2001
Genre: Electronic
Style: House

https://www.discogs.com/release/8276650-J-Brent-Revenge-Of-The-Supa-12",https://i.ytimg.com/vi/q-mYCQ5ywU4/hqdefault.jpg,La Petite Boite,PLVBiSotb8BYAEcg5qYIsnwh1bnuF7AKFU,49,q-mYCQ5ywU4,The Wantlist,UCTQE9lAoWU1Ab8OMY16UjUQ,Y
youtube#playlistItem,Q1moPgAa28mQ9ibV6bzMHqgEPco,UExWQmlTb3RiOEJZQUVjZzVxWUlzbndoMWJudUY3QUtGVS41MzJCQjBCNDIyRkJDN0VD,2022-03-12T22:30:50Z,UCucZxbG9teyMvRYSx3MHgcA,Bicycle Thieves - Slap (Our Mix),"Buy the record : https://www.discogs.com/es/Bicycle-Thieves-Slap/release/80172

All uploads are made at a low bit rate(128kbps). 

No copyrigth infrigement intended. Just sharing good music. 

Producers : contact me at resellanes97@gmail.com if you don't want your music online, and i'll remove the video.",https://i.ytimg.com/vi/hRzhE-K1MrM/hqdefault.jpg,La Petite Boite,PLVBiSotb8BYAEcg5qYIsnwh1bnuF7AKFU,50,hRzhE-K1MrM,Rafael Schneider,UCeC6KKpes4Y2m49yD_Q_kJQ,Y
youtube#video,WJVmBEi2ng-uGW6Y6PTN2q5Je6c,UExWQmlTb3RiOEJZQUVjZzVxWUlzbndoMWJudUY3QUtGVS4xMkVGQjNCMUM1N0RFNEUx,2022-03-12T13:25:13Z,UCucZxbG9teyMvRYSx3MHgcA,The 7th Voyage - Sideways (East),"Buy the record : https://www.discogs.com/es/The-7th-Voyage-The-4-Point-EP/release/185386

All uploads are made at a low bit rate(128kbps).

No copyrigth infrigement intended. Just sharing good music.

Producers : contact me at resellanes97@gmail.com if you don't want your music online, and i'll remove the video.",https://i.ytimg.com/vi/SGDj9F3D1U0/hqdefault.jpg,La Petite Boite,PLVBiSotb8BYAEcg5qYIsnwh1bnuF7AKFU,51,SGDj9F3D1U0,Rafael Schneider,UCeC6KKpes4Y2m49yD_Q_kJQ,Y
youtube#playlistItem,EGytsjCKwbrX-ts6k3KrGtqxcCc,UExWQmlTb3RiOEJZQUVjZzVxWUlzbndoMWJudUY3QUtGVS4wOTA3OTZBNzVEMTUzOTMy,2022-03-11T22:28:56Z,UCucZxbG9teyMvRYSx3MHgcA,Bok.p - Alien Subversion [SAVOR019],"Buy the record : https://www.discogs.com/Bokp-Tade-Kop-Split-Series-001/release/16066776

All uploads are made at a low bit rate(128kbps). 

No copyrigth infrigement intended. Just sharing good music. 

Producers : contact me at resellanes97@gmail.com if you don't want your music online, and i'll remove the video.",https://i.ytimg.com/vi/i2GA8imEDf0/hqdefault.jpg,La Petite Boite,PLVBiSotb8BYAEcg5qYIsnwh1bnuF7AKFU,52,i2GA8imEDf0,Rafael Schneider,UCeC6KKpes4Y2m49yD_Q_kJQ,Y
youtube#video,uUtL5Pg2L_Z5UabbbWN5WRIKz6s,UExWQmlTb3RiOEJZQUVjZzVxWUlzbndoMWJudUY3QUtGVS41MjE1MkI0OTQ2QzJGNzNG,2022-03-11T21:01:50Z,UCucZxbG9teyMvRYSx3MHgcA,ADSR - Pleasure Centre,"Buy the record : https://www.discogs.com/es/ADSR-Suboceana/release/194927

All uploads are made at a low bit rate(128kbps). 

No copyrigth infrigement intended. Just sharing good music. 

Producers : contact me at resellanes97@gmail.com if you don't want your music online, and i'll remove the video.",https://i.ytimg.com/vi/t1ests-rR1U/hqdefault.jpg,La Petite Boite,PLVBiSotb8BYAEcg5qYIsnwh1bnuF7AKFU,53,t1ests-rR1U,Rafael Schneider,UCeC6KKpes4Y2m49yD_Q_kJQ,Y
youtube#playlistItem,FVKI_aMDudsTYFAc8y425s-0Y1I,UExWQmlTb3RiOEJZQUVjZzVxWUlzbndoMWJudUY3QUtGVS4wMTcyMDhGQUE4NTIzM0Y5,2022-03-11T16:20:58Z,UCucZxbG9teyMvRYSx3MHgcA,Ride The Spiral - Lost Again,"Buy the digital release : https://tasteslikeacid.bandcamp.com/album/rare-acids-vol-1

All uploads are made at a low bit rate(128kbps). 

No copyrigth infrigement intended. Just sharing good music. 

Producers : contact me at resellanes97@gmail.com if you don't want your music online, and i'll remove the video.",https://i.ytimg.com/vi/OaDeMYaxnK4/hqdefault.jpg,La Petite Boite,PLVBiSotb8BYAEcg5qYIsnwh1bnuF7AKFU,54,OaDeMYaxnK4,Rafael Schneider,UCeC6KKpes4Y2m49yD_Q_kJQ,Y
youtube#video,GlFitYlbgwzCZ2jtgDW2zan6j_o,UExWQmlTb3RiOEJZQUVjZzVxWUlzbndoMWJudUY3QUtGVS4yODlGNEE0NkRGMEEzMEQy,2022-03-11T16:15:22Z,UCucZxbG9teyMvRYSx3MHgcA,Protectorate Collective - Sanse,"Buy the record : https://www.discogs.com/es/Protectorate-Collective-The-Sea-Sheriff-EP/release/15940872

All uploads are made at a low bit rate(128kbps). 

No copyrigth infrigement intended. Just sharing good music. 

Producers : contact me at resellanes97@gmail.com if you don't want your music online, and i'll remove the video.",https://i.ytimg.com/vi/yhEsndZoQ50/hqdefault.jpg,La Petite Boite,PLVBiSotb8BYAEcg5qYIsnwh1bnuF7AKFU,55,yhEsndZoQ50,Rafael Schneider,UCeC6KKpes4Y2m49yD_Q_kJQ,Y
youtube#playlistItem,ibKhe-uAysN5ieF-yKw9ZXc_eto,UExWQmlTb3RiOEJZRFFOZmFmYmZYOTdVS2NKM3lHcThzMC5EMzJDRTUwQjBEOUVFQzAw,2026-03-30T19:30:13Z,UCucZxbG9teyMvRYSx3MHgcA,Kerri Chandler Atmospheric Dub (Jerome Sydenham 2014 Edit),"LOW BITRATE (96kbps). Follow Ibadan: Buy Record: .

Kerri Chandler - Atmosphere (Kerri's Foundation Dub) Ibadan - irc014 - 1998 Edited By, Arranged By -- Dennis Ferrer Executive Producer -- Jerome Sydenham.

Stereo version of this song: Superb B-side dub by Jerome Sydenham of the famous .

Jerome Sydenham's Remix and B Side of Kerri Chandler's Atmosphere. 1998. ↓ ↓ ↓ ✖ Buy The Track: Discogs: .",https://i.ytimg.com/vi/gAuPcXvRrBg/hqdefault.jpg,La Petite Boite,PLVBiSotb8BYDQNfafbfX97UKcJ3yGq8s0,0,gAuPcXvRrBg,William Rowe,UC1UVy_TvxuhLDT3quQpCZPw,Y
youtube#video,lqmWHBYCc47BoqEJIgzQEL6CTyg,UExWQmlTb3RiOEJZRFFOZmFmYmZYOTdVS2NKM3lHcThzMC40NzE2MTY1QTM3RUI3QkU3,2026-03-27T07:40:48Z,UCucZxbG9teyMvRYSx3MHgcA,Solimoto! – Africa Moves Me (Untitled A),"Label: Larkin Records
Country: UK 🇬🇧
Release: 2002

Ready for some Tribal Action ?
Hope you enjoy the ride ! 
Thanks and congrats to everyone involved in the making of this tune.

https://www.discogs.com/fr/release/2082696-Solimoto-Africa-Moves-Me

Track uploaded for promotion only, low quality upload (mp3 128), please contact me if you want the track removed. 

Contact IG: @jozmusic_",https://i.ytimg.com/vi/1U_AOzYu7WE/hqdefault.jpg,La Petite Boite,PLVBiSotb8BYDQNfafbfX97UKcJ3yGq8s0,1,1U_AOzYu7WE,Jozuplodz,UCtmkggMhXf1y4k5dzIsiYRA,Y
youtube#playlistItem,laQZFtqhQj-L5TMtZ29Rxh9hago,UExWQmlTb3RiOEJZRFFOZmFmYmZYOTdVS2NKM3lHcThzMC44MkM2RjVEQkQ5N0I2MjVE,2026-02-09T14:03:57Z,UCucZxbG9teyMvRYSx3MHgcA,Jay Ray - Sunrise,"More here https://www.facebook.com/192uploads/
Or here https://soundcloud.com/192-uploads


https://www.discogs.com/Jay-Ray-Impulse-EP/release/516014


Sharing good vibes and pain a z y m e
Dear copyright holder, contact me if you don't want this on YT",https://i.ytimg.com/vi/cmPDvUXWqms/hqdefault.jpg,La Petite Boite,PLVBiSotb8BYDQNfafbfX97UKcJ3yGq8s0,2,cmPDvUXWqms,192 uploads,UCJY8C2HoNUE6UUVAgt-ftBw,Y
youtube#video,NwB43_i2xmnjsj6u3tn6i3mJN3c,UExWQmlTb3RiOEJZRFFOZmFmYmZYOTdVS2NKM3lHcThzMC44QTA1QTQyRTc3M0VGQzYx,2025-12-12T17:23:58Z,UCucZxbG9teyMvRYSx3MHgcA,Jay Ray - Daylight,"https://www.discogs.com/Jay-Ray-Daylight/release/89760

For promotion/sharing purposes only... I don't own the rights to this music, so please message me if you'd like it to be removed!",https://i.ytimg.com/vi/SyOJiAN1G5Y/hqdefault.jpg,La Petite Boite,PLVBiSotb8BYDQNfafbfX97UKcJ3yGq8s0,3,SyOJiAN1G5Y,Ej,UCRTfZ8rXu1IzSfy9mIf3lsQ,Y
youtube#playlistItem,cBIrHR35g3KZpu7NpWnLb2Q5lDs,UExWQmlTb3RiOEJZRFFOZmFmYmZYOTdVS2NKM3lHcThzMC4wMDFGNzBEOTU4Q0Y1Q0RG,2025-12-10T19:22:26Z,UCucZxbG9teyMvRYSx3MHgcA,The Sound Vandals - On Your Way (Deep Mix) (1991),"New rip from a new vinyl in better condition as my first upload of this track !

http://www.discogs.com/Sound-Vandals-Second-Dimension/release/48915",https://i.ytimg.com/vi/NKbhqf3C2B0/hqdefault.jpg,La Petite Boite,PLVBiSotb8BYDQNfafbfX97UKcJ3yGq8s0,4,NKbhqf3C2B0,Hannes Kaechele,UCd9JE5DIBIxXXQOqBQLsOLg,Y
youtube#video,Jkwi7sB4T1iA1zo5mjq4i4nHgmM,UExWQmlTb3RiOEJZRFFOZmFmYmZYOTdVS2NKM3lHcThzMC4xNTZBNUQxMDZBQzFGMjkw,2025-12-09T16:28:47Z,UCucZxbG9teyMvRYSx3MHgcA,Trick & Kubic ft. Valeska – Believe,"Label: Great Stuff Recordings – GSR046
Format: Vinyl, 12"", 45 RPM
Country: Germany
Released: May 2007
Genre: Electronic
Style: Tech House, Electro House",https://i.ytimg.com/vi/z3vgpTfFBwk/hqdefault.jpg,La Petite Boite,PLVBiSotb8BYDQNfafbfX97UKcJ3yGq8s0,5,z3vgpTfFBwk,Peli Kan,UCREoUhJ5wijsYcJIlxTtYCg,Y
youtube#playlistItem,qEViuPCkfTJqTAUrk5yYB1tE-1o,UExWQmlTb3RiOEJZRFFOZmFmYmZYOTdVS2NKM3lHcThzMC4xNjIyNEE0MDEyRDlCMjBE,2025-12-09T13:55:18Z,UCucZxbG9teyMvRYSx3MHgcA,Polar Pop feat. MC Grzimek - Eisbär (WWF-Mix),"1990
Germany, Metronome
Producer – Grauzone, Heinz Felber, Michael Rödiger, Torsten Fenslau",https://i.ytimg.com/vi/A_rUz-mkoGM/hqdefault.jpg,La Petite Boite,PLVBiSotb8BYDQNfafbfX97UKcJ3yGq8s0,6,A_rUz-mkoGM,H4N5K4RP 2.0,UCMTQ0GFu_zJciEJUZAHaFXQ,Y
youtube#video,nCFYLapUezeCLceFOzkm2VKNwdo,UExWQmlTb3RiOEJZRFFOZmFmYmZYOTdVS2NKM3lHcThzMC5CMEVBRUJERkUyNTBENTkz,2025-12-09T12:04:45Z,UCucZxbG9teyMvRYSx3MHgcA,Skylab - The Trip (Rednail Newvo Rub),https://www.discogs.com/release/56094-Derrick-Carter-vs-Skylab-The-Trip,https://i.ytimg.com/vi/KZvUx-92E1k/hqdefault.jpg,La Petite Boite,PLVBiSotb8BYDQNfafbfX97UKcJ3yGq8s0,7,KZvUx-92E1k,River Constantino,UC60LffGL5amHNpUUtEptWrQ,Y
youtube#playlistItem,3CxMiGQu_eiI3bvWCFM7DC88GQ0,UExWQmlTb3RiOEJZRFFOZmFmYmZYOTdVS2NKM3lHcThzMC5FQUY2Qzk4RUFDN0ZFRkZF,2025-12-04T06:37:25Z,UCucZxbG9teyMvRYSx3MHgcA,Heather Hedley – He Is (The DFA Instrumental),"Label: Fall Out Records 
Country: US 🇺🇸
Release: 2002

Dreamy Guitar Deep House 🎸
This track may not have anything fancy, but appears to me as the perfect filler.
Everything is working so well all together, and some elements are just outstanding:
the very percutant snare, the driving bassline, the dreamy pad, and mostly this absolutely crazy solo guitar.
This is working either for a dancefloor or for a chill listening at home.
Hope you enjoy the ride ! 
Thanks and congrats to everyone involved in the making of this tune.

https://www.discogs.com/fr/release/109653-Heather-Hedley-He-Is

Track uploaded for promotion only, low quality upload (mp3 128), please contact me if you want the track removed. 

Contact IG: @jozmusic_",https://i.ytimg.com/vi/oUXfQKMmb-4/hqdefault.jpg,La Petite Boite,PLVBiSotb8BYDQNfafbfX97UKcJ3yGq8s0,8,oUXfQKMmb-4,Jozuplodz,UCtmkggMhXf1y4k5dzIsiYRA,Y
youtube#video,_NBxCVkM1dzcJppulI6hWnMLUY0,UExWQmlTb3RiOEJZRFFOZmFmYmZYOTdVS2NKM3lHcThzMC4xN0Y2QjVBOEI2MzQ5OUM5,2025-10-31T18:57:51Z,UCucZxbG9teyMvRYSx3MHgcA,In My Fantasy,"Provided to YouTube by Tstc Music

In My Fantasy · Tortured Soul

Did You Miss Me

℗ Tstc Records

Released on: 2009-03-31

Producer: John-Christian Urich
Producer: Ethan White
Composer: John-Christian Urich
Composer: Jason Kriveloff
Composer: Ethan White
Lyricist: John-Christian Urich
Lyricist: Jason Kriveloff

Auto-generated by YouTube.",https://i.ytimg.com/vi/cmhHFaZnnnU/hqdefault.jpg,La Petite Boite,PLVBiSotb8BYDQNfafbfX97UKcJ3yGq8s0,9,cmhHFaZnnnU,Tortured Soul - Topic,UCvh8bfLPoP6B-WEW0l22FXQ,Y
youtube#playlistItem,kg4Xw2mn0K_zCfLuSTb5nFSCcqY,UExWQmlTb3RiOEJZRFFOZmFmYmZYOTdVS2NKM3lHcThzMC45NDlDQUFFOThDMTAxQjUw,2025-10-31T17:55:16Z,UCucZxbG9teyMvRYSx3MHgcA,Space Dimension Controller - Sundown on Memory Point,"Subscribe to the R&S YouTube channel - http://randsrecords.lnk.to/subscribetoRandS

Taken from the ‘Love Beyond The Intersect’ Album - https://smarturl.it/sdc-lovebeyond

----------------------------------------­----------

http://randsrecords.com/
https://www.facebook.com/randsrecords
https://twitter.com/randsrecords
http://open.spotify.com/user/rsrecords
https://randsrecords.bandcamp.com/",https://i.ytimg.com/vi/HIxWWd7w8n8/hqdefault.jpg,La Petite Boite,PLVBiSotb8BYDQNfafbfX97UKcJ3yGq8s0,10,HIxWWd7w8n8,R&S Records,UCD3f1x_D-XmUOXpgSZi6zWg,Y
youtube#video,Ng84-stWbusZweCblHlNpAUut94,UExWQmlTb3RiOEJZRFFOZmFmYmZYOTdVS2NKM3lHcThzMC4yQzk4QTA5QjkzMTFFOEI1,2025-10-13T19:05:08Z,UCucZxbG9teyMvRYSx3MHgcA,Etienne de Crecy - Scratched (Official Video),"""Scratched"" from the album ""Tempovision""
Written & directed by Geoffroy de Crécy for One Bit Pictures.

Stay tuned on Etienne de Crécy's social networks for news, gigs, releases and more : 

http://linktr.ee/etiennedecrecy
http://www.etiennedecrecy.com
http://www.instagram.com/etiennedecrecy
http://www.twitter.com/etiennedecrecy
http://www.facebook.com/EtienneDeCrecyNetwork",https://i.ytimg.com/vi/oOorj-i5Tk8/hqdefault.jpg,La Petite Boite,PLVBiSotb8BYDQNfafbfX97UKcJ3yGq8s0,11,oOorj-i5Tk8,Etienne de Crécy,UCuU-wlg6DNHlybI-T4c1aDg,Y
youtube#playlistItem,6MzmWkmiijOg-uO6nfSeVYtNlI8,UExWQmlTb3RiOEJZRFFOZmFmYmZYOTdVS2NKM3lHcThzMC5EQkE3RTJCQTJEQkFBQTcz,2025-04-22T04:38:45Z,UCucZxbG9teyMvRYSx3MHgcA,Walking in the Rain (StreetSide),"Provided to YouTube by Believe SAS

Walking in the Rain (StreetSide) · Gemo/Fabrice, Street Vibes

Walking

℗ 2014 Time S.p.A. / Disco Inn Srl - Test

Released on: 2014-04-15

Author: Johannes Hendricus Jacob Vandenberg
Author: George Young
Composer: Johannes Hendricus Jacob Vandenberg
Composer: George Young

Auto-generated by YouTube.",https://i.ytimg.com/vi/AXQk-pPX850/hqdefault.jpg,La Petite Boite,PLVBiSotb8BYDQNfafbfX97UKcJ3yGq8s0,12,AXQk-pPX850,Gemo & Fabrice - Topic,UCTF4ylOd-ESKAgGWq2NpRHA,Y
youtube#video,ij91ihH2EczC-h5l4kyWGcb9xmQ,UExWQmlTb3RiOEJZRFFOZmFmYmZYOTdVS2NKM3lHcThzMC42RTNCOEMxREI3Q0VDMjU2,2024-09-25T09:47:50Z,UCucZxbG9teyMvRYSx3MHgcA,DJ Phantom - Anii Tineretii (Garage Mix),https://www.discogs.com/release/2147988-DJ-Phantom-2-Fire-2-Pa-Yeah,https://i.ytimg.com/vi/dubPq6hAffM/hqdefault.jpg,La Petite Boite,PLVBiSotb8BYDQNfafbfX97UKcJ3yGq8s0,13,dubPq6hAffM,LukeyChoons,UCCL_rE8MCGxTlPESj4Rm9iw,Y
youtube#playlistItem,aNYJxURjw_6Peba8CFccSmSnSgY,UExWQmlTb3RiOEJZRFFOZmFmYmZYOTdVS2NKM3lHcThzMC40MDNEMzA0QTBFRThFMzBE,2024-08-27T19:35:06Z,UCucZxbG9teyMvRYSx3MHgcA,Luis Malon - Nati's Nile,"SLOW LIFE ‎– SL017

https://www.discogs.com/Luis-Malon-Sisters-Of-The-Night/release/12277421",https://i.ytimg.com/vi/7xcw67EMdVU/hqdefault.jpg,La Petite Boite,PLVBiSotb8BYDQNfafbfX97UKcJ3yGq8s0,14,7xcw67EMdVU,Intergalactic Corp.,UC_-LdWIcbW1mUMlN1MNhOdw,Y
youtube#video,q11G0gZMHVr0WT7aAeun_xY_MwI,UExWQmlTb3RiOEJZRFFOZmFmYmZYOTdVS2NKM3lHcThzMC42MjYzMTMyQjA0QURCN0JF,2024-04-06T16:43:27Z,UCucZxbG9teyMvRYSx3MHgcA,Charlie - Spacer Woman,"Buy here: https://www.goodymusicproduction.com/album.php?id=666
Spotify: https://open.spotify.com/album/02FWJIsgfbGqEMNpOQizNx

Made by Edo Buttinelli
Produced and arranged by Maurice Cavalieri
(P) 1983 Mr. Disc organization
P & C 2017 Goodymusic Production srl",https://i.ytimg.com/vi/d8-tVEnt7jw/hqdefault.jpg,La Petite Boite,PLVBiSotb8BYDQNfafbfX97UKcJ3yGq8s0,15,d8-tVEnt7jw,GoodyMusic Production,UC0PQ8Cn5m9zS54YJn55pQgg,Y
youtube#playlistItem,nAy8gF0u38eXpNzFwUl0QoFb6wI,UExWQmlTb3RiOEJZRFFOZmFmYmZYOTdVS2NKM3lHcThzMC5ERkUyQTM0MzEwQjZCMTY5,2023-01-06T16:17:47Z,UCucZxbG9teyMvRYSx3MHgcA,Itarima - Monkey Codeine,"https://www.discogs.com/release/24798347-Itarima-Vol-1-Flibustier

Join the movement : https://www.facebook.com/KermesseWorld/ 
Podcasts : https://soundcloud.com/kermesseworld 
Follow : https://www.instagram.com/kermesseworld/

For promotional purpose only",https://i.ytimg.com/vi/U4bmDNddjCo/hqdefault.jpg,La Petite Boite,PLVBiSotb8BYDQNfafbfX97UKcJ3yGq8s0,16,U4bmDNddjCo,Kermesse World,UCOkpc7Pa7N4cDUb-uoJHY4Q,Y
youtube#video,AtfEQoPeu6-fQPefQW0q30YvX48,UExWQmlTb3RiOEJZRFFOZmFmYmZYOTdVS2NKM3lHcThzMC5CNTcxMDQ0NThBNzMxODYz,2023-01-06T15:37:16Z,UCucZxbG9teyMvRYSx3MHgcA,Noiro - They Say,"https://www.discogs.com/release/25085473-Noiro-Caveman-LP

BUY : https://piranhahipsrecords.bandcamp.com/

Join the movement : https://www.facebook.com/KermesseWorld/ 
Podcasts : https://soundcloud.com/kermesseworld 
Follow : https://www.instagram.com/kermesseworld/

For promotional purpose only",https://i.ytimg.com/vi/EjdN4uNf14k/hqdefault.jpg,La Petite Boite,PLVBiSotb8BYDQNfafbfX97UKcJ3yGq8s0,17,EjdN4uNf14k,Kermesse World,UCOkpc7Pa7N4cDUb-uoJHY4Q,Y
youtube#playlistItem,YGbS-pcosKhEiRY9GxXwEdyFhKM,UExWQmlTb3RiOEJZRFFOZmFmYmZYOTdVS2NKM3lHcThzMC5CNTZFOTNGQzZEODg1RUQx,2022-12-27T22:56:47Z,UCucZxbG9teyMvRYSx3MHgcA,HOME - We're Finally Landing,"LP : Before The Night (2014). Written & Produced By Randy Goffe. LP Available As A Free Download Here : https://soundcloud.com/home-2001
- Special Thanks To NorthernLight For The Link.
- Video Extracted From : https://archive.org/details/25_years_of_progress_7_moon_landing",https://i.ytimg.com/vi/hQX7Zub0ZdI/hqdefault.jpg,La Petite Boite,PLVBiSotb8BYDQNfafbfX97UKcJ3yGq8s0,18,hQX7Zub0ZdI,TheIDMMaster,UChS0SPpEqGMGRim7mebedPg,Y
youtube#video,HJSiLf-Dcq1O3T1nxpgVje4vtN0,UExWQmlTb3RiOEJZRFFOZmFmYmZYOTdVS2NKM3lHcThzMC4wRjhFM0MxMTU1MEUzQ0VB,2022-12-06T14:14:06Z,UCucZxbG9teyMvRYSx3MHgcA,Pokémon Donjon Mystère 3 Soundtrack - Rouages du temps - Remix,"Les rouages du temps !
Jeu : Pokémon Donjon Mystère 3
Musique : Rouages du temps - remix
Compositeurs : Misaki Okobe et Ryoma Nakamura
Console : Nintendo DS",https://i.ytimg.com/vi/1HVM4mz0dzE/hqdefault.jpg,La Petite Boite,PLVBiSotb8BYDQNfafbfX97UKcJ3yGq8s0,19,1HVM4mz0dzE,PeterCynthia,UC8GdhxJ8qILl5YJAtrcymHg,Y
youtube#playlistItem,Oi_j1g6lHDaYYYJ8ftUfoEJPVK4,UExWQmlTb3RiOEJZRFFOZmFmYmZYOTdVS2NKM3lHcThzMC41OURENDc2NEM1MDI5Mjky,2022-11-26T20:32:08Z,UCucZxbG9teyMvRYSx3MHgcA,BF Cargo - Sabine,"Record: https://www.discogs.com/BF-Cargo-Love-Zone/release/2700363
No_Frills IG: https://www.instagram.com/n0_frills/?...​...
No_Frills SC: https://soundcloud.com/no_frills

EP: Love Zone
Label: Peppermint Park Records ‎– PPMS 04
Format: Vinyl, 12"" 
Country: Germany
Released: 199? 
Genre: Electronic
Style: Progressive House, Acid House, Deep House

Tracklist:

A Love Zone (Rhythm Assault Remix)
B1 Love Zone
B2 Sabine",https://i.ytimg.com/vi/_WxqNxRIz-I/hqdefault.jpg,La Petite Boite,PLVBiSotb8BYDQNfafbfX97UKcJ3yGq8s0,20,_WxqNxRIz-I,No Frills,UCVkZaQzmX-NgOxj4h0ib1Aw,Y
youtube#video,zItIdWbYUIXC90hhWTXeSAOv8yU,UExWQmlTb3RiOEJZRFFOZmFmYmZYOTdVS2NKM3lHcThzMC42QzdBMzlBQzQzRjQ0QkQy,2022-11-25T12:11:35Z,UCucZxbG9teyMvRYSx3MHgcA,Tattoo Project - Digital Sex Machine (The Full Twelve Inches),"Non profit. Please let me know if there's any copyright infringement :)
Slow burn House fire!!! 1994
https://www.discogs.com/release/770733-Tattoo-Project-Digital-Sex-Machine",https://i.ytimg.com/vi/fomjR0uhwmQ/hqdefault.jpg,La Petite Boite,PLVBiSotb8BYDQNfafbfX97UKcJ3yGq8s0,21,fomjR0uhwmQ,DFromAbove,UCeRpt-BwnLUwsjABRDOrsPg,Y
youtube#playlistItem,UUSOQlcaSQo6qBfz-36srfSXuW0,UExWQmlTb3RiOEJZRFFOZmFmYmZYOTdVS2NKM3lHcThzMC4wMTYxQzVBRDI1NEVDQUZE,2022-11-23T14:20:17Z,UCucZxbG9teyMvRYSx3MHgcA,Psykedelik,"Provided to YouTube by Label Worx Limited

Psykedelik · X-Men

Wild Disko

℗ acid orange recordings

Released on: 2022-08-07

Producer: Tom Clark
Composer: Tom Clark
Music  Publisher: Copyright Control

Auto-generated by YouTube.",https://i.ytimg.com/vi/KWkxjMFynoM/hqdefault.jpg,La Petite Boite,PLVBiSotb8BYDQNfafbfX97UKcJ3yGq8s0,22,KWkxjMFynoM,Release - Topic,UCQk_tBFQ6dxY_wBgbnfpxLA,Y
youtube#video,e5ymPppBgv1BOoy-qee4CjUtzX4,UExWQmlTb3RiOEJZRFFOZmFmYmZYOTdVS2NKM3lHcThzMC4wNEU1MTI4NkZEMzVBN0JF,2022-11-19T20:21:08Z,UCucZxbG9teyMvRYSx3MHgcA,Mukh Tera (Bhangra Mix),"Provided to YouTube by The Orchard Enterprises

Mukh Tera (Bhangra Mix) · DJ RJ · Imtiaz Mirza

Maximum Force

℗ 1996 Empire Music Limited

Released on: 1997-01-01

Music Publisher: Empire Music Limited

Auto-generated by YouTube.",https://i.ytimg.com/vi/e5y9N3rQZNI/hqdefault.jpg,La Petite Boite,PLVBiSotb8BYDQNfafbfX97UKcJ3yGq8s0,23,e5y9N3rQZNI,Dj Rj - Topic,UCHXTvC59n1-PxSZLG-YQQiw,Y
youtube#playlistItem,jejskoB5-JCvQIx3Ya6Rd97_gdg,UExWQmlTb3RiOEJZRFFOZmFmYmZYOTdVS2NKM3lHcThzMC5CQkEwRDA0MDkwNUM2MDY1,2022-11-16T07:46:43Z,UCucZxbG9teyMvRYSx3MHgcA,Kamlee da Dhola (Hip-Hop Mix),"Provided to YouTube by The Orchard Enterprises

Kamlee da Dhola (Hip-Hop Mix) · DJ RJ · Kawser Habib

Maximum Force

℗ 1996 Empire Music Limited

Released on: 1997-01-01

Music Publisher: Empire Music Limited

Auto-generated by YouTube.",https://i.ytimg.com/vi/naxWzH07Y68/hqdefault.jpg,La Petite Boite,PLVBiSotb8BYDQNfafbfX97UKcJ3yGq8s0,24,naxWzH07Y68,Dj Rj - Topic,UCHXTvC59n1-PxSZLG-YQQiw,Y
youtube#video,RvunZMDky74EK0L4kQtbLTYXXT0,UExWQmlTb3RiOEJZRFFOZmFmYmZYOTdVS2NKM3lHcThzMC5GNjAwN0Y0QTFGOTVDMEMy,2022-11-15T21:07:31Z,UCucZxbG9teyMvRYSx3MHgcA,Kithae Gazari Raat (Sensitivity Mix),"Provided to YouTube by The Orchard Enterprises

Kithae Gazari Raat (Sensitivity Mix) · DJ RJ · Bina Mistry

Maximum Force

℗ 1996 Empire Music Limited

Released on: 1997-01-01

Music Publisher: Empire Music Limited

Auto-generated by YouTube.",https://i.ytimg.com/vi/mkxxwQ34x5U/hqdefault.jpg,La Petite Boite,PLVBiSotb8BYDQNfafbfX97UKcJ3yGq8s0,25,mkxxwQ34x5U,Dj Rj - Topic,UCHXTvC59n1-PxSZLG-YQQiw,Y
youtube#playlistItem,2VTGTSmX2P_n7GHQJLaaXTZWjfY,UExWQmlTb3RiOEJZRFFOZmFmYmZYOTdVS2NKM3lHcThzMC43NERCMDIzQzFBMERCMEE3,2022-11-02T13:34:57Z,UCucZxbG9teyMvRYSx3MHgcA,Libido - Classed X (Channel Mix),,https://i.ytimg.com/vi/yeETmnCzk8c/hqdefault.jpg,La Petite Boite,PLVBiSotb8BYDQNfafbfX97UKcJ3yGq8s0,26,yeETmnCzk8c,Benoit Laval,UCHftRHyhgeYNy8XaSLonEaQ,Y
youtube#video,gAz28BQH_5loyiBhp5aozllmr50,UExWQmlTb3RiOEJZRFFOZmFmYmZYOTdVS2NKM3lHcThzMC41NTZEOThBNThFOUVGQkVB,2022-10-31T23:52:51Z,UCucZxbG9teyMvRYSx3MHgcA,C:REAL - El ritmo - Official Video Clip,"Subscribe here : http://goo.gl/PvDFVR
C:REAL - El ritmo - Official Video Clip

Οι μεγαλύτερες ελληνικές επιτυχίες των τελευταίων 20 ετών σε ένα και μόνο κανάλι !
                                                       
Greek Hits Channel. All the Greek Hits in one Tube!",https://i.ytimg.com/vi/fn-3bmvBHcE/hqdefault.jpg,La Petite Boite,PLVBiSotb8BYDQNfafbfX97UKcJ3yGq8s0,27,fn-3bmvBHcE,Greek Hits Channel,UCoKA8o7zCpzoKO7a-Q39ZlQ,Y
youtube#playlistItem,XXvqBKTLyHxjvFXLqzFy0lATGkw,UExWQmlTb3RiOEJZRFFOZmFmYmZYOTdVS2NKM3lHcThzMC42Qzk5MkEzQjVFQjYwRDA4,2022-10-31T23:52:31Z,UCucZxbG9teyMvRYSx3MHgcA,C:Real - El Ritmo (Orchestral House Mix),"Label: Dance Pool ‎
Year:  1997
Country:  Greece

https://www.discogs.com/de/release/3092913-CReal-El-Ritmo
---
Video was rendered with: http://rendertune.com",https://i.ytimg.com/vi/6SMDhA1ctQg/hqdefault.jpg,La Petite Boite,PLVBiSotb8BYDQNfafbfX97UKcJ3yGq8s0,28,6SMDhA1ctQg,Cut The Ice,UCB56jPK1MuTBZYVblLOeF8w,Y
youtube#video,M60z4c7MUrwYXuBTxngB6e2knkI,UExWQmlTb3RiOEJZRFFOZmFmYmZYOTdVS2NKM3lHcThzMC4zMEQ1MEIyRTFGNzhDQzFB,2022-10-29T13:25:08Z,UCucZxbG9teyMvRYSx3MHgcA,Virgin - La Joie (Radio Edit),"Label: Seven Eleven
Year: 1990
Country: Germany

https://www.discogs.com/de/release/1693330-Virgin-La-Joie
---
Video was rendered with: http://rendertune.com",https://i.ytimg.com/vi/cA3FxIEI_CI/hqdefault.jpg,La Petite Boite,PLVBiSotb8BYDQNfafbfX97UKcJ3yGq8s0,29,cA3FxIEI_CI,Cut The Ice,UCB56jPK1MuTBZYVblLOeF8w,Y
youtube#playlistItem,yYZ2RUfNGvHWl_RYVVnCn0ddzfg,UExWQmlTb3RiOEJZRFFOZmFmYmZYOTdVS2NKM3lHcThzMC4xMzgwMzBERjQ4NjEzNUE5,2022-10-11T01:02:51Z,UCucZxbG9teyMvRYSx3MHgcA,Larry Fisherman (Mac Miller) - Run On Sentences. Volume 1 (Full Mixtape),"Larry Fisherman aka Mac Miller released this Beattape the other day for free download. Link is below along with the tracklist. 
Shout out to all the Mac fans around the world ☯

Download Link (updated 13 02 2023): https://www.datpiff.com/Larry-Fisherman-Mac-Miller-Run-On-Sentences-Vol-1-mixtape.462445.html
Tracklist:
1. Birthday
2. If Poseidon Had a Surfboard
3. Novice Space Travel
4. Gelato Party
5. I Am Actually a Fish Alien
6. She Used To Love Me
7. The Revolution is Coming
8. Avocado (Feat. Mac Miller)


I do not own any of the contents of the video, all rights go to their respectful owners.",https://i.ytimg.com/vi/tR6b0h4eqsU/hqdefault.jpg,La Petite Boite,PLVBiSotb8BYDQNfafbfX97UKcJ3yGq8s0,30,tR6b0h4eqsU,Louie B,UCFH7hv2RJx5mxcRemrnKC8w,Y
youtube#video,Qr4aCje1o_3fDQS4DXbFZENNffU,UExWQmlTb3RiOEJZRFFOZmFmYmZYOTdVS2NKM3lHcThzMC44QzVGQUU2QjE2NDgxM0M4,2022-09-30T17:45:04Z,UCucZxbG9teyMvRYSx3MHgcA,Saba Komossa Presents Delkom - Sexploitation,"Saba Komossa Presents Delkom - Futur Ultra
2004 | Vinyl | Discordian Records, Delkom Club Control",https://i.ytimg.com/vi/Ta4DqSYQh-o/hqdefault.jpg,La Petite Boite,PLVBiSotb8BYDQNfafbfX97UKcJ3yGq8s0,31,Ta4DqSYQh-o,Persona Ξ,UCZ8XuRQRzxFESiTfwRvU-hQ,Y
youtube#playlistItem,Xr0lr4ZAbTK2IRIKviqrHTPKj4g,UExWQmlTb3RiOEJZRFFOZmFmYmZYOTdVS2NKM3lHcThzMC41RTNBREYwMkI5QzU3RkY2,2022-05-10T19:14:58Z,UCucZxbG9teyMvRYSx3MHgcA,Caypyrynha ‎– The Key (Chicago Gherkin),"Year : 1992
Label : https://www.discogs.com/it/label/5875-New-Music-International
Discogs : https://www.discogs.com/it/Caypyrynha-The-Key/release/68890
Etichetta:
New Music International ‎– NMX 1010
Formato:
Vinyl, 12"", 33 ⅓ RPM
Paese:
Italy
Uscita:
1992
Genere:
Electronic
Stile:
House
You can listen to all the historical pieces on our Facebook Group : https://www.facebook.com/groups/262366743961221/?ref=group_header",https://i.ytimg.com/vi/sXiTqg6hZeI/hqdefault.jpg,La Petite Boite,PLVBiSotb8BYDQNfafbfX97UKcJ3yGq8s0,33,sXiTqg6hZeI,Matteo Februo HMF90,UCnxIje1uidYNXKjKwsRjrjw,Y
youtube#video,tfnp_4Kt3YWom1rCGNisdzCKWmw,UExWQmlTb3RiOEJZRFFOZmFmYmZYOTdVS2NKM3lHcThzMC40QzRDOEU0QUYwNUIxN0M1,2022-05-10T07:02:40Z,UCucZxbG9teyMvRYSx3MHgcA,B.Love - Cool & Sexy [BIZR002],"Buy the EP
• Ba Dum Tish: https://badumtish.eu/products/bizr002

Follow us
• Website: https://www.trommelmusic.com
• Instagram: https://www.instagram.com/trommelmusic
• Facebook: https://www.facebook.com/trommelmusic
• SoundCloud: https://www.soundcloud.com/trommelmusic
• Merchandising: https://www.trommelmusic.com/shop

LOW BITRATE - FOR PROMOTION ONLY

Trommel does not own the content on this video or any rights related to it. If the owner does not wish to have their items on display, please contact us and the content will be removed immediately.

Trommel is against piracy in any form - support the artists/labels and buy the EP",https://i.ytimg.com/vi/RDPimvSpMtk/hqdefault.jpg,La Petite Boite,PLVBiSotb8BYDQNfafbfX97UKcJ3yGq8s0,34,RDPimvSpMtk,trommel,UCGxYxFFsENVa3y3L3kkQ4QA,Y
youtube#playlistItem,H0lL9oBSH6VYf1kmNCtr8S1kQJg,UExWQmlTb3RiOEJZRFFOZmFmYmZYOTdVS2NKM3lHcThzMC4yQUJFNUVCMzVDNjcxRTlF,2022-05-08T21:42:02Z,UCucZxbG9teyMvRYSx3MHgcA,F.C. Europa - We Want To Get Down  [1999],"https://www.discogs.com/FC-Europa-The-Score/release/6776976

We do not own the rights of anything uploaded and broadcasted from this channel. Everything uploaded here is only because we want to share our passion for music. If there is a copyright infringement, please contact us directly via e-mail at passoutjs@gmail.com.",https://i.ytimg.com/vi/z2CAl-wAhqk/hqdefault.jpg,La Petite Boite,PLVBiSotb8BYDQNfafbfX97UKcJ3yGq8s0,35,z2CAl-wAhqk,151 Soundsystem,UCitgRu53Tq4YKnBnEpyOrrQ,Y
youtube#video,rZeRkgluHweX-8rf9oqJSTckTJE,UExWQmlTb3RiOEJZRFFOZmFmYmZYOTdVS2NKM3lHcThzMC4yQjZFRkExQjFGODk3RUFD,2022-05-08T00:11:07Z,UCucZxbG9teyMvRYSx3MHgcA,"FC Europa - The Score (General Electrik Remix) (Groovescooter, 1999)",https://www.discogs.com/Various-Beatscootin/release/1054140,https://i.ytimg.com/vi/y1Hr-_vQhUY/hqdefault.jpg,La Petite Boite,PLVBiSotb8BYDQNfafbfX97UKcJ3yGq8s0,36,y1Hr-_vQhUY,RawhausTrax / David Mast,UC_ZBS370CjlMCM9lXITVD7w,Y
youtube#playlistItem,EZzUKct4ICg5ufUHAhrq5EoStTU,UExWQmlTb3RiOEJZRFFOZmFmYmZYOTdVS2NKM3lHcThzMC5DRUQwODMxQzUyRTlGRkY3,2022-05-06T21:35:17Z,UCucZxbG9teyMvRYSx3MHgcA,Deeelite - What is Love (Holographic Goatee Mix),"Year : 1990
Discogs : https://www.discogs.com/release/1455808-Deee-Lite-Groove-Is-In-The-Heart-What-Is-Love

Shared from the Discogs App",https://i.ytimg.com/vi/tvXi6BDOMv8/hqdefault.jpg,La Petite Boite,PLVBiSotb8BYDQNfafbfX97UKcJ3yGq8s0,37,tvXi6BDOMv8,Matteo Februo HMF90,UCnxIje1uidYNXKjKwsRjrjw,Y
youtube#playlistItem,bEND35culNItr5ZaHVtcGwKoPQY,UExWQmlTb3RiOEJZRFFOZmFmYmZYOTdVS2NKM3lHcThzMC45NkVENTkxRDdCQUFBMDY4,2022-05-02T23:31:46Z,UCucZxbG9teyMvRYSx3MHgcA,PH 7 - Dune (Fremen Revolt),"B side...

https://www.discogs.com/it/release/1572148-PH-7-Dune",https://i.ytimg.com/vi/8iOJD0HoN4A/hqdefault.jpg,La Petite Boite,PLVBiSotb8BYDQNfafbfX97UKcJ3yGq8s0,39,8iOJD0HoN4A,Onda De Amor,UCNWts7E1I-r6lybX6w5PcfQ,Y
youtube#video,DG2se5NSnPhb1iGIfumyZkXSDz0,UExWQmlTb3RiOEJZRFFOZmFmYmZYOTdVS2NKM3lHcThzMC4zQzFBN0RGNzNFREFCMjBE,2022-04-19T12:24:21Z,UCucZxbG9teyMvRYSx3MHgcA,LVCA & Marlon - Hang Out With Your Computer [Sock It To Me],"LVCA & Marlon make their debut on Sock It To Me. There may not be any parties happening but this record contains more bangers than a discount car garage.

Artists: LVCA & Marlon
Release title: Hang Out With Your Computer
Catalogue number: SOCK02
Label: Sock It To Me
Year: 2020

Tracklist:
A1: LVCA & Marlon - Hang Out With Your Computer
A2: LVCA & Marlon - El LFO Del Inferno
B1: LVCA & Marlon - Bed Bugs
B2: LVCA & Marlon - WePlay

Support the artists and label:

Shop
https://badumtish.world/products/pre-order-lcva-marlon-hang-out-with-your-computer-sock02

Follow
Sock It To Me/Ba Dum Tish - https://soundcloud.com/badumtishworld
LVCA - https://soundcloud.com/lucacmusic
Marlon - https://www.discogs.com/artist/6156028-Marlon-Lopez-Holden

Low bitrate (128kbps)

More VSVN
SC - https://soundcloud.com/vsvn-music
IG - https://www.instagram.com/vsvn_louis/

I do not own the rights to the music in this video.  If you are a copyright holder and have a problem with any of the content posted, please email me at vsvnldn@gmail.com and I will take it off the channel ASAP.",https://i.ytimg.com/vi/PBQgI-eqkz0/hqdefault.jpg,La Petite Boite,PLVBiSotb8BYDQNfafbfX97UKcJ3yGq8s0,40,PBQgI-eqkz0,VSVN,UCLySvQ5KnssdJVpbi5skvQw,Y
youtube#playlistItem,BH9mb5rGNUGFPq5s0HA8DFs-to8,UExWQmlTb3RiOEJZRFFOZmFmYmZYOTdVS2NKM3lHcThzMC5BRjJDODk5REM0NjkzMUIy,2022-04-13T10:35:23Z,UCucZxbG9teyMvRYSx3MHgcA,Art Of Trance - Octopus,Awesome breakdown,https://i.ytimg.com/vi/C3ZPiNDwNy4/hqdefault.jpg,La Petite Boite,PLVBiSotb8BYDQNfafbfX97UKcJ3yGq8s0,41,C3ZPiNDwNy4,shatterbelt,UCls_gMLseZXCTbOBTnoPidA,Y
youtube#video,0riG5Wq2R4SVwULnFCjroWKXaX0,UExWQmlTb3RiOEJZRFFOZmFmYmZYOTdVS2NKM3lHcThzMC40QTA3NTU2RkM1QzlCMzYx,2022-04-04T14:11:53Z,UCucZxbG9teyMvRYSx3MHgcA,Saba Komossa presents Delkom - Viva la Droga.wmv,,https://i.ytimg.com/vi/Zh4WqOt-yfU/hqdefault.jpg,La Petite Boite,PLVBiSotb8BYDQNfafbfX97UKcJ3yGq8s0,42,Zh4WqOt-yfU,Moshe Brant,UCDTU-Pv57JKetnKSbzz_mWA,Y
youtube#playlistItem,TiKKDl2Vo1RDdZUEaY4zbszTXFw,UExWQmlTb3RiOEJZRFFOZmFmYmZYOTdVS2NKM3lHcThzMC45RjNFMDhGQ0Q2RkFCQTc1,2022-03-31T21:13:47Z,UCucZxbG9teyMvRYSx3MHgcA,Wilda - Concerned4What [PERSPECTIVE002],"—



➤ Grab your copy:
Deejay: https://bit.ly/2SO99kU
Juno: https://bit.ly/3gYlfQa
Red Eye: https://bit.ly/3j2mq3O
Disco Più: https://bit.ly/2UsRoYJ



➤ My links:
https://www.instagram.com/venard__/
https://soundcloud.com/venardd
https://www.facebook.com/venardd / |",https://i.ytimg.com/vi/5QlNNv2aYF0/hqdefault.jpg,La Petite Boite,PLVBiSotb8BYDQNfafbfX97UKcJ3yGq8s0,43,5QlNNv2aYF0,VNRD,UCv0Ufd_Af9VBEi6xoW6ZTfw,Y
youtube#video,vC0meqlQx6oJATIjcxwt5cfmfT0,UExWQmlTb3RiOEJZRFFOZmFmYmZYOTdVS2NKM3lHcThzMC42MTI4Njc2QjM1RjU1MjlG,2022-03-30T12:03:43Z,UCucZxbG9teyMvRYSx3MHgcA,Noah Fisher - Trigger [4UA],"💛💙 Georgian artists from various genres unite under one compilation to support Ukrainian friends.
All funds go to Ukrainian people.



➤ Bandcamp: https://bit.ly/3J92Dd2


Artwork by Fu Mac |",https://i.ytimg.com/vi/2fmEx_DLj9o/hqdefault.jpg,La Petite Boite,PLVBiSotb8BYDQNfafbfX97UKcJ3yGq8s0,44,2fmEx_DLj9o,VNRD,UCv0Ufd_Af9VBEi6xoW6ZTfw,Y
youtube#playlistItem,zsq5wVYip0W9LIwPkMWV5ZHHeHc,UExWQmlTb3RiOEJZRFFOZmFmYmZYOTdVS2NKM3lHcThzMC5CMEQ2Mjk5NTc3NDZFRUNB,2022-03-28T19:53:31Z,UCucZxbG9teyMvRYSx3MHgcA,Luhk - Linhas de Espaço & Tempo [CARPET08],"—



➤ Bandcamp: https://bit.ly/3g1iDB1 / |",https://i.ytimg.com/vi/wYo8a2wT0-w/hqdefault.jpg,La Petite Boite,PLVBiSotb8BYDQNfafbfX97UKcJ3yGq8s0,45,wYo8a2wT0-w,VNRD,UCv0Ufd_Af9VBEi6xoW6ZTfw,Y
youtube#video,9Fww3Ocu9-2eO9OOozJ_DZqmFZw,UExWQmlTb3RiOEJZRFFOZmFmYmZYOTdVS2NKM3lHcThzMC4zRDBDOEZDOUM0MDY5NEEz,2022-03-28T05:26:40Z,UCucZxbG9teyMvRYSx3MHgcA,Nathan Pinder - Stutter [NUIT006],"👉 Get your copy: http://hyperurl.co/NUIT006
🎵 Follow the label: http://soundcloud.com/nuancesdenuit
🚀 My mixes & productions: https://soundcloud.com/cmykitsme
🍓🏷️ My new vinyl label: https://soundcloud.com/jamdemsounds
📡☁️ My 24/7 Chill-Out Webradio: https://www.kanvas.fm

👀 Release details: https://www.discogs.com/Various-Nuances-de-Nuit-Vol-6/release/17455204

Please support artists & labels and buy physical or digital music 🙏

All uploads are made with the right-owners approval and have low-bitrate audio (128kbps) - not for club use!",https://i.ytimg.com/vi/4Ib9Bkss7fA/hqdefault.jpg,La Petite Boite,PLVBiSotb8BYDQNfafbfX97UKcJ3yGq8s0,46,4Ib9Bkss7fA,CMYK,UC_9j-jI_P6heeJpQRvz0eOw,Y
youtube#playlistItem,ZVMElE1dqVzAsziuGeBimVWgWRM,UExWQmlTb3RiOEJZRFFOZmFmYmZYOTdVS2NKM3lHcThzMC41QUZGQTY5OTE4QTREQUU4,2022-03-24T06:29:18Z,UCucZxbG9teyMvRYSx3MHgcA,Kebab Traume - Inner Experience [BNSD-DGT002],"—



➤ Bandcamp: https://bit.ly/3tUp1SY / |",https://i.ytimg.com/vi/z_Q3BeS6NJ0/hqdefault.jpg,La Petite Boite,PLVBiSotb8BYDQNfafbfX97UKcJ3yGq8s0,47,z_Q3BeS6NJ0,VNRD,UCv0Ufd_Af9VBEi6xoW6ZTfw,Y
youtube#video,w-geYqjwAfBUmynLkrV1W_-mk98,UExWQmlTb3RiOEJZRFFOZmFmYmZYOTdVS2NKM3lHcThzMC43NDhFRTgwOTRERTU4Rjg3,2022-03-23T21:29:58Z,UCucZxbG9teyMvRYSx3MHgcA,BEQA - Trugger Purpose,"—



➤ Bandcamp: https://bit.ly/3DIT411 / |",https://i.ytimg.com/vi/c6J2dpQBBYY/hqdefault.jpg,La Petite Boite,PLVBiSotb8BYDQNfafbfX97UKcJ3yGq8s0,48,c6J2dpQBBYY,VNRD,UCv0Ufd_Af9VBEi6xoW6ZTfw,Y
youtube#playlistItem,CmrhNWv5U5gIjwqGBxwhPQUzPfg,UExWQmlTb3RiOEJZRFFOZmFmYmZYOTdVS2NKM3lHcThzMC44Mjc5REFBRUE2MTdFRDU0,2022-02-10T08:37:15Z,UCucZxbG9teyMvRYSx3MHgcA,Force Full Feat. DJ Ton T.B. - Foreign Affair (1997),"Country: Netherlands 
Released: 1997


Force Full Feat. DJ Enrico & DJ Ton T.B. - Foreign Affair",https://i.ytimg.com/vi/cFYTNktOVp0/hqdefault.jpg,La Petite Boite,PLVBiSotb8BYDQNfafbfX97UKcJ3yGq8s0,49,cFYTNktOVp0,dotsexyrol,UCCXv3gkfGCDQJ43r1fVqpmA,Y
youtube#video,qASfMdEx4MC0HWW3We5u_Q8aLmg,UExWQmlTb3RiOEJZRFFOZmFmYmZYOTdVS2NKM3lHcThzMC5DMkU4NTY1QUFGQTYwMDE3,2021-12-18T21:48:35Z,UCucZxbG9teyMvRYSx3MHgcA,Alec Falconer - Heck Of A Neck [AOD005],"➤ Check out the label: https://www.facebook.com/ARTOFDARKLONDON/
♫ My mixes & productions: https://soundcloud.com/cmykitsme
♫ Our BCN-based Label & Events Kommuna: https://soundcloud.com/kommunabcn

Release details: https://www.discogs.com/Alec-Falconer-The-Boat-EP/release/14595012

All uploads have low-bitrate audio (128kbps) - not for club use!",https://i.ytimg.com/vi/O-MDvp00qq0/hqdefault.jpg,La Petite Boite,PLVBiSotb8BYDQNfafbfX97UKcJ3yGq8s0,50,O-MDvp00qq0,CMYK,UC_9j-jI_P6heeJpQRvz0eOw,Y
youtube#playlistItem,gzFplqtN_z6wQCDrqMj3auA-r3A,UExWQmlTb3RiOEJZRFFOZmFmYmZYOTdVS2NKM3lHcThzMC4yQUE2Q0JEMTk4NTM3RTZC,2021-12-18T18:36:10Z,UCucZxbG9teyMvRYSx3MHgcA,Shabazz Palaces - Since C.A.Y.A.,"'Quazarz: Born on a Gangster Star' (Release date: July 14, 2017) 

The image above chosen to chaperone this song through its life is of the great American person Noah Davis renowned for his paintings. He comes from a resplendent illustrious family it was them who allowed us to make this use of it.  Thanks y'all. Thank you Noah. 


Quazarz: Born on a Gangster Star 
iTunes https://itun.es/us/5gF7ib
Amazon http://a.co/0qxn6V1
Sub Pop Mega Mart*   http://u.subpop.com/2oZIUq6
*All customers who pre-order the LP version of 'Quazarz: Born on a Gangster Star' from the Sub Pop Mega Mart will receive the album on Loser Edition colored vinyl, while supplies last.


Shabazz Palaces: https://shabazzpalaces.com/
Facebook: https://www.facebook.com/shabazzpalaces
Twitter: https://twitter.com/shabazzpalaces 
Instagram: https://www.instagram.com/shabazzpalaces 
On Tour: https://www.subpop.com/tours/shabazz_palaces

More videos from Shabazz Palaces:
https://www.youtube.com/playlist?list=PLE1B75EF703D98B32

Sub Pop Records: http://www.subpop.com
Twitter: https://twitter.com/subpop
Facebook: https://www.facebook.com/subpoprecords
SoundCloud: http://soundcloud.com/subpop
MegaMart: https://megamart.subpop.com/
Podcast: http://subpop.fm/

Subscribe To Sub Pop's YouTube Channel http://www.youtube.com/user/subpoprecords",https://i.ytimg.com/vi/kCf2JrICz9Y/hqdefault.jpg,La Petite Boite,PLVBiSotb8BYDQNfafbfX97UKcJ3yGq8s0,51,kCf2JrICz9Y,Sub Pop,UCsgEkEWaXKQwrhlLHFbcQFw,Y
youtube#video,9iNo_sDVp6biYKFKUZ_sqBjm1tc,UExWQmlTb3RiOEJZRFFOZmFmYmZYOTdVS2NKM3lHcThzMC5DQ0MyQ0Y4Mzg0M0VGOEYw,2021-12-12T12:26:15Z,UCucZxbG9teyMvRYSx3MHgcA,Pamela Britte - Sexup Trance (Untitled Mix) B1,"Pamela Britte ‎– Upside Down
Label: Blam Records (3) ‎– bl002
Format: Vinyl, 12"", 33 ⅓ RPM
Country: Italy
Released: 1993
Genre: Electronic
Style: House

I do not own rights to this track, will delete upon request.",https://i.ytimg.com/vi/2jVs9umhnZ8/hqdefault.jpg,La Petite Boite,PLVBiSotb8BYDQNfafbfX97UKcJ3yGq8s0,52,2jVs9umhnZ8,OLLI KOPONEN,UCoDYsc_81ckLcSmlsoRnvyA,Y
youtube#playlistItem,c24ZXci3arlBcF7ZSAbhWHtOwIw,UExWQmlTb3RiOEJZRFFOZmFmYmZYOTdVS2NKM3lHcThzMC45NzUwQkI1M0UxNThBMkU0,2021-12-08T21:33:27Z,UCucZxbG9teyMvRYSx3MHgcA,Obsidian - Hall 46 [BOMBS001],"👉 Get your copy: https://linktr.ee/systemerrorworldwide
🎵 Follow the label: https://soundcloud.com/systemerrorworldwide
🚀 My mixes & productions: https://soundcloud.com/cmykitsme
🍓🏷️ My new vinyl label: https://soundcloud.com/jamdemsounds
📡☁️ My 24/7 Chill-Out Webradio: https://www.kanvas.fm

👀 Release details: https://www.discogs.com/release/20729005-Various-Party-Bombs-Vol-1

Please support artists & labels and buy physical or digital music 🙏

All uploads are made with the right-owners approval and have low-bitrate audio (128kbps) - not for club use!",https://i.ytimg.com/vi/OHZNp3_w1EM/hqdefault.jpg,La Petite Boite,PLVBiSotb8BYDQNfafbfX97UKcJ3yGq8s0,55,OHZNp3_w1EM,CMYK,UC_9j-jI_P6heeJpQRvz0eOw,Y
youtube#video,2xPXz7rJwm_WHqYykd5XB7Xlek4,UExWQmlTb3RiOEJZRFFOZmFmYmZYOTdVS2NKM3lHcThzMC4zRjM0MkVCRTg0MkYyQTM0,2021-12-02T22:36:55Z,UCucZxbG9teyMvRYSx3MHgcA,Harry Romero - The City (Extended Mix),"Download & stream: https://defect.click/NG117D

From a state steeped in house culture, Harry Romero is one of New Jersey’s finest house exports. Emerging in the mid 1990s and remaining one of the genre’s most in demand producers and remixers to this day, he now debuts on the legendary Nu Groove in the first wave of artists to release music for the new era of the label. Delivering exquisite two tracker ‘I Love / The City’, Harry plays tribute to classics from the Nu Groove catalogue with his modern ‘Choo Choo’ twist he’s loved and revered for. House bubbler ‘I Love’ opens the package with depth and warmth to get you in the mood, while ‘The City’ is a little busier in its composition, a spoken-word vocal telling the familiar tale of house music’s ability to unite, while kinetic percussion and glowy synths make this another striking cut.",https://i.ytimg.com/vi/JoKlzG4dNdU/hqdefault.jpg,La Petite Boite,PLVBiSotb8BYDQNfafbfX97UKcJ3yGq8s0,56,JoKlzG4dNdU,4 To The Floor,UC1-5L7PTSKq6w3EBeCKWvbA,Y
youtube#playlistItem,eOH89GDeGOe6eRLdllgotFlJfhM,UExWQmlTb3RiOEJZRFFOZmFmYmZYOTdVS2NKM3lHcThzMC5GM0Q3M0MzMzY5NTJFNTdE,2021-12-01T13:35:48Z,UCucZxbG9teyMvRYSx3MHgcA,Charonne - In The Valley Of Feelings [ZORA.008],"—



➤ Grab your copy:
Deejay: https://bit.ly/3bW9Crb
Viniil: https://bit.ly/3GPM6KE
Redeye: https://bit.ly/3kqdZ2n
Juno: https://bit.ly/3BLb9dR
KMA60: https://bit.ly/3nQqu88
Decks: https://bit.ly/3BR8ks0
Techno Import: https://bit.ly/3q4xn8q
One Eye: https://bit.ly/31vdzkx
Merurido: https://bit.ly/3CPDzor


➤ Release info: https://www.discogs.com/release/18610228-Charonne-Innervoice / |",https://i.ytimg.com/vi/k9AgS-kmL6E/hqdefault.jpg,La Petite Boite,PLVBiSotb8BYDQNfafbfX97UKcJ3yGq8s0,57,k9AgS-kmL6E,VNRD,UCv0Ufd_Af9VBEi6xoW6ZTfw,Y
youtube#video,ooX74Xc1uYTaSz7r8l1xzrVc-6U,UExWQmlTb3RiOEJZRFFOZmFmYmZYOTdVS2NKM3lHcThzMC4yMDhBMkNBNjRDMjQxQTg1,2021-11-28T17:51:34Z,UCucZxbG9teyMvRYSx3MHgcA,Alec Falconer - They Buy Axe [JISUL03],"👉 Get your copy: https://badumtish.world/products/alec-falconer-turbo-faff-ep-jisul03
🎵 Follow the label: https://soundcloud.com/badumtishworld
🚀 My mixes & productions: https://soundcloud.com/cmykitsme
🍓🏷️ My new vinyl label: https://soundcloud.com/jamdemsounds
📡☁️ My 24/7 Chill-Out Webradio: https://www.kanvas.fm

👀 Release details: https://www.discogs.com/Alec-Falconer-Turbo-Faff/release/18106960

Please support artists & labels and buy physical or digital music 🙏

All uploads are made with the right-owners approval and have low-bitrate audio (128kbps) - not for club use!",https://i.ytimg.com/vi/vVNl15oq44g/hqdefault.jpg,La Petite Boite,PLVBiSotb8BYDQNfafbfX97UKcJ3yGq8s0,58,vVNl15oq44g,CMYK,UC_9j-jI_P6heeJpQRvz0eOw,Y
youtube#playlistItem,gKenq6IXesAejb32DAjYiyS0LgA,UExWQmlTb3RiOEJZRFFOZmFmYmZYOTdVS2NKM3lHcThzMC5ENDU4Q0M4RDExNzM1Mjcy,2021-11-28T17:50:36Z,UCucZxbG9teyMvRYSx3MHgcA,Atlantis,"Provided to YouTube by National Digital Aggregator LLC

Atlantis · Moya81

ESP

℗ 2019 ScentAir Records

Released on: 2019-08-23

Auto-generated by YouTube.",https://i.ytimg.com/vi/pJu7LpM_7CA/hqdefault.jpg,La Petite Boite,PLVBiSotb8BYDQNfafbfX97UKcJ3yGq8s0,59,pJu7LpM_7CA,MOYA81 - Topic,UCXemYInCoLTJO4kGQxJDPhQ,Y
youtube#video,0Tyuo03nUOzQdKJUl1TxbKfrTxE,UExWQmlTb3RiOEJZRFFOZmFmYmZYOTdVS2NKM3lHcThzMC45RTgxNDRBMzUwRjQ0MDhC,2021-11-28T17:50:15Z,UCucZxbG9teyMvRYSx3MHgcA,TI.SA - Freddy (OUTCUT Version) [OTKAT003],"Soon in free download: https://soundcloud.com/otkat

Follow us
• Website: https://www.trommelmusic.com
• Instagram: https://www.instagram.com/trommelmusic
• Facebook: https://www.facebook.com/trommelmusic
• SoundCloud: https://www.soundcloud.com/trommelmusic

LOW BITRATE - FOR PROMOTION ONLY

Trommel does not own the content on this video or any rights related to it. If the owner does not wish to have their items on display, please contact us and the content will be removed immediately.

Trommel is against piracy in any form - support the artists/labels and buy the EP",https://i.ytimg.com/vi/rsY6oWegMiw/hqdefault.jpg,La Petite Boite,PLVBiSotb8BYDQNfafbfX97UKcJ3yGq8s0,60,rsY6oWegMiw,trommel,UCGxYxFFsENVa3y3L3kkQ4QA,Y
youtube#playlistItem,fIOSYwCeDQIAEaJbm4LUbPyzw-g,UExWQmlTb3RiOEJZRFFOZmFmYmZYOTdVS2NKM3lHcThzMC4yMUQyQTQzMjRDNzMyQTMy,2021-11-25T17:12:28Z,UCucZxbG9teyMvRYSx3MHgcA,Jimmy Batt - Robot's Club,"https://www.discogs.com/Sol%C3%A4r-Sound-System-%C5%8Csumi/release/13908465

Join the movement : https://www.facebook.com/KermesseWorld/ 
Podcasts : https://soundcloud.com/kermesseworld 

For promotional purpose only",https://i.ytimg.com/vi/u7KwYMYjmJA/hqdefault.jpg,La Petite Boite,PLVBiSotb8BYDQNfafbfX97UKcJ3yGq8s0,61,u7KwYMYjmJA,Kermesse World,UCOkpc7Pa7N4cDUb-uoJHY4Q,Y
youtube#video,a5arqVXtX6vj8S7fzIBBYA-ObWk,UExWQmlTb3RiOEJZRFFOZmFmYmZYOTdVS2NKM3lHcThzMC41QTY1Q0UxMTVCODczNThE,2021-11-22T17:45:51Z,UCucZxbG9teyMvRYSx3MHgcA,Rydeen - Ave To Lizard,"Subscribe to our Spotify Playlists: https://music.houseum.fr/houseum-spotify-playlists

Rydeen:
https://soundcloud.com/rydeenmsc
https://www.facebook.com/RydeenMsc
---------------------------------------------------------------------------------------------------------------------------------------------------------------
Houseum:
https://soundcloud.com/houseum
https://www.facebook.com/houseum.yt
https://www.instagram.com/houseumrecords
https://houseum.yt@gmail.com",https://i.ytimg.com/vi/1hJm9wFyhGk/hqdefault.jpg,La Petite Boite,PLVBiSotb8BYDQNfafbfX97UKcJ3yGq8s0,62,1hJm9wFyhGk,Houseum,UC58C_BhzlZIJTeomuVSD2lA,Y
youtube#playlistItem,rpEHrWD1L02qF9tf00CNjPhgUeE,UExWQmlTb3RiOEJZRFFOZmFmYmZYOTdVS2NKM3lHcThzMC5EQUE1NTFDRjcwMDg0NEMz,2021-11-22T16:07:35Z,UCucZxbG9teyMvRYSx3MHgcA,Vlad Arapasu - Tusek [SKIPAUDIO003],"Buy the EP
• Decks.de: https://www.decks.de/track/various_artists-skip_audio_003/ciy-ox

Follow us
• Website: https://www.trommelmusic.com
• Instagram: https://www.instagram.com/trommelmusic
• Facebook: https://www.facebook.com/trommelmusic
• SoundCloud: https://www.soundcloud.com/trommelmusic

LOW BITRATE - FOR PROMOTION ONLY

Trommel does not own the content on this video or any rights related to it. If the owner does not wish to have their items on display, please contact us and the content will be removed immediately.

Trommel is against piracy in any form - support the artists/labels and buy the EP",https://i.ytimg.com/vi/3_YST8-YPoY/hqdefault.jpg,La Petite Boite,PLVBiSotb8BYDQNfafbfX97UKcJ3yGq8s0,63,3_YST8-YPoY,trommel,UCGxYxFFsENVa3y3L3kkQ4QA,Y
youtube#video,NA_tN2H62atCDVTukVFEw2KYWk4,UExWQmlTb3RiOEJZRFFOZmFmYmZYOTdVS2NKM3lHcThzMC41Mzk2QTAxMTkzNDk4MDhF,2021-11-21T15:55:16Z,UCucZxbG9teyMvRYSx3MHgcA,Grama - Eversines | Telomere Plastic [2021],"*Please message me directly on FB or YT for any copyright issues and the video will be removed immediately*
*Uploaded in low quality. For listening purposes only*

Facebook (Some Uncertain Sir): 
https://www.facebook.com/someuncertainsir
Soundcloud (Some Uncertain Sir): 
https://soundcloud.com/someuncertainsir
Instagram (Some Uncertain Sir): 
https://www.instagram.com/someuncertainsir
Twitter (Some Uncertain Sir): 
https://twitter.com/uncertainsir

• Label Info •
Facebook: https://www.facebook.com/wexrecords
Soundcloud: https://soundcloud.com/wexrecords
Instagram: http://instagram.com/wexrecords

Discogs: https://www.discogs.com/Various-The-Reconnection/release/18046429

Bandcamp: https://wexrecords.bandcamp.com/album/telomere-010-the-reconnection

Deejay: https://www.deejay.de/Various_The_Reconnection_TELOMERE010_Vinyl__976760
HHV: https://www.hhv.de/shop/en/item/v-a-the-reconnection-838453?p=XGyvj8
Juno: https://www.juno.co.uk/products/the-reconnection/831462-01/
One Eye Witness: https://www.one-eye-witness.com/release/1623768020/Various-Artists-The-Reconnection
Viniil: https://www.viniil.com/en/ecommerce/dettaglio/telomere-010-various-artists-the-reconnection-double-12-quot-limited-telomere-plastic

Track: Grama
Artist: Eversines
Album: The Reconnection (X2 Double VA)
Label: Telomere Plastic (Wex)
Cat #: Telomere 010
Country: US
Year: 2021",https://i.ytimg.com/vi/_ygQx1WEwBE/hqdefault.jpg,La Petite Boite,PLVBiSotb8BYDQNfafbfX97UKcJ3yGq8s0,64,_ygQx1WEwBE,some uncertain sir,UCEfZoAshpTmnRjg53B13--A,Y
youtube#playlistItem,8CDKninlTXFTkZ7pBt_2XznW0bs,UExWQmlTb3RiOEJZRFFOZmFmYmZYOTdVS2NKM3lHcThzMC4zMDg5MkQ5MEVDMEM1NTg2,2021-11-21T13:23:51Z,UCucZxbG9teyMvRYSx3MHgcA,Primary Perception - Texhnolyze,"Slow Life!

Buy here: https://www.discogs.com/Primary-Perception-Retrofitter-Future-Vol-2/release/12984125
Still some left: https://www.decks.de/track/primary_perception-retrofitted_future_vol2_ep/cdx-uw
https://www.phonicarecords.com/product/view/157459

I don't own the rights to this music, so please message me if you'd like it to be removed! 

Uploaded in low qual",https://i.ytimg.com/vi/Qrzu2ZY_QcU/hqdefault.jpg,La Petite Boite,PLVBiSotb8BYDQNfafbfX97UKcJ3yGq8s0,65,Qrzu2ZY_QcU,Ej,UCRTfZ8rXu1IzSfy9mIf3lsQ,Y
youtube#video,W1ia3146TpQqsbC_sdLaC0lkaSk,UExWQmlTb3RiOEJZRFFOZmFmYmZYOTdVS2NKM3lHcThzMC45ODRDNTg0QjA4NkFBNkQy,2021-11-18T20:19:50Z,UCucZxbG9teyMvRYSx3MHgcA,Cedric Dekowski & Felix Reifenberg - Laus [KRB003],"➤ Check out the label: https://www.facebook.com/krabrecords
♫ More music: https://soundcloud.com/cmykitsme
♫ My BCN-based Label & Events Kommuna: https://soundcloud.com/kommunabcn

Release details: https://www.discogs.com/C%C3%A9dric-Dekowski-Felix-Reifenberg-Laus-EP/release/15757967

All uploads have low-bitrate audio (128kbps) - not for club use!",https://i.ytimg.com/vi/70imGrYSyzc/hqdefault.jpg,La Petite Boite,PLVBiSotb8BYDQNfafbfX97UKcJ3yGq8s0,66,70imGrYSyzc,CMYK,UC_9j-jI_P6heeJpQRvz0eOw,Y
youtube#playlistItem,19FpxAlarvQ6BHUSDpaHJIuBbJU,UExWQmlTb3RiOEJZRFFOZmFmYmZYOTdVS2NKM3lHcThzMC5EMEEwRUY5M0RDRTU3NDJC,2021-11-16T22:19:34Z,UCucZxbG9teyMvRYSx3MHgcA,Nemo Vachez - Holiday Special [FIR007],"Buy the EP
• Bandcamp: https://forestill.bandcamp.com/

Follow us
• Website: https://www.trommelmusic.com
• Instagram: https://www.instagram.com/trommelmusic
• Facebook: https://www.facebook.com/trommelmusic
• SoundCloud: https://www.soundcloud.com/trommelmusic

LOW BITRATE - FOR PROMOTION ONLY

Trommel does not own the content on this video or any rights related to it. If the owner does not wish to have their items on display, please contact us and the content will be removed immediately.

Trommel is against piracy in any form - support the artists/labels and buy the EP",https://i.ytimg.com/vi/8JFVeCBjDEA/hqdefault.jpg,La Petite Boite,PLVBiSotb8BYDQNfafbfX97UKcJ3yGq8s0,67,8JFVeCBjDEA,trommel,UCGxYxFFsENVa3y3L3kkQ4QA,Y
youtube#video,wtOtNKN1IIYDttDYf-qGS-zlUR4,UExWQmlTb3RiOEJZRFFOZmFmYmZYOTdVS2NKM3lHcThzMC40NzZCMERDMjVEN0RFRThB,2021-11-15T19:50:31Z,UCucZxbG9teyMvRYSx3MHgcA,Brawther - VXVXVX,"👉 Follow CMYK https://instagram.com/CMYKitsme
🎉 Kommuna (BCN Label & Events) https://instagram.com/kommunabcn
🌞 NEST (Micro-Festival 1h from BCN) https://instagram.com/nestmicrofest
📡 Kanvas (24/7 Chill-Out Webradio) - https://www.kanvas.fm",https://i.ytimg.com/vi/cfn6Ot3jfk8/hqdefault.jpg,La Petite Boite,PLVBiSotb8BYDQNfafbfX97UKcJ3yGq8s0,68,cfn6Ot3jfk8,CMYK,UC_9j-jI_P6heeJpQRvz0eOw,Y
youtube#playlistItem,enIDQSif7DVe4qyf4s0OyPCz0e8,UExWQmlTb3RiOEJZRFFOZmFmYmZYOTdVS2NKM3lHcThzMC5GNjNDRDREMDQxOThCMDQ2,2021-11-14T20:24:41Z,UCucZxbG9teyMvRYSx3MHgcA,4 Chemins - 1999 5 AM [P.T.002],"👉 Get your copy: https://linktr.ee/Planet_Tapes
🎵 Follow the label: https://soundcloud.com/planet_tapes
🚀 My mixes & productions: https://soundcloud.com/cmykitsme
🍓🏷️ My new vinyl label: https://soundcloud.com/jamdemsounds
📡☁️ My 24/7 Chill-Out Webradio: https://www.kanvas.fm

👀 Release details: https://www.discogs.com/Various-Exploring-Alternatives-EP/release/17910229

Please support artists & labels and buy physical or digital music 🙏

All uploads are made with the right-owners approval and have low-bitrate audio (128kbps) - not for club use!",https://i.ytimg.com/vi/kpxAK8sCATM/hqdefault.jpg,La Petite Boite,PLVBiSotb8BYDQNfafbfX97UKcJ3yGq8s0,69,kpxAK8sCATM,CMYK,UC_9j-jI_P6heeJpQRvz0eOw,Y
youtube#video,rzbyUnSZZJFZnZ1KpRFqnY4fzkE,UExWQmlTb3RiOEJZRFFOZmFmYmZYOTdVS2NKM3lHcThzMC45NDk1REZENzhEMzU5MDQz,2021-11-10T12:55:18Z,UCucZxbG9teyMvRYSx3MHgcA,No Limits,"Provided to YouTube by The Orchard Enterprises

No Limits · Code 14

Ibiza Chill Masters

℗ 2005 Manifold Music GmbH

Released on: 2005-02-02

Auto-generated by YouTube.",https://i.ytimg.com/vi/BS42yCmwoEc/hqdefault.jpg,La Petite Boite,PLVBiSotb8BYDQNfafbfX97UKcJ3yGq8s0,70,BS42yCmwoEc,Release - Topic,UCDSM8CeHqKAaxr6timZgaMg,Y
youtube#playlistItem,XFOl4Q-yauqluEckM-JBqDRqzpc,UExWQmlTb3RiOEJZRFFOZmFmYmZYOTdVS2NKM3lHcThzMC5DQUNERDQ2NkIzRUQxNTY1,2021-11-06T21:02:16Z,UCucZxbG9teyMvRYSx3MHgcA,[PREMIERE] Mind Relics - Dream Terrains | Little Things We Like [2021],"*Please message me directly on FB or YT for any copyright issues and the video will be removed immediately*
*Uploaded in low quality. For listening purposes only*

Facebook (Some Uncertain Sir): 
https://www.facebook.com/someuncertainsir
Soundcloud (Some Uncertain Sir): 
https://soundcloud.com/someuncertainsir
Instagram (Some Uncertain Sir): 
https://www.instagram.com/someuncertainsir
Twitter (Some Uncertain Sir): 
https://twitter.com/uncertainsir

• Label Info •
Facebook: https://www.facebook.com/DreamTerrains/
Soundcloud: https://soundcloud.com/dreamterrains-607542535
Instagram: https://www.instagram.com/dreamterrains/
 
Bandcamp: https://dreamterrains.bandcamp.com/

Track: Mind Relics
Artist: Dream Terrains
Label: Little Things We Like
Country: Finland
Year: 2021",https://i.ytimg.com/vi/OAwoQmIZ5dw/hqdefault.jpg,La Petite Boite,PLVBiSotb8BYDQNfafbfX97UKcJ3yGq8s0,71,OAwoQmIZ5dw,some uncertain sir,UCEfZoAshpTmnRjg53B13--A,Y
youtube#video,dusFJbh7hOTVBoiSaFL3GCELiLs,UExWQmlTb3RiOEJZRFFOZmFmYmZYOTdVS2NKM3lHcThzMC4xMkVGQjNCMUM1N0RFNEUx,2021-10-29T10:03:15Z,UCucZxbG9teyMvRYSx3MHgcA,Secret Intelligence - Teleportation,"https://www.discogs.com/Secret-Intelligence-World-Within/release/312934

Join the movement : https://www.facebook.com/KermesseWorld/ 
Podcasts : https://soundcloud.com/kermesseworld 

For promotional purpose only",https://i.ytimg.com/vi/BS3mFTg2Zzo/hqdefault.jpg,La Petite Boite,PLVBiSotb8BYDQNfafbfX97UKcJ3yGq8s0,72,BS3mFTg2Zzo,Kermesse World,UCOkpc7Pa7N4cDUb-uoJHY4Q,Y
youtube#playlistItem,ehAZtX1uRIzSRKPZGjsnZV2XF0g,UExWQmlTb3RiOEJZRFFOZmFmYmZYOTdVS2NKM3lHcThzMC4wOTA3OTZBNzVEMTUzOTMy,2021-10-19T16:39:16Z,UCucZxbG9teyMvRYSx3MHgcA,Avalon - Gemini (1993),https://www.discogs.com/master/1516788-Avalon-Earth-Water-Air-Fire,https://i.ytimg.com/vi/qMI8VazlmYk/hqdefault.jpg,La Petite Boite,PLVBiSotb8BYDQNfafbfX97UKcJ3yGq8s0,73,qMI8VazlmYk,Techer,UC2kIc6lXD31dOPHn1bN74Kg,Y
youtube#video,rrEMKRCKqwA79RFSYKGRq14U0Wo,UExWQmlTb3RiOEJZRFFOZmFmYmZYOTdVS2NKM3lHcThzMC41MjE1MkI0OTQ2QzJGNzNG,2021-10-15T21:44:21Z,UCucZxbG9teyMvRYSx3MHgcA,Kafka - Shake Your Soul,"Kafka Souncloud: https://soundcloud.com/kafka00
-------------------------------------------------------------------------------------------------------------------------------------------------------------------
Houseum Soundcloud: https://soundcloud.com/houseum
Houseum Facebook: https://www.facebook.com/houseum.yt
Houseum Contact: houseum.yt@gmail.com",https://i.ytimg.com/vi/OahUCXIhsOY/hqdefault.jpg,La Petite Boite,PLVBiSotb8BYDQNfafbfX97UKcJ3yGq8s0,74,OahUCXIhsOY,Houseum,UC58C_BhzlZIJTeomuVSD2lA,Y
youtube#playlistItem,lAOzpSZU2R1RFO01LPdboDwP-NA,UExWQmlTb3RiOEJZRFFOZmFmYmZYOTdVS2NKM3lHcThzMC4wMTcyMDhGQUE4NTIzM0Y5,2021-10-15T21:43:06Z,UCucZxbG9teyMvRYSx3MHgcA,Palms Trax - Sumo Acid Crew,"""After establishing himself as one of the most promising artists with the inaugural release of the now buy on sight Lobster Theremin imprint, Berlin-based Londoner Palms Trax decamps to Amsterdam institution Dekmantel with the In Gold EP. As with his prior two releases, the crosshairs are locked firmly on the ‘floor, leading off with the deep, grooving, post-Chicagoan vibes of the title cut that employs the producer’s now trademark lush synth lines, sitting somewhere between the work of Simoncino and Perseus Traxx. Next, ‘People Of Tusk’ retains a similar dexterous use of melody yet letting the drums splutter just a little more whereas ‘Sumo Acid Crew’ is a much tighter jam with a dampened acid motif and glassy chord chimes.""

https://bleep.com/release/57605-palms-trax-in-gold

For more tunes check out the playlist! https://www.youtube.com/playlist?list=PLP6zj1yDyGt6aTC3d59sifcEQ04fFKfgk",https://i.ytimg.com/vi/o7fgUDJ8KHY/hqdefault.jpg,La Petite Boite,PLVBiSotb8BYDQNfafbfX97UKcJ3yGq8s0,75,o7fgUDJ8KHY,hurfyd,UCzeR0_RWnpNHe6y4DTLwE5Q,Y
youtube#video,dCIvHW83UlSrL7jd8kh-M05PtEQ,UExWQmlTb3RiOEJZRFFOZmFmYmZYOTdVS2NKM3lHcThzMC4yODlGNEE0NkRGMEEzMEQy,2021-10-15T20:46:17Z,UCucZxbG9teyMvRYSx3MHgcA,SeqTuningMlog Acid1 - Mause | npm [2021],"*Please message me directly on FB or YT for any copyright issues and the video will be removed immediately*
*Uploaded in low quality. For listening purposes only*

Facebook (Some Uncertain Sir): 
https://www.facebook.com/someuncertainsir
Soundcloud (Some Uncertain Sir): 
https://soundcloud.com/someuncertainsir
Instagram (Some Uncertain Sir): 
https://www.instagram.com/someuncertainsir
Twitter (Some Uncertain Sir): 
https://twitter.com/uncertainsir

Label Support:
Facebook: https://www.facebook.com/npmlabel
Soundcloud: https://soundcloud.com/npmlabel
Instagram: https://www.instagram.com/npm.label

Discogs: https://www.discogs.com/Mause-XOR-/master/2229814

Bandcamp: https://npmlabel.bandcamp.com/

Clone: https://clone.nl/item64313.html
Deejay: https://www.deejay.de/MAUSE_XOR_EP_NPM-002_Vinyl__973298
HHV: https://www.hhv.de/shop/en/item/mause-xor-ep-817891
Juno: https://www.juno.co.uk/products/mause-xor-ep/821727-01/
One Eye Witness:
Redeye: https://www.redeyerecords.co.uk/vinyl/134041-nmp-002-mause-xor-ep

Track: SeqTuningMlog Acid1
Artist: Mause
Album: XOR
Label: npm
Cat #: npm-002
Country: UK
Year: 2021",https://i.ytimg.com/vi/lK9CHrzQ3Mg/hqdefault.jpg,La Petite Boite,PLVBiSotb8BYDQNfafbfX97UKcJ3yGq8s0,76,lK9CHrzQ3Mg,some uncertain sir,UCEfZoAshpTmnRjg53B13--A,Y
youtube#playlistItem,RaQbXOmlQwGEAyBUK0JVlb0s0ss,UExWQmlTb3RiOEJZRFFOZmFmYmZYOTdVS2NKM3lHcThzMC41NkI0NEY2RDEwNTU3Q0M2,2021-10-15T20:36:38Z,UCucZxbG9teyMvRYSx3MHgcA,[PREMIERE] Hydroshells - Lb Honne | Project Indiigo [2021],"*Please message me directly on FB or YT for any copyright issues and the video will be removed immediately*
*Uploaded in low quality. For listening purposes only*

Facebook (Some Uncertain Sir): 
https://www.facebook.com/someuncertainsir
Soundcloud (Some Uncertain Sir): 
https://soundcloud.com/someuncertainsir
Instagram (Some Uncertain Sir): 
https://www.instagram.com/someuncertainsir
Twitter (Some Uncertain Sir): 
https://twitter.com/uncertainsir

• Label Info •
Soundcloud: www.soundcloud.com/projindigo
Instagram: www.instagram.com/projindigo

Discogs:

Bandcamp: https://projindigo.bandcamp.com/

Clone: TBD
Deejay: TBD
HHV: TBD
Juno: https://www.juno.co.uk/products/soenne-untitled-gear-boaksi-dj-efflorescence-ii/837468-01/
Redeye: https://www.redeyerecords.co.uk/vinyl/140428-

Track: Hydroshells
Artist: Lb Honne
Album: Efflorescence ii
Label: Project Indiigo
Cat #: pi001
Country: Switzerland
Year: 2021",https://i.ytimg.com/vi/S1g5Lc1lZho/hqdefault.jpg,La Petite Boite,PLVBiSotb8BYDQNfafbfX97UKcJ3yGq8s0,77,S1g5Lc1lZho,some uncertain sir,UCEfZoAshpTmnRjg53B13--A,Y
youtube#playlistItem,ebHi75pKAGxQxHfB68lyAonx43k,VVVTb1c2UEdPTjJTTlgwT1ZYRUN2VnR3LnVxQm5XT0VEWDhv,2026-03-31T18:28:44Z,UCSoW6PGON2SNX0OVXECvVtw,Stooky - Return To The Womb [ZAP4],"Listen every upload first at: https://www.instagram.com/nuggets_1990/

There’s always been something elusive about records like this… like they carry a story no one fully knows. It’s always been my mission to bring these forgotten cuts back to the dancefloor, but this one has been almost out of reach with no copies showing up on Discogs for nearly two years.

So give this post a like, leave a comment, and concact me… and I'll make sure this record finds its way back into the right hands ;)

Artist: Stooky
Track: Return To The Womb
EP Title: Knife Edge E.P.
Label: Club Masters
Catalog #: ZAP4
Genre: Progressive House, Progressive Trance
Year: ????

Discogs: https://www.discogs.com/release/27428325-Stooky-Knife-Edge-EP",https://i.ytimg.com/vi/uqBnWOEDX8o/hqdefault.jpg,NUGGETS,UUSoW6PGON2SNX0OVXECvVtw,0,uqBnWOEDX8o,NUGGETS,UCSoW6PGON2SNX0OVXECvVtw,Y
youtube#video,PvC_JaGvpO2RrYimjtHCSFysNoI,VVVTb1c2UEdPTjJTTlgwT1ZYRUN2VnR3LkFZS2hSVUR0T25v,2026-03-23T18:19:31Z,UCSoW6PGON2SNX0OVXECvVtw,PREMIERE: Cryme X Ben Reymann - Stairway Of Desire [ODDY003],"Listen every upload first at: https://www.instagram.com/nuggets_1990/

Oddysee keep their hot streak alive. This time CRYME lands on the label with 5 club tools designed for maximum dance floor functionality. Titled “7th Element”, the Berlin-based producer finds himself in form with a collection of deep and dubby dance floor grooves, rhythmic programming and sexy vocal-infused house. The record also features a sophisticated slice of steamy, house-laced techno in collaboration with Ben Reymann. Another step in the SEVEN’s co-founder steadily growing repertoire that shows continues upwards progression.  

Artist: Cryme & Ben Reymann 
Track: Stairway Of Desire
EP Title: 7th Element
Label: Oddysee
Catalog #: ODDY003
Genre: House, Tech House
Year: 2026

Pre-order: https://oddysee.bandcamp.com/album/7th-element

https://soundcloud.com/oddyseefm
https://soundcloud.com/ccrryymmee",https://i.ytimg.com/vi/AYKhRUDtOno/hqdefault.jpg,NUGGETS,UUSoW6PGON2SNX0OVXECvVtw,1,AYKhRUDtOno,NUGGETS,UCSoW6PGON2SNX0OVXECvVtw,Y
youtube#playlistItem,8Qzp04sy6jC-p2TejovYK42S318,VVVTb1c2UEdPTjJTTlgwT1ZYRUN2VnR3Lm9xMllObzJmdFhV,2026-03-18T12:20:21Z,UCSoW6PGON2SNX0OVXECvVtw,Peach - WW (Club Mix) [CR-003/1997],"Listen every upload first at: https://www.instagram.com/nuggets_1990/

Artist: Peach
Track: W:W (Club Mix)
EP Title: Time
Label: Cream
Catalog #: CR-003/1997
Genre: Progressive House
Year: 1997

Discogs: https://www.discogs.com/release/8379176-Peach-Time",https://i.ytimg.com/vi/oq2YNo2ftXU/hqdefault.jpg,NUGGETS,UUSoW6PGON2SNX0OVXECvVtw,2,oq2YNo2ftXU,NUGGETS,UCSoW6PGON2SNX0OVXECvVtw,Y
youtube#video,BKrc7c6kaT2JJkmIEhz6-fZ4mOY,VVVTb1c2UEdPTjJTTlgwT1ZYRUN2VnR3LmI3YzdTeV9xM2Nr,2026-03-05T18:21:26Z,UCSoW6PGON2SNX0OVXECvVtw,Angelo D'Onorio - Dance [IMBAK0003],"It is finally time to reveal a special project! It all started a year ago when Anacalypto shared a file from a relatively unknown producer based in Amsterdam. Immediately hooked by its hypnotic soundscape, my buddy ‪@ejaaje‬ and I went down the rabbit hole in search of more hidden gems, hunting down anything with Angelo’s name on it.

What a crazy goldmine it turned out to be! In the next few uploads, we’ll be unveiling more of the many tracks this guy has produced. We’re kicking things off with the record where it all began and we’re happy and proud to announce that this one will get a well-deserved repress on Anacalypto Records. Keep your eyes and ears open so you don’t miss out!

Pre order soon: https://anacalyptorecords.bandcamp.com/

Listen every upload first at: https://www.instagram.com/nuggets_1990/

Artist: Angelo D'Onorio
Track: Dance
EP Title: Because Of My Dream
Label: Imbak Holland
Catalog #: IMBAK0003
Genre: House, Techno
Year: 2004

Discogs: https://www.discogs.com/release/377325-DJ-Angelo-DOnorio-Because-Of-My-Dream",https://i.ytimg.com/vi/b7c7Sy_q3ck/hqdefault.jpg,NUGGETS,UUSoW6PGON2SNX0OVXECvVtw,3,b7c7Sy_q3ck,NUGGETS,UCSoW6PGON2SNX0OVXECvVtw,Y
youtube#playlistItem,7vMLW4yXaGI7lXBtDYAGKUgR0rE,VVVTb1c2UEdPTjJTTlgwT1ZYRUN2VnR3LlMyVXRUS0VOdC1B,2026-03-04T18:53:55Z,UCSoW6PGON2SNX0OVXECvVtw,Delta Plane – Take Your Time (Sweet Child Vocal Mix) [RK 02],"Listen every upload first at: https://www.instagram.com/nuggets_1990/

Artist: Delta Plane
Track: Take Your Time (Sweet Child Vocal Mix)
EP Title: Take Your Time
Label: Therock Records
Catalog #: RK 02
Genre: Progressive House, Tribal House
Year: 2001

Discogs: https://www.discogs.com/release/24769964-Delta-Plane-Take-Your-Time",https://i.ytimg.com/vi/S2UtTKENt-A/hqdefault.jpg,NUGGETS,UUSoW6PGON2SNX0OVXECvVtw,4,S2UtTKENt-A,NUGGETS,UCSoW6PGON2SNX0OVXECvVtw,Y
youtube#video,cE9814wwOcel2k4bz8wihKGlRQA,VVVTb1c2UEdPTjJTTlgwT1ZYRUN2VnR3LndGS01OMVdaNEo0,2026-02-24T18:25:48Z,UCSoW6PGON2SNX0OVXECvVtw,"T-Empo – The Past, The Present, The Future (I-Jack Dub Mix) [BRTH 008 T]","Listen every upload first at: https://www.instagram.com/nuggets_1990/

Artist: T-Empo
Track: The Past, The Present, The Future (I-Jack Dub Mix)
EP Title: The Past, The Present, The Future 
Label: Breathless Records
Catalog #: BRTH 008 T
Genre: Progressive House
Year: 2002

Discogs: https://www.discogs.com/release/137816-T-Empo-The-PastPresentFuture",https://i.ytimg.com/vi/wFKMN1WZ4J4/hqdefault.jpg,NUGGETS,UUSoW6PGON2SNX0OVXECvVtw,5,wFKMN1WZ4J4,NUGGETS,UCSoW6PGON2SNX0OVXECvVtw,Y
youtube#playlistItem,ZrubJvF_XgBvcKK4sExm2jyU1yE,VVVTb1c2UEdPTjJTTlgwT1ZYRUN2VnR3Llo3NEl0TkdiQzJ3,2026-02-17T18:35:29Z,UCSoW6PGON2SNX0OVXECvVtw,Surge - Conscious [WACCY 001T],"Listen every upload first at: https://www.instagram.com/nuggets_1990/

Surge is a Bristol-based brother duo consisting of Andy and Dave Bell. While the rest of the record is already out for listening, if you ask me, they’ve kept the very best track in the dark. A full-blown, trippy peak-time trance storm

Artist: Surge
Track: Conscious
EP Title: Conscious Thought
Label:  Diversity Recordings
Catalog #: WACCY 001T
Genre: Trance
Year: 1995

Discogs: https://www.discogs.com/release/3928212-Surge-Conscious-Thought",https://i.ytimg.com/vi/Z74ItNGbC2w/hqdefault.jpg,NUGGETS,UUSoW6PGON2SNX0OVXECvVtw,6,Z74ItNGbC2w,NUGGETS,UCSoW6PGON2SNX0OVXECvVtw,Y
youtube#video,VPGqb57M0oxBeMARlbXmKSU3uYw,VVVTb1c2UEdPTjJTTlgwT1ZYRUN2VnR3LjNYZmwzWUk4aThJ,2026-02-16T18:22:57Z,UCSoW6PGON2SNX0OVXECvVtw,S_Cream - Just Movin [TYT 001],"Listen every upload first at: https://www.instagram.com/nuggets_1990/

Trust Your Tribe’s first release taps into that raw early-2000s energy with this super groovy house cut by S_cream, a familiar name across the label’s catalogue. “Just Movin” does exactly what it promises: stripped-back, heads-down house with a steady, driving bassline that keeps things rolling

Artist: S_Cream
Track: Just Movin'
EP Title: Strong Edition EP
Label: Trust Your Tribe
Catalog #: TYT 001
Genre: House
Year: 2003

Discogs: https://www.discogs.com/release/301139-S_Cream-Strong-Edition-EP",https://i.ytimg.com/vi/3Xfl3YI8i8I/hqdefault.jpg,NUGGETS,UUSoW6PGON2SNX0OVXECvVtw,7,3Xfl3YI8i8I,NUGGETS,UCSoW6PGON2SNX0OVXECvVtw,Y
youtube#playlistItem,XfJ0MhzMgGBWPlqTzZsOh0tgpp4,VVVTb1c2UEdPTjJTTlgwT1ZYRUN2VnR3LkNLdW5yVUpqdk1z,2026-02-11T12:32:03Z,UCSoW6PGON2SNX0OVXECvVtw,Sandspider - Cold Valley [wi022],"Listen every upload first at: https://www.instagram.com/nuggets_1990/

Crazy how this never got a proper vinyl release! Bought a copy a few months back and it’s been in heavy rotation ever since on my drive to work. Deep basslines, smooth melodic hooks, and hazy dubbed-out vocals all over. t.b.h. this whole album is a hidden gem that never got the recognition it deserved.

Artist: Sandspider
Track: Cold Valley
EP Title: Spider
Label: Worm Interface
Catalog #: wi022
Genre: Dub Techno
Year: 2001

Discogs: https://www.discogs.com/release/87338-Sandspider-Spider",https://i.ytimg.com/vi/CKunrUJjvMs/hqdefault.jpg,NUGGETS,UUSoW6PGON2SNX0OVXECvVtw,8,CKunrUJjvMs,NUGGETS,UCSoW6PGON2SNX0OVXECvVtw,Y
youtube#video,FixR9agZQg6G5db5V5GFnLGpij4,VVVTb1c2UEdPTjJTTlgwT1ZYRUN2VnR3LlZmS2ZGR1BKdmE0,2026-02-01T14:44:39Z,UCSoW6PGON2SNX0OVXECvVtw,66 Squad – The World Is Yours (Mile High Mix) [12 INS 1],"Listen every upload first at: https://www.instagram.com/nuggets_1990/

Artist: 66 Squad
Track: The World Is Yours (Mile High Mix)
EP Title: The World Is Yours
Label:  Institute Records
Catalog #: 12 INS 1
Genre: New Beat
Year: 1989

Discogs: https://www.discogs.com/release/3908097-66-Squad-The-World-Is-Yours",https://i.ytimg.com/vi/VfKfFGPJva4/hqdefault.jpg,NUGGETS,UUSoW6PGON2SNX0OVXECvVtw,9,VfKfFGPJva4,NUGGETS,UCSoW6PGON2SNX0OVXECvVtw,Y
youtube#playlistItem,jNGWKAkVav7OLg_MO8kSf9iTq2s,VVVTb1c2UEdPTjJTTlgwT1ZYRUN2VnR3LlhyaGdJUGl6LU9F,2026-01-26T18:01:05Z,UCSoW6PGON2SNX0OVXECvVtw,Alex Marchi – Adulterio (Orbit Mix) [FR 003],"Listen every upload first at: https://www.instagram.com/nuggets_1990/

Italian progressiveness, pitched down for maximum effect!

Discogs: https://www.discogs.com/release/1403119-Alex-Marchi-Adulterio
Artist: Alex Marchi
Track: Adulterio (Orbit Mix)
EP Title: Adulterio
Label: Frhenetik Records
Catalog #: FR 003
Genre: Progressice Trance
Year: 1997",https://i.ytimg.com/vi/XrhgIPiz-OE/hqdefault.jpg,NUGGETS,UUSoW6PGON2SNX0OVXECvVtw,10,XrhgIPiz-OE,NUGGETS,UCSoW6PGON2SNX0OVXECvVtw,Y
youtube#video,FUZ-8EML0Sso649qrMk6e1uCPDw,VVVTb1c2UEdPTjJTTlgwT1ZYRUN2VnR3LlRySk1WUWNYaFhN,2026-01-26T15:32:33Z,UCSoW6PGON2SNX0OVXECvVtw,Liquid Dreams - Reach Out [RFM012],"Listen every upload first at: https://www.instagram.com/nuggets_1990/  

Discogs: https://www.discogs.com/release/132470-Liquid-Dreams-Therapy-EP
Artist: Liquid Dreams
Track: Reach Out
EP Title: Therapy EP
Label: Reform Recordings
Catalog #: RFM012
Genre: Tribal House, Tech House
Year: 2003",https://i.ytimg.com/vi/TrJMVQcXhXM/hqdefault.jpg,NUGGETS,UUSoW6PGON2SNX0OVXECvVtw,11,TrJMVQcXhXM,NUGGETS,UCSoW6PGON2SNX0OVXECvVtw,Y
youtube#playlistItem,fV903lXHp4WpEQ1hipdD-hDkfPk,VVVTb1c2UEdPTjJTTlgwT1ZYRUN2VnR3LnZ5Y2pRSnZiZUZn,2026-01-19T18:26:54Z,UCSoW6PGON2SNX0OVXECvVtw,Elio Riso & Rhod Crespo & Raff - 62 Tattooes [Tobe Records 002],"Listen every upload first at: https://www.instagram.com/nuggets_1990/

Discogs: https://www.discogs.com/release/16092695-Elio-Riso-Rhod-Crespo-Raff-I-Cant-Wait

Artist: Elio Riso & Rhod Crespo & Raff
Track: 62 Tattooes
EP Title: I Can't Wait EP
Label: Tobe Records
Catalog #: Tobe Records 002
Genre: House
Year: 2004",https://i.ytimg.com/vi/vycjQJvbeFg/hqdefault.jpg,NUGGETS,UUSoW6PGON2SNX0OVXECvVtw,12,vycjQJvbeFg,NUGGETS,UCSoW6PGON2SNX0OVXECvVtw,Y
youtube#video,NEo4vwuu5-9zLBMiXYXiqV4H774,VVVTb1c2UEdPTjJTTlgwT1ZYRUN2VnR3Lk5iS21SYWdtVUVB,2026-01-19T14:34:27Z,UCSoW6PGON2SNX0OVXECvVtw,Elio Riso & Rhod Crespo & Raff - I Cant Wait [Tobe Records 002],"Listen every upload first at: https://www.instagram.com/nuggets_1990/

Discogs: https://www.discogs.com/release/16092695-Elio-Riso-Rhod-Crespo-Raff-I-Cant-Wait

Artist: Elio Riso & Rhod Crespo & Raff
Track: Legond
EP Title: I Can't Wait EP
Label: Tobe Records
Catalog #: Tobe Records 002
Genre: House
Year: 2004",https://i.ytimg.com/vi/NbKmRagmUEA/hqdefault.jpg,NUGGETS,UUSoW6PGON2SNX0OVXECvVtw,13,NbKmRagmUEA,NUGGETS,UCSoW6PGON2SNX0OVXECvVtw,Y
youtube#playlistItem,i7HO2qQIU17-irk16_7QggdZPq0,VVVTb1c2UEdPTjJTTlgwT1ZYRUN2VnR3LlRRWXg2RG12WDYw,2026-01-16T15:58:27Z,UCSoW6PGON2SNX0OVXECvVtw,Elio Riso & Rhod Crespo & Raff - Legond [Tobe Records 002],"Listen every upload first at: https://www.instagram.com/nuggets_1990/

Discogs: https://www.discogs.com/release/16092695-Elio-Riso-Rhod-Crespo-Raff-I-Cant-Wait

Artist: Elio Riso & Rhod Crespo & Raff
Track: Legond
EP Title: I Can't Wait EP
Label: Tobe Records
Catalog #: Tobe Records 002
Genre: House
Year: 2004",https://i.ytimg.com/vi/TQYx6DmvX60/hqdefault.jpg,NUGGETS,UUSoW6PGON2SNX0OVXECvVtw,14,TQYx6DmvX60,NUGGETS,UCSoW6PGON2SNX0OVXECvVtw,Y
youtube#video,tCDQa3iMIyLU1K-oX4hrSCiSmvk,VVVTb1c2UEdPTjJTTlgwT1ZYRUN2VnR3LlFpUEptRzhNS1h3,2026-01-13T17:55:00Z,UCSoW6PGON2SNX0OVXECvVtw,Mateo Murphy – Latin Lover [CSG007],"A lot has changed since this upload and the previous one just a few days ago. I became a proud father (again) to our boy Mexx. So apologies in advance if the upload pace slows down over the coming weeks. As a new digger has entered the game, Mexx surprised us a little by arriving earlier than expected, which meant I didn’t had a new upload lined up.

In the end, sharing music is what matters most, whether it’s a blind upload or just something special. And a special record it is, not often I would rate a record 5 stars but this is definitely one of them. One of my favorite purchases of the past year, and luckily I managed to grab it when it was still reasonably affordable, just before the prices spiked...

Discogs: https://www.discogs.com/release/160434-Mateo-Murphy-Costa-Del-Sol-EP

Artist: Mateo Murphy
Track: Latin Lover
EP Title: Costa Del Sol EP
Label: Consigned Recordings
Catalog #: CSG007
Genre: Techno, Tech House
Year: 2003",https://i.ytimg.com/vi/QiPJmG8MKXw/hqdefault.jpg,NUGGETS,UUSoW6PGON2SNX0OVXECvVtw,15,QiPJmG8MKXw,NUGGETS,UCSoW6PGON2SNX0OVXECvVtw,Y
youtube#playlistItem,jwPj5l4HJOI4K7oHU-A_pSJW5xA,VVVTb1c2UEdPTjJTTlgwT1ZYRUN2VnR3LnBKRGYxZVVZLVNr,2026-01-08T16:01:44Z,UCSoW6PGON2SNX0OVXECvVtw,Mehl - Sedate [GO 002],"Listen every upload first at: https://www.instagram.com/nuggets_1990/

Discogs: https://www.discogs.com/release/227205-Mehl-Wisdom-Feet

Artist: Mehl
Track: Sedate
EP Title: Wisdom Feet
Label: Gonso
Catalog #: GO 002
Genre: Progressive House
Year: 2003",https://i.ytimg.com/vi/pJDf1eUY-Sk/hqdefault.jpg,NUGGETS,UUSoW6PGON2SNX0OVXECvVtw,16,pJDf1eUY-Sk,NUGGETS,UCSoW6PGON2SNX0OVXECvVtw,Y
youtube#video,elG6TPLWSVAqK6WpLxGCfsURftQ,VVVTb1c2UEdPTjJTTlgwT1ZYRUN2VnR3LmhYSEpqdGZmeXlr,2026-01-06T13:01:30Z,UCSoW6PGON2SNX0OVXECvVtw,Ambergriz – The Magic Of Light [NR 703015],"Listen every upload first at: https://www.instagram.com/nuggets_1990/

Peter Vriends appeared on a famous Dutch imprint Natural Records back in the ’90s. If his name doesn’t ring a bell, maybe his Quadripart alias does, or even better, the classic Chestnut – The Moods EP, which he was part of

Discogs: https://www.discogs.com/release/71358-Ambergriz-The-Magic-Of-Light

Artist: Ambergriz
Track: The Magic Of Light
EP Title: The Magic Of Light
Label: Natural Records
Catalog #: NR 703015
Genre: House, Techno, Trance
Year: 1996",https://i.ytimg.com/vi/hXHJjtffyyk/hqdefault.jpg,NUGGETS,UUSoW6PGON2SNX0OVXECvVtw,17,hXHJjtffyyk,NUGGETS,UCSoW6PGON2SNX0OVXECvVtw,Y
youtube#playlistItem,uG32JNHshlZVt5MCnZLqcAwkvp4,VVVTb1c2UEdPTjJTTlgwT1ZYRUN2VnR3LlI4REN6VzBZVm1R,2025-12-30T18:59:14Z,UCSoW6PGON2SNX0OVXECvVtw,Ben Washington (feat. Petra) – Clarifine (Deep Mix) [Fasep001],"Listen every upload first at: https://www.instagram.com/nuggets_1990/

Discogs: https://www.discogs.com/release/10253136-Various-Speaker-Stew-1-Fastland-Collection

Artist: Ben Washington
Track: Clarifine (Deep Mix)
EP Title: Speaker Stew #1 Fastland Collection
Label: Fastland Records
Catalog #: Fasep001
Genre: Deep House
Year: ????",https://i.ytimg.com/vi/R8DCzW0YVmQ/hqdefault.jpg,NUGGETS,UUSoW6PGON2SNX0OVXECvVtw,18,R8DCzW0YVmQ,NUGGETS,UCSoW6PGON2SNX0OVXECvVtw,Y
youtube#video,OtOweu3xbvO5AGSby4zXTQ4pD4I,VVVTb1c2UEdPTjJTTlgwT1ZYRUN2VnR3Llc4V21yamVBN3Br,2025-12-25T13:03:22Z,UCSoW6PGON2SNX0OVXECvVtw,Life Force - Karma [JG002],"Not a blind upload this time, but one of my favorite pieces of wax I own. A record that, in my opinion, still flies way too far under the radar. Both sides take you deep into dreamy soundscapes, and I keep coming back to it time and time again. Especially when I’m feeling a bit down or stressed out, this one lifts me right back up!

So, in the spirit of Christmas, I wanted to share it with you all and once again show my gratitude for the support over the past few years :)

Like every year around Christmas, one upload free to download on my SoundCloud page!

https://soundcloud.com/nuggets1990

Happy Holidays!

Discogs: https://www.discogs.com/release/10932410-Life-Force-Awakening-Karma

Artist: Life Force
Track: Karma
EP Title: Awakening / Karma
Label: Juice Groove Records
Catalog #: JG002
Genre: Progressive House
Year: 1994",https://i.ytimg.com/vi/W8WmrjeA7pk/hqdefault.jpg,NUGGETS,UUSoW6PGON2SNX0OVXECvVtw,19,W8WmrjeA7pk,NUGGETS,UCSoW6PGON2SNX0OVXECvVtw,Y
youtube#playlistItem,vTFkSVWP6szKoOaAVQrWbWOSY7w,VVVTb1c2UEdPTjJTTlgwT1ZYRUN2VnR3LjNKUFdSTDQwN1dz,2025-12-22T19:42:33Z,UCSoW6PGON2SNX0OVXECvVtw,Zach Infinity - Ditch The B*tch [none],"https://soundcloud.com/clinical-records-nl/nuggets-clinical-mix-25

Why not!? It’s almost Christmas, so let’s pull out a special one

After getting a couple of ID requests from my latest mix for Clinical Records, it feels only right to finally let this one see the light of day. While the dub mix felt like the more fitting choice for the mix, it’s actually the vocal version that’s the real gem, imo.

Crazy hot stuff straight from the early ’90s!  

If you’re feeling it, give the mix a proper spin, hit a like, drop a comment and contact me afterwards. Who knows… maybe Christmas comes early this year ;)  

Discogs: https://www.discogs.com/release/736984-Zac-Infinity-Ditch-The-Bitch
Artist: Zach Infinity
Track: Ditch The B*tch
EP Title: Ditch The B*tch
Label: Drone Records 
Catalog #: none
Genre: House, Acid
Year: 1993",https://i.ytimg.com/vi/3JPWRL407Ws/hqdefault.jpg,NUGGETS,UUSoW6PGON2SNX0OVXECvVtw,20,3JPWRL407Ws,NUGGETS,UCSoW6PGON2SNX0OVXECvVtw,Y
youtube#video,3i9EubZycIC7-ECnvztSpRJRTj4,VVVTb1c2UEdPTjJTTlgwT1ZYRUN2VnR3Lm0zLVZySlNiS2xr,2025-12-15T18:38:50Z,UCSoW6PGON2SNX0OVXECvVtw,Lurkin - Rotation [MR 11],"Listen every upload first at: https://www.instagram.com/nuggets_1990/

A fun Dutch imprint featuring two heavyweight Dutch names from the ’90s: Mark den Hartog and André Vellekoop. Both artists operated under a ridiculous pile of aliases, including better-known monikers like Backbone Grooves and Musique de Marque.

If you’re not deeply familiar with their catalog, this is a serious rabbit hole worth diving into and full of (hidden) gems. MR10 still hasn’t been categorised on Discogs, curious to see when finally added that last missing piece

Discogs: https://www.discogs.com/release/992803-Lurkin-FBMF

Artist: Lurkin
Track: Rotation
EP Title: F.B.M.....F
Label: Main Room Records
Catalog #: MR 11
Genre: Progressive House
Year: ????",https://i.ytimg.com/vi/m3-VrJSbKlk/hqdefault.jpg,NUGGETS,UUSoW6PGON2SNX0OVXECvVtw,21,m3-VrJSbKlk,NUGGETS,UCSoW6PGON2SNX0OVXECvVtw,Y
youtube#playlistItem,KAkfe-QfqAe9f07-xh_LTJ2yfeI,VVVTb1c2UEdPTjJTTlgwT1ZYRUN2VnR3Ll9MX0dFcUZ5S3FV,2025-12-11T19:03:32Z,UCSoW6PGON2SNX0OVXECvVtw,Wild Kids - Mind Emotions (Wild Kids Dub) [RXVR001],"Listen every upload first at: https://www.instagram.com/nuggets_1990/

A cover like this is impossible to ignore, it jumps off the sleeve and you need to give it a spin. Surprisingly sexy groove wrapped in a funky little twist, of course it’s the dub mix that does the real damage! Originally released on the short-lived label Rated-X, could there be a more fitting name? This one is wild and hot!

Discogs: https://www.discogs.com/release/25968508-Wild-Kids-Mind-Emotions

Artist: Wild Kids
Track: Mind Emotions (Wild Kids Dub) 
EP Title: WAVE 001
Label: Rated-X
Catalog #: RXVR001
Genre: House
Year: ????",https://i.ytimg.com/vi/_L_GEqFyKqU/hqdefault.jpg,NUGGETS,UUSoW6PGON2SNX0OVXECvVtw,22,_L_GEqFyKqU,NUGGETS,UCSoW6PGON2SNX0OVXECvVtw,Y
youtube#video,mqo15yBLe1FzzT7COkk9mDDh8Fg,VVVTb1c2UEdPTjJTTlgwT1ZYRUN2VnR3LkhUbTd6aVBnQzZZ,2025-12-01T19:12:02Z,UCSoW6PGON2SNX0OVXECvVtw,Unknown Artist – WAVE (B1) [WAVE 001],"Listen every upload first at: https://www.instagram.com/nuggets_1990/

A sneaky little white-label rarity with barely any info to trace. The A-side delivers two silky-smooth house joints while the B-side fires off three more progressive and trance-soaked vibes. Stack full of bangers!

Discogs: https://www.discogs.com/release/14083926-Unknown-Artist-WAVE-001

Artist: Unknown Artist
Track: WAVE 
EP Title: WAVE 001
Label: Wave Productions Limited
Catalog #: WAVE 001
Genre: Progressive House, Trance
Year: ????",https://i.ytimg.com/vi/HTm7ziPgC6Y/hqdefault.jpg,NUGGETS,UUSoW6PGON2SNX0OVXECvVtw,23,HTm7ziPgC6Y,NUGGETS,UCSoW6PGON2SNX0OVXECvVtw,Y
youtube#playlistItem,p4ej1ibDyeHaCcsUk3R5ANgQQBM,VVVTb1c2UEdPTjJTTlgwT1ZYRUN2VnR3LnhWdmZwNklRdjQw,2025-11-27T18:37:57Z,UCSoW6PGON2SNX0OVXECvVtw,DJ Sameer - Love Mix [FBR001],"Listen every upload first at: https://www.instagram.com/nuggets_1990/

A serious deep cut from Mr. Sameer. I can easily imagine this one blasting overseas in a warm, sweaty basement setting. Be sure to check out Future Beware Records, there are still a few mysteries waiting to be uncovered

Discogs: https://www.discogs.com/release/773866-DJ-Sameer-Party-Hard

Artist: DJ Sameer
Track: Love Mix
EP Title: Party Hard
Label: Future Beware Records
Catalog #: FBR001
Genre: Deep House
Year: ????",https://i.ytimg.com/vi/xVvfp6IQv40/hqdefault.jpg,NUGGETS,UUSoW6PGON2SNX0OVXECvVtw,24,xVvfp6IQv40,NUGGETS,UCSoW6PGON2SNX0OVXECvVtw,Y
youtube#video,210FeuiWrNUP4bOUg180QPEyx_Q,VVVTb1c2UEdPTjJTTlgwT1ZYRUN2VnR3LjZTaWM2cWFyZEZJ,2025-11-11T19:25:12Z,UCSoW6PGON2SNX0OVXECvVtw,3 To The Power - Starlight Express [IMX011],"Listen every upload first at: https://www.instagram.com/nuggets_1990/

Halloween may have been over for two weeks, but this track still perfectly captures the spooky vibe of any Halloween party. Released on a label that needs no introduction. A label known for some iconic releases that are anything but friendly to your wallet.  

I’ve been holding on to this record for a while, but lately people have been hitting me up on Discogs asking for samples… Guess it’s finally time to share

Discogs: https://www.discogs.com/release/59139-3-To-The-Power-Starlight-Express

Artist: 3 To The Power
Track: Starlight Express 
EP Title: Starlight Express 
Label: IMIX
Catalog #: IMX011
Genre: Progressive House, Tech House
Year: 2002",https://i.ytimg.com/vi/6Sic6qardFI/hqdefault.jpg,NUGGETS,UUSoW6PGON2SNX0OVXECvVtw,25,6Sic6qardFI,NUGGETS,UCSoW6PGON2SNX0OVXECvVtw,Y
youtube#playlistItem,p7o-gpTkOFVagJGlPichsfrHk18,VVVTb1c2UEdPTjJTTlgwT1ZYRUN2VnR3LjNUM01Sa1FHTk5B,2025-10-15T17:04:29Z,UCSoW6PGON2SNX0OVXECvVtw,Osheen - Emotion Dance [BR-003],"Listen every upload first at: https://www.instagram.com/nuggets_1990/

A few months ago, I shared a track by Osheen from the Meltdown E.P., but that was just scratching the surface. Over the years, I’ve been lucky enough to collect most of his work,  and in my opinion, Meltdown 2000 e.p. stands out as his best release. It still carries that signature Osheen sound; deep, drippy, drugged-out vibes only to be used for rare, unique moments on the dancefloor 

Discogs: https://www.discogs.com/release/1283201-DJ-Osheen-Meltdown-2000

Artist: Osheen 
Track: Emotion Dance 
EP Title: Meltdown 2000 
Label: Blinded
Catalog #: BR-003
Genre: House, Deep House
Year: 1999",https://i.ytimg.com/vi/3T3MRkQGNNA/hqdefault.jpg,NUGGETS,UUSoW6PGON2SNX0OVXECvVtw,26,3T3MRkQGNNA,NUGGETS,UCSoW6PGON2SNX0OVXECvVtw,Y
youtube#video,osUYHcJkgKzVHlA7KybeTZLbKTQ,VVVTb1c2UEdPTjJTTlgwT1ZYRUN2VnR3LjFVOXI0X1h2U3Mw,2025-10-13T18:16:55Z,UCSoW6PGON2SNX0OVXECvVtw,Liquid Light - Springtime [SGR 025],"Listen every upload first at: https://www.instagram.com/nuggets_1990/

The Red Vision EP by Liquid Light is one of my favorite records I’ve discovered in recent years. Strangely enough, I never really dug deeper into his catalog until recently. To my surprise, his very first EP is still blind (edit: uploaded 3 days ago)! Released on Sound Good Records and listed as progressive trance, which instantly sparked my curiosity. Mainly because Red Vision has such a completely different vibe. Seems like Sotiris couldn't miss back in the day

Discogs: https://www.discogs.com/release/80055-Liquid-Light-Freedive

Artist: Liquid Light
Track: Springtime
EP Title: Freedive
Label: Sounds Good Records
Catalog #: SGR 025
Genre: Progressive Trance
Year: 2001",https://i.ytimg.com/vi/1U9r4_XvSs0/hqdefault.jpg,NUGGETS,UUSoW6PGON2SNX0OVXECvVtw,27,1U9r4_XvSs0,NUGGETS,UCSoW6PGON2SNX0OVXECvVtw,Y
youtube#playlistItem,IdQMUvA7AWQYVRHzC8wt0XYHKhA,VVVTb1c2UEdPTjJTTlgwT1ZYRUN2VnR3Llh1OUpXbGQxcjR3,2025-09-29T17:54:32Z,UCSoW6PGON2SNX0OVXECvVtw,P.V.Z. - Check Me Out (Part 2) [PVZ 1],"Listen every upload first at: https://www.instagram.com/nuggets_1990/

A few days ago I pulled this record off the shelf again (well… my daughter actually did) and gave it a spin after a long time. I usually go straight for the A1 track, the more clubby one I uploaded a while back, and always thought that was the standout. But this time we ended up playing part 2, the deeper and moodier cut. Maybe it’s just my headspace right now, but I kinda love this one even more at the moment!  

Discogs: https://www.discogs.com/release/8256401-PVZ-Mitsabushi-EP

Artist: P.V.Z. 
Track: Check Me Out (Part 2)
EP Title: Mitsabushi E.P.
Label: Nice 'N' Ripe
Catalog #: PVZ 1
Genre: House
Year: 1999",https://i.ytimg.com/vi/Xu9JWld1r4w/hqdefault.jpg,NUGGETS,UUSoW6PGON2SNX0OVXECvVtw,28,Xu9JWld1r4w,NUGGETS,UCSoW6PGON2SNX0OVXECvVtw,Y
youtube#video,C0AmgQSRI9Rreol5jt18RFFZFd0,VVVTb1c2UEdPTjJTTlgwT1ZYRUN2VnR3Lmtfc2VWb0lVOVpZ,2025-09-23T17:20:20Z,UCSoW6PGON2SNX0OVXECvVtw,Klaus 'Heavyweight' Hill - Feeling Blue (The Low Slung Mix) [ch01],"Listen every upload first at: https://www.instagram.com/nuggets_1990/

A heavyweight weapon from Klaus Hill, who produced some serious dance floor bombs in the early 00’s. Dropped on his own Conehead imprint, this track packs the same high-voltage, breaky energy and unmistakable sound that runs through all three of the label’s outings. Pure fire for those who crave bass and uncompromising vibes.

Discogs: https://www.discogs.com/release/253597-Klaus-Heavyweight-Hill-Feeling-Blue

Artist: Klaus 'Heavyweight' Hill
Track: Feeling Blue (The Low Slung Mix)
EP Title: Feeling Blue
Label: Conehead Records
Catalog #: ch01
Genre: Breakbeat, Tech House
Year: 2003",https://i.ytimg.com/vi/k_seVoIU9ZY/hqdefault.jpg,NUGGETS,UUSoW6PGON2SNX0OVXECvVtw,29,k_seVoIU9ZY,NUGGETS,UCSoW6PGON2SNX0OVXECvVtw,Y
youtube#playlistItem,33E1x_GxisWREpBcgrmre0bg_W8,VVVTb1c2UEdPTjJTTlgwT1ZYRUN2VnR3LkNqam9MWG9waVJR,2025-09-17T18:30:37Z,UCSoW6PGON2SNX0OVXECvVtw,Sven B. & Dave Boon - Salinas [COS-002],"Listen every upload first at: https://www.instagram.com/nuggets_1990/

It’s weird to classify this as House, as someone also mentioned on Discogs. Not too long ago I uploaded another release from Color of Sound, which was received quite well, but there’s still so much more to explore! Track B2 will be featured in my upcoming podcast, so I figured: why not upload one of the other gems as well? This is definitely a deep dive, crafted by Sven B and Dave Boon. They only released this one record together and further research beholds any more info about them which is surprising to me because the record is special!

Discogs: https://www.discogs.com/release/267673-Sven-B-Dave-Boon-Deep-Dive

Artist: Sven B. & Dave Boon
Track: Salinas
EP Title: Deep Dive
Label: Color Of Sound Records
Catalog #: COS-002
Genre: Progressive Trance
Year: 2003",https://i.ytimg.com/vi/CjjoLXopiRQ/hqdefault.jpg,NUGGETS,UUSoW6PGON2SNX0OVXECvVtw,30,CjjoLXopiRQ,NUGGETS,UCSoW6PGON2SNX0OVXECvVtw,Y
youtube#video,7yeTSeWVnONhLA7W3xNPkB4Xcio,VVVTb1c2UEdPTjJTTlgwT1ZYRUN2VnR3LmlPTVBtWlM5TWZn,2025-09-16T14:23:35Z,UCSoW6PGON2SNX0OVXECvVtw,BCY - Horizone [SAUNA 002],"Listen every upload first at: https://www.instagram.com/nuggets_1990/

Béla Gábor, known as BCY, together with Dávid Nagy, stand behind most of the releases on Sauna Records. The duo crafted some raw, gritty shades of progressive, capturing the essence of a sound that would have felt right at home in any Sasha set of the early 2000s

Discogs: https://www.discogs.com/release/207678-BCY-Budapest-By-Night-EP

Artist: BCY
Track: Horizone
EP Title: Budapest By Night E.P.
Label: Sauna Recordings
Catalog #: SAUNA 002
Genre: Progressive House, Progressive Trance
Year: 2002",https://i.ytimg.com/vi/iOMPmZS9Mfg/hqdefault.jpg,NUGGETS,UUSoW6PGON2SNX0OVXECvVtw,31,iOMPmZS9Mfg,NUGGETS,UCSoW6PGON2SNX0OVXECvVtw,Y
youtube#playlistItem,sF2FPkilPvKeBFosDzUDopHMMJM,VVVTb1c2UEdPTjJTTlgwT1ZYRUN2VnR3LkV2aG83Nm1ldjRZ,2025-09-09T17:24:31Z,UCSoW6PGON2SNX0OVXECvVtw,Jorge Pruess Santos - Energy [DBRMX 010],"Listen every upload first at: https://www.instagram.com/nuggets_1990/

Next one up from the Deep Bass catalog!
Jorge is not only a driving force on his own, but also a member of The Doctors, who were behind the label’s most well-known release. That record remains a sought-after piece for collectors and highlights the lasting impact of the label. With this addition, Jorge continued to build on that legacy while bringing his own distinct touch.

Discogs: https://www.discogs.com/release/7478767-Jorge-Pruess-Santos-Pruess

Artist: Jorge Pruess Santos 
Track: Energy
EP Title: Pruess
Label: Deep Bass Records
Catalog #: DBRMX 010
Genre: Progressive House, Deep House
Year: ????

Just here to share our passion for good music. Any copyright issues? Please contact",https://i.ytimg.com/vi/Evho76mev4Y/hqdefault.jpg,NUGGETS,UUSoW6PGON2SNX0OVXECvVtw,32,Evho76mev4Y,NUGGETS,UCSoW6PGON2SNX0OVXECvVtw,Y
youtube#video,9JgMOg7Dd0FL3I_Xk2OoVR8wP_8,VVVTb1c2UEdPTjJTTlgwT1ZYRUN2VnR3Lm9EVzc0VmNONHZv,2025-08-25T18:10:04Z,UCSoW6PGON2SNX0OVXECvVtw,Unit-One - Time Is Floating [UO 001],"Listen every upload first at: https://www.instagram.com/nuggets_1990/

A white-label release on Xplosion Records, pure deep late night drive energy. I can almost picture it echoing across a festival field. Just you and your buddy's on a quest, carried forward as the enchanting vocal guids you throught the night... time is floating!

Discogs: https://www.discogs.com/release/9944832-Unit-One-Time-Is-Floating

Artist: Unit-One  
Track: Time is Floating (Unknown Mix)
EP Title: Time is Floating
Label: Xplosion Records
Catalog #: UO 001
Genre: Progressive House, Deep House
Year: ????

Just here to share our passion for good music. Any copyright issues? Please contact",https://i.ytimg.com/vi/oDW74VcN4vo/hqdefault.jpg,NUGGETS,UUSoW6PGON2SNX0OVXECvVtw,33,oDW74VcN4vo,NUGGETS,UCSoW6PGON2SNX0OVXECvVtw,Y
youtube#playlistItem,NjTbtO_wm5H6Q5fQpDgQTwZFFhY,VVVTb1c2UEdPTjJTTlgwT1ZYRUN2VnR3LkotakpicXQwSnQ0,2025-08-11T17:33:15Z,UCSoW6PGON2SNX0OVXECvVtw,Clover Club – Dudu Brown (Q-Burns Abstract Message Remix) [GHM301],"Listen every upload first at: https://www.instagram.com/nuggets_1990/

Perfect track for a sunny sunday afternoon. Q-Burns Abstract Message with a lovely jazzy cut on Geisha House Music

Discogs: https://www.discogs.com/release/489387-Clover-Club-Dudu-Brown-EP

Artist: Clover Club
Track: Dudu Brown (Q-Burns Abstract Message Remix)
EP Title: Dudu Brown EP
Label: Geisha House Music
Catalog #: GHM301
Genre: House, Deep House
Year: 2003

Just here to share our passion for good music. Any copyright issues? Please contact",https://i.ytimg.com/vi/J-jJbqt0Jt4/hqdefault.jpg,NUGGETS,UUSoW6PGON2SNX0OVXECvVtw,34,J-jJbqt0Jt4,NUGGETS,UCSoW6PGON2SNX0OVXECvVtw,Y
youtube#video,UgzvAwV5Yf1j9H4W-BpX580evsc,VVVTb1c2UEdPTjJTTlgwT1ZYRUN2VnR3Lkx5QmhodVAyZ3Vn,2025-08-05T18:18:47Z,UCSoW6PGON2SNX0OVXECvVtw,PREMIERE: Asphalt DJ - CD Four [ODDY002],"Homeboys from Oddysee are back with their second release!

'With an eye on the ongoing terror inflicted upon the Palestinian people, we (artist & label) decided to donate all proceeds from this release to Save The Children - Gaza and West Bank Emergency'

www.savethechildren.org/us/where-we-w…est-bank-gaza.

Free Palestine.

Asphalt DJ returns to Oddysee with another intoxicating 4-track formula, titled “Double O”. Operating on a solo tip this time around, the Berlin-based producer further expands his sonic palette and offers a versatile collection of steamy club workouts geared towards various stages of dancefloor functionality. The record seamlessly touches on seductive after-hours bounce, slices of late nite propulsion and flawless rhythmic explorations, while keeping firm footing in the 90 and 00’s sound spectrum.

Artist: Asphalt DJ 
Track: CD Four
EP Title: Double O
Label: Oddysee
Catalog #: ODDY002
Genre: Progressive House, Progressive Trance
Year: 2025

Just here to share our passion for good music. Any copyright issues? Please contact",https://i.ytimg.com/vi/LyBhhuP2gug/hqdefault.jpg,NUGGETS,UUSoW6PGON2SNX0OVXECvVtw,35,LyBhhuP2gug,NUGGETS,UCSoW6PGON2SNX0OVXECvVtw,Y
youtube#playlistItem,xEJyZg66tlpM8dOy4nbj1i0GKhM,VVVTb1c2UEdPTjJTTlgwT1ZYRUN2VnR3LjJuV042alBZZDJR,2025-07-28T17:52:04Z,UCSoW6PGON2SNX0OVXECvVtw,Felix Houzer - Siddharta [PPE004],"Listen every upload first at: https://www.instagram.com/nuggets_1990/

It's time to unveil the final Platform Planet Earth release by Mr. Felix himself. One half of the Project Blues Brothers

Discogs: https: https://www.discogs.com/release/1021298-Felix-Houzer-Presents-Nord-Rock-EP

Artist: Felix Houzer
Track: Siddharta
EP Title: Present Nord Rock EP
Label: Platform Planet Earth
Catalog #: PPE004
Genre: Progressive House, Tech House
Year: 2005

Just here to share our passion for good music. Any copyright issues? Please contact",https://i.ytimg.com/vi/2nWN6jPYd2Q/hqdefault.jpg,NUGGETS,UUSoW6PGON2SNX0OVXECvVtw,36,2nWN6jPYd2Q,NUGGETS,UCSoW6PGON2SNX0OVXECvVtw,Y
youtube#video,Ntmq4IRgCIalOXdihmVv-FSPjnI,VVVTb1c2UEdPTjJTTlgwT1ZYRUN2VnR3LkE0MUhNV3hFa0xn,2025-07-17T17:41:22Z,UCSoW6PGON2SNX0OVXECvVtw,Poker - F*ck Up [MW EP 01],"Listen every upload first at: https://www.instagram.com/nuggets_1990/

I picked up this record a few months ago, but unfortunately, the condition was pretty poor, so it never felt right to share it. A few weeks back, I finally got my hands on a better copy while completing an order on Discogs and just like the first time I heard it, I was completely blown away by the A-side. It’s from the Italian house label Marshmallow. Pure quality!

Discogs: https: https://www.discogs.com/release/1795330-Poker-2-Borgomanero-Special-Sessions-Vol-1

Artist: Poker
Track: Fuck Up
EP Title: Special Sessions Vol. 1
Label: Marshmallow
Catalog #: MW EP 01
Genre: House
Year: 2003

Just here to share our passion for good music. Any copyright issues? Please contact",https://i.ytimg.com/vi/A41HMWxEkLg/hqdefault.jpg,NUGGETS,UUSoW6PGON2SNX0OVXECvVtw,37,A41HMWxEkLg,NUGGETS,UCSoW6PGON2SNX0OVXECvVtw,Y
youtube#playlistItem,96QRSa_jm0qszKRb8qVex2lpOhc,VVVTb1c2UEdPTjJTTlgwT1ZYRUN2VnR3LlpPTFI0dUpmREk0,2025-07-14T18:08:10Z,UCSoW6PGON2SNX0OVXECvVtw,Rhythm St. Productions - Saviour Days [THR-002],"Listen every upload first at: https://www.instagram.com/nuggets_1990/

As described: Saviour Days is a soulful, dub influenced, latenight groove which still maintains a tough element for the deep dancefloor!

Discogs: https: https://www.discogs.com/release/932436-Rhythm-St-Productions-Saviour-Days-Natural-Sound-Source

Artist: Rhythm St. Productions
Track: Saviour Days
EP Title: Saviour Days / Natural Sound Source
Label: Thriving Underground Records
Catalog #: THR-002
Genre: House, Tribal House
Year: 1999

Just here to share our passion for good music. Any copyright issues? Please contact",https://i.ytimg.com/vi/ZOLR4uJfDI4/hqdefault.jpg,NUGGETS,UUSoW6PGON2SNX0OVXECvVtw,38,ZOLR4uJfDI4,NUGGETS,UCSoW6PGON2SNX0OVXECvVtw,Y
youtube#video,VhOYMGwmTVNr4BYVO_kPK3UBGUY,VVVTb1c2UEdPTjJTTlgwT1ZYRUN2VnR3LktFZXFCOEZJUDhR,2025-07-09T08:21:36Z,UCSoW6PGON2SNX0OVXECvVtw,Mr.Dynamic & Gebreel – Arabian Nights (Mr Dynamic Original),"Listen every upload first at: https://www.instagram.com/nuggets_1990/

A electro acid twister hitting on the right spots

Discogs: https: https://www.discogs.com/release/5637405-MrDynamic-Gebreel-Arabian-Nights

Artist: Mr.Dynamic & Gebreel
Track: Arabian Nights (Mr Dynamic Original)
EP Title: Arabian Nights 
Label: MD Productions
Catalog #: MDP17002
Genre: Acid, Electro House
Year: 2005

Just here to share our passion for good music. Any copyright issues? Please contact",https://i.ytimg.com/vi/KEeqB8FIP8Q/hqdefault.jpg,NUGGETS,UUSoW6PGON2SNX0OVXECvVtw,39,KEeqB8FIP8Q,NUGGETS,UCSoW6PGON2SNX0OVXECvVtw,Y
youtube#playlistItem,pdQfSRWKGxcVP9ZDhGtNHgua-50,VVVTb1c2UEdPTjJTTlgwT1ZYRUN2VnR3LklhYkF0RWQySUFF,2025-06-23T17:13:16Z,UCSoW6PGON2SNX0OVXECvVtw,AG Stromstärke – Transmitter [Zeitpuls001],"Listen every upload first at: https://www.instagram.com/nuggets_1990/

AG Stromstärke’s small but intriguing Zeitpuls catalogue consists of just three releases, all still flying under the radar. Rooted in the early 2000s, each record explores the stripped-down aesthetics of minimalist techno and electro. Transmitter EP marked his debut, setting the tone with crisp production and a no-nonsense approach. The sound leans into the experimental and industrial, combining raw textures with precise rhythms to create something both functional and distinctive

Discogs: https: https://www.discogs.com/release/158157-AG-Stromst%C3%A4rke-Transmitter-EP

Artist: AG Stromstärke
Track: Untitled
EP Title: Transmitter EP
Label: Zeitpuls
Catalog #: Zeitpuls001
Genre: Techno
Year: 2000

Just here to share our passion for good music. Any copyright issues? Please contact",https://i.ytimg.com/vi/IabAtEd2IAE/hqdefault.jpg,NUGGETS,UUSoW6PGON2SNX0OVXECvVtw,40,IabAtEd2IAE,NUGGETS,UCSoW6PGON2SNX0OVXECvVtw,Y
youtube#video,0rOGBuPzzFGKnD1C5mhVcLP-UtM,VVVTb1c2UEdPTjJTTlgwT1ZYRUN2VnR3LnFUcUJKOFduX2JZ,2025-06-16T17:12:51Z,UCSoW6PGON2SNX0OVXECvVtw,Floor Effect - Lost [DFR 12010],"Listen every upload first at: https://www.instagram.com/nuggets_1990/

Discogs: https: https://www.discogs.com/release/780409-Floor-Effect-Zoowaapha

Artist: Floor Effect
Track: Lost
EP Title: Zoowaapha
Label: D*Fusion Records
Catalog #: DFR 12010
Genre: Trance
Year: 1996

Just here to share our passion for good music. Any copyright issues? Please contact",https://i.ytimg.com/vi/qTqBJ8Wn_bY/hqdefault.jpg,NUGGETS,UUSoW6PGON2SNX0OVXECvVtw,41,qTqBJ8Wn_bY,NUGGETS,UCSoW6PGON2SNX0OVXECvVtw,Y
youtube#playlistItem,O6k8dC4pMV45ne5-7N21I6cCFeg,VVVTb1c2UEdPTjJTTlgwT1ZYRUN2VnR3Lm1LZ2xXaXVsSkdj,2025-06-14T10:30:12Z,UCSoW6PGON2SNX0OVXECvVtw,Two From Street - Come On In My Way (Under Version) [SILOS 07],"Listen every upload first at: https://www.instagram.com/nuggets_1990/

Discogs: https: https://www.discogs.com/release/2673370-Two-From-Street-Come-On-In-My-Way

Artist: Two From Street
Track: Come On In My Way (Virgin - Lucky Version)
EP Title: Come On In My Way
Label: Silos Records
Catalog #: SILOS 07
Genre: Italodance, Progressive House
Year: 1996

Just here to share our passion for good music. Any copyright issues? Please contact",https://i.ytimg.com/vi/mKglWiulJGc/hqdefault.jpg,NUGGETS,UUSoW6PGON2SNX0OVXECvVtw,42,mKglWiulJGc,NUGGETS,UCSoW6PGON2SNX0OVXECvVtw,Y
youtube#video,rNg9gbxsqokJIzUb5mvD5-GOm4c,VVVTb1c2UEdPTjJTTlgwT1ZYRUN2VnR3Lm95MFEtemFxTFdz,2025-06-04T18:19:29Z,UCSoW6PGON2SNX0OVXECvVtw,Two From Street - Come On In My Way (Virgin - Lucky Version) [SILOS 07],"Listen every upload first at: https://www.instagram.com/nuggets_1990/

Italodance? That's up to you to decide... but one thing is clear: this drippy groover hits hard and gets any dancefloor moving

Discogs: https://www.discogs.com/release/2673370-Two-From-Street-Come-On-In-My-Way

Artist: Two From Street
Track: Come On In My Way (Virgin - Lucky Version)
EP Title: Come On In My Way
Label: Silos Records
Catalog #: SILOS 07
Genre: Italodance, Progressive House
Year: 1996

Just here to share our passion for good music. Any copyright issues? Please contact",https://i.ytimg.com/vi/oy0Q-zaqLWs/hqdefault.jpg,NUGGETS,UUSoW6PGON2SNX0OVXECvVtw,43,oy0Q-zaqLWs,NUGGETS,UCSoW6PGON2SNX0OVXECvVtw,Y
youtube#playlistItem,Yxiqd4VRBxeqUl8yFBWKBpEW84c,VVVTb1c2UEdPTjJTTlgwT1ZYRUN2VnR3Lk1yX3k5bmlBNUlR,2025-05-26T16:51:29Z,UCSoW6PGON2SNX0OVXECvVtw,Soul Syndrome – Fameballs (Pt.2) [SD05],"Listen every upload first at: https://www.instagram.com/nuggets_1990/

Discogs: https://www.discogs.com/release/3089965-Soul-Syndrome-Fameballs

Artist: Soul Syndrome
Track: Fameballs (Pt.2)
EP Title: Fameballs
Label: Stor Disco
Catalog #: SD05
Genre: Tribal House
Year: 2002

Just here to share our passion for good music. Any copyright issues? Please contact",https://i.ytimg.com/vi/Mr_y9niA5IQ/hqdefault.jpg,NUGGETS,UUSoW6PGON2SNX0OVXECvVtw,44,Mr_y9niA5IQ,NUGGETS,UCSoW6PGON2SNX0OVXECvVtw,Y
youtube#video,ZFrbsHtD82WRuiaEXlWZo3OLmIw,VVVTb1c2UEdPTjJTTlgwT1ZYRUN2VnR3LlpRcFpUNjNkRFA4,2025-05-20T14:23:54Z,UCSoW6PGON2SNX0OVXECvVtw,Electric Sine – Flatliner [COS-006],"check out my bio or soundcloud, there just might be a little birthday surprise: https://soundcloud.com/nuggets1990/electric-sine-flatliner

As it's my birthday, I figured it’s the perfect moment to drop this big, progressive electro chugger! 🚀

Released on the enigmatic Color of Sound label, a label that still holds a few mysteries, the title track “Flatliner” could just as easily be called “Kickstarter”, because it’s guaranteed to raise your heart rate and ignite the dancefloor. Pulsating basslines and relentless energy make this one a no-brainer for any peaktime moment

Discogs: https://www.discogs.com/release/480264-Electric-Sine-Flatliner

Artist: Electric Sine
Track: Flatliner
EP Title: Flatliner
Label: Color Of Sound Records
Catalog #: COS-006
Genre: Progressive House, Electro
Year: 2004

Just here to share passion for good music. Any copyright issues? Please contact",https://i.ytimg.com/vi/ZQpZT63dDP8/hqdefault.jpg,NUGGETS,UUSoW6PGON2SNX0OVXECvVtw,45,ZQpZT63dDP8,NUGGETS,UCSoW6PGON2SNX0OVXECvVtw,Y
youtube#playlistItem,WbKqEta5RpEqiyYhF9RH9VuveZ8,VVVTb1c2UEdPTjJTTlgwT1ZYRUN2VnR3LmN4eG5yckQyMEZv,2025-05-12T18:14:03Z,UCSoW6PGON2SNX0OVXECvVtw,P&L Production -Frequency [DPE 012],"Listen every upload first at: https://www.instagram.com/nuggets_1990/

A simple yet powerful tune that leans toward the progressive side of the spectrum. Driven by a deep, driving bassline, the track takes an unexpected turn halfway through, breaking down completely while the sound of a helicopter slowly creeps in, building suspense right up to the drop. The result? An undeniably effective dancefloor weapon

Released on the Italian label Dee-P-erfect Records, a name worth exploring if you're into that early 2000s sound. Their latest catalogue number has just been unearthed and added to Discogs

Artist: P&L Production
Track: Frequency
EP Title: Frequency EP
Label: Dee-P-erfect
Catalog #: DPE 012
Genre: Progressive House
Year: 2002

Just here to share our passion for good music. Any copyright issues? Please contact",https://i.ytimg.com/vi/cxxnrrD20Fo/hqdefault.jpg,NUGGETS,UUSoW6PGON2SNX0OVXECvVtw,46,cxxnrrD20Fo,NUGGETS,UCSoW6PGON2SNX0OVXECvVtw,Y
youtube#video,tCtPq6X7FW3-KdDwZIHQ6ivgYWk,VVVTb1c2UEdPTjJTTlgwT1ZYRUN2VnR3LmVQTUdPbEV0OHpR,2025-05-05T17:05:56Z,UCSoW6PGON2SNX0OVXECvVtw,Presslaboys - Duality (Taste My Body Dub) [PS 006/2],"Listen every upload first at: https://www.instagram.com/nuggets_1990/

Deep progressive sounds from Presslab Records, featuring three remixes, each crafted for a different moment on the dancefloor. The Dub mix brings the heaviest punch!

Discogs: https://www.discogs.com/release/681458-Various-Taste-My-Body-Rmxs

Artist: Presslaboys
Track: Duality (Taste My Body Dub)
EP Title: Taste My Body Rmxs
Label: Presslab Records
Catalog #: PS 006/2
Genre: Progressive House
Year: 2002

Just here to share our passion for good music. Any copyright issues? Please contact",https://i.ytimg.com/vi/ePMGOlEt8zQ/hqdefault.jpg,NUGGETS,UUSoW6PGON2SNX0OVXECvVtw,47,ePMGOlEt8zQ,NUGGETS,UCSoW6PGON2SNX0OVXECvVtw,Y
youtube#playlistItem,YiFcbLN4_fzA-0c09zf_RWbRI5U,VVVTb1c2UEdPTjJTTlgwT1ZYRUN2VnR3LjZvcXh0NVlSN1Rz,2025-04-29T16:15:53Z,UCSoW6PGON2SNX0OVXECvVtw,Osheen - My Motel [B-001],"Listen every upload first at: https://www.instagram.com/p/DI9rsMHst5E/

Drugged-out deep belter on Blinded Records, delivered by Mr. Osheen. A raw, smoldering track, perfect for the late-night hours — or those treacherously early mornings. Music for the wicked! 

Discogs: https://www.discogs.com/release/49248-Osheen-The-Meltdown-EP

Artist: Osheen
Track: My Motel
EP Title: The Meltdown E.P.
Label: Overeasy Records
Catalog #: B-001
Genre: Deep House
Year: ????

Just here to share our passion for good music. Any copyright issues? Please contact",https://i.ytimg.com/vi/6oqxt5YR7Ts/hqdefault.jpg,NUGGETS,UUSoW6PGON2SNX0OVXECvVtw,48,6oqxt5YR7Ts,NUGGETS,UCSoW6PGON2SNX0OVXECvVtw,Y
youtube#video,iAh7QXa5uCGoGo9FR_cRB3lB0W8,VVVTb1c2UEdPTjJTTlgwT1ZYRUN2VnR3LkVWWTNKWHk0NXVB,2025-04-28T17:58:47Z,UCSoW6PGON2SNX0OVXECvVtw,D & D Project - Sunday [OE2001001],"Listen every upload first at: https://www.instagram.com/nuggets_1990/

High-energy tech house from across the globe, delivered by Dave and David as the D&D Project—released on Overeasy Records

Discogs: https://www.discogs.com/release/183685-D-D-Project-Sunday-EP

Artist: D & D Project
Track: Sunday
EP Title: Sunday EP
Label: Overeasy Records
Catalog #: OE2001001
Genre: Tech House
Year: 2001

Just here to share our passion for good music. Any copyright issues? Please contact",https://i.ytimg.com/vi/EVY3JXy45uA/hqdefault.jpg,NUGGETS,UUSoW6PGON2SNX0OVXECvVtw,49,EVY3JXy45uA,NUGGETS,UCSoW6PGON2SNX0OVXECvVtw,Y
youtube#playlistItem,WJrV1UpyG6-oLclxwN0efLYsTj8,VVVTb1c2UEdPTjJTTlgwT1ZYRUN2VnR3LnFWc29WTGJiNE1R,2025-04-01T17:57:11Z,UCSoW6PGON2SNX0OVXECvVtw,X-Rhythm - Ill Ride You (Experience Mix) [EM-1201],"Listen every upload first at: https://www.instagram.com/nuggets_1990/

When you look up Elevator Music on Discogs, its profile tells you it’s a Swiss hardtrance label. Scrolling through their catalog, you’ll probably come across a cheesy trance compilation on CD, prompting a quick exit to your next dig. But if you take a closer look, you’ll notice there are actually two interesting vinyl releases—both dropped in 1997

Apoll – Mutonk vs. Neurokiller was already unearthed a few years ago, but the slightly more mysterious X-Rhythm EP is still waiting for its moment in the spotlight. This EP definitely feels like an outsider within the label but the other 3 mixes on the record sure give a bit more ravey vibes!

Discogs: https://www.discogs.com/release/2030020-X-Rhythm-Ill-Ride-You

Artist: X-Rhythm
Track: Ill Ride You (Experience Mix)'
EP Title: Ill Ride You 
Label: Elevator Music
Catalog #: EM-1201
Genre: House, Progressive House
Year: 1997

Just here to share our passion for good music. Any copyright issues? Please contact",https://i.ytimg.com/vi/qVsoVLbb4MQ/hqdefault.jpg,NUGGETS,UUSoW6PGON2SNX0OVXECvVtw,50,qVsoVLbb4MQ,NUGGETS,UCSoW6PGON2SNX0OVXECvVtw,Y
youtube#video,1tRZr9h9zISuGujUSRTtF9Vsyko,VVVTb1c2UEdPTjJTTlgwT1ZYRUN2VnR3Ll9KeEtkSHZpb1dN,2025-03-26T19:22:24Z,UCSoW6PGON2SNX0OVXECvVtw,Dj Esse - Eternal (Hypno-Hopuse Mix) [elb001],"Listen every upload first at: https://www.instagram.com/nuggets_1990/

DJ Esse debuts on E-lab Music with a mesmerizing 10 minute deep hypnotic MDMA groover - an entrancing trip for any dancefloor!

Discogs: https://www.discogs.com/release/3831686-Dj-Esse-Eternal

Artist: DJ Esse
Track: Eternal (Hypno-Hopuse Mix)
EP Title: Eternal
Label: E-lab Music
Catalog #: elb001
Genre: House, Progressive House
Year: 2002

Just here to share our passion for good music. Any copyright issues? Please contact",https://i.ytimg.com/vi/_JxKdHvioWM/hqdefault.jpg,NUGGETS,UUSoW6PGON2SNX0OVXECvVtw,51,_JxKdHvioWM,NUGGETS,UCSoW6PGON2SNX0OVXECvVtw,Y
youtube#playlistItem,u9oliHjoiGcdKkblC6qS1GlmQGQ,VVVTb1c2UEdPTjJTTlgwT1ZYRUN2VnR3LjREeXctdFhxdVFr,2025-03-19T18:50:10Z,UCSoW6PGON2SNX0OVXECvVtw,DJ Antoine - Private Side [MOTIV 9503],"Listen every upload first at: https://www.instagram.com/nuggets_1990/

After reaching the 4k mark on YouTube yesterday, it’s time for a little celebration—and what better way than with a special upload! Over the years, I’ve had the privilege of collecting all four releases from the Motivator label. These records, once shrouded in obscurity, have slowly been getting the recognition they deserve over the years. A while back, I already uploaded Clubdeal 1 EP to the channel, but one final gem remained untouched—until now

Without a doubt, the most exceptional release on the Motivator label: Maximizer E.P.  Antoine Schillemans has an impressive catalog of releases on iconic labels like Spiritual Records, Timeless Records, and Diskotech to check out too

Discogs: https://www.discogs.com/release/657617-DJ-Antoine-Maximizer-EP

Artist: DJ Antione
Track: Private Side
EP Title: Maximizer E.P.
Label: Motivator
Catalog #: MOTIV 9503
Genre: House, Progressive House
Year: 1995

Just here to share our passion for good music. Any copyright issues? Please contact",https://i.ytimg.com/vi/4Dyw-tXquQk/hqdefault.jpg,NUGGETS,UUSoW6PGON2SNX0OVXECvVtw,52,4Dyw-tXquQk,NUGGETS,UCSoW6PGON2SNX0OVXECvVtw,Y
youtube#video,eLDlqLa_GdqtA58UIlMsJ_U4cTY,VVVTb1c2UEdPTjJTTlgwT1ZYRUN2VnR3LjRIak5OZW9ESFRr,2025-03-17T17:00:13Z,UCSoW6PGON2SNX0OVXECvVtw,Le Strange - Just To Right [FG009-5],"Listen every upload first at: https://www.instagram.com/nuggets_1990/

Flower Grooves = Power Grooves

Le Strange, a.k.a. Fred Henderson, was one of the most renowned names in Dutch house music during the '90s. With numerous aliases and projects linked to his name, he left a significant mark on the scene.

In 1996, he launched his own record label, Roxy’s, named after the iconic club where he was a resident DJ at the time. This track is instantly recognizable by the signature vibe that defined Dutch productions of that era—uplifting, energetic, and irresistibly groovy

Artist: Le Strange
Track: Just To Right
EP Title: The Bridge E.P.
Label: Flower Grooves
Catalog #: FG009-5
Genre: House
Year: 1997

Just here to share our passion for good music. Any copyright issues? Please contact",https://i.ytimg.com/vi/4HjNNeoDHTk/hqdefault.jpg,NUGGETS,UUSoW6PGON2SNX0OVXECvVtw,53,4HjNNeoDHTk,NUGGETS,UCSoW6PGON2SNX0OVXECvVtw,Y
youtube#playlistItem,89piQlPVcuSAhfxF1lZUSVaJTBU,VVVTb1c2UEdPTjJTTlgwT1ZYRUN2VnR3LnRCcU05TVZUbmlJ,2025-03-11T13:25:12Z,UCSoW6PGON2SNX0OVXECvVtw,Chris Pi - Across (Original Extended) [SCR 002],"Listen every upload first at: https://www.instagram.com/nuggets_1990/

Sometimes it’s surprising to see that certain tracks remain undiscovered, with no one having uploaded them before. Just like this mesmerizing deep title track on the B-side of Chris Pi’s release on Scream Records. As winter gradually fades and the days grow warmer, this record perfectly captures the essence of palm-lined beaches and beautiful sunsets.

Discogs: https://www.discogs.com/release/61950-Chris-Pi-Across

Artist: Chris Pi
Track: Across
EP Title: Across
Label: Scream Records
Catalog #: SCR 002
Genre: Deep House, Progressive House
Year: 2002

Just here to share our passion for good music. Any copyright issues? Please contact",https://i.ytimg.com/vi/tBqM9MVTniI/hqdefault.jpg,NUGGETS,UUSoW6PGON2SNX0OVXECvVtw,54,tBqM9MVTniI,NUGGETS,UCSoW6PGON2SNX0OVXECvVtw,Y
youtube#video,1V1HgiAAk5xqK5-xgza8B_ALiyg,VVVTb1c2UEdPTjJTTlgwT1ZYRUN2VnR3Lk1kSXhwejBPb213,2025-03-10T19:40:57Z,UCSoW6PGON2SNX0OVXECvVtw,Powder Productions - P.O.W.D.E.R. [MOCEAN002],"Listen every upload first at: https://www.instagram.com/nuggets_1990/

Tribal groover from the early 2000s, released on the small but vibrant label M-Ocean. They only put out two releases, both from the powerhouse duo Andy Hughes and Phil Kelsey. Keep diggin'

Discogs: https://www.discogs.com/release/7199763-Powder-Productions-Cool-WorldPowder

Artist: Powder Productions
Track: P.O.W.D.E.R.
EP Title: Cool World/Powder
Label: M-Ocean
Catalog #: MOCEAN002
Genre: Tech House, Tribal House
Year: 2003

Just here to share our passion for good music. Any copyright issues? Please contact",https://i.ytimg.com/vi/MdIxpz0Oomw/hqdefault.jpg,NUGGETS,UUSoW6PGON2SNX0OVXECvVtw,55,MdIxpz0Oomw,NUGGETS,UCSoW6PGON2SNX0OVXECvVtw,Y
youtube#playlistItem,IFCM-zhNyrGawDmEgyByTBv4bzc,VVVTb1c2UEdPTjJTTlgwT1ZYRUN2VnR3LkVmRFdBUG5WMWtZ,2025-02-24T18:13:10Z,UCSoW6PGON2SNX0OVXECvVtw,Pling Plong - Freak Fire (Manero White Lady Mix) [JAPAN 02],"Listen every upload first at: https://www.instagram.com/nuggets_1990/
 
Italian producers Luca Pavone and Riccardo Pezzoli, working under their Borgo Manero project, deliver remixes on both sides of this still under-the-radar gem on Japan Zero. Seamlessly blending deep, rolling grooves with hypnotic, mind-bending vocals, they craft an irresistible late-night journey. With a pulsating bassline, this release effortlessly straddles the line between keeping the dancefloor locked in a late-night trance and peak-time dancefloor energy. 

Discogs: https://www.discogs.com/release/886068-Pling-Plong-Freak-Fire-Remix-By-Bongomanero

Artist: Pling Plong
Track: Freak Fire (Manero White Lady Mix)
EP Title: Freak Fire (Remix By Bongomanero)
Label: Japan Zero
Catalog #: JAPAN 02
Genre: House, Tech House
Year: 2001

Just here to share our passion for good music. Any copyright issues? Please contact",https://i.ytimg.com/vi/EfDWAPnV1kY/hqdefault.jpg,NUGGETS,UUSoW6PGON2SNX0OVXECvVtw,56,EfDWAPnV1kY,NUGGETS,UCSoW6PGON2SNX0OVXECvVtw,Y
youtube#video,QVr1-qc05Tt1zIRKJT_YgORTwDg,VVVTb1c2UEdPTjJTTlgwT1ZYRUN2VnR3LkE2YUhUSWpqTVR3,2025-02-23T13:38:34Z,UCSoW6PGON2SNX0OVXECvVtw,M-X - Form [1-SON],"Listen every upload first at: https://www.instagram.com/nuggets_1990/ 

Miguel Graça and Paul Newman (not the actor lol) team up as M-X to deliver a wild techno roller bursting with sirens and fireworks. This track can shake up any dancefloor, guaranteed to ignite the crowd. Both artists have an impressive list of aliases to dive into. This release came out on the short-lived label Sonic Recordings, which still holds a mystery waiting to be unraveled by these two gentlemen

Discogs: https://www.discogs.com/release/2619955-M-X-The-Sound-EP

Artist: M-X
Track: Form
EP Title: The Sound EP
Label: Sonic Recordings
Catalog #: 1-SON
Genre: Techno
Year: 1997

Just here to share our passion for good music. Any copyright issues? Please contact",https://i.ytimg.com/vi/A6aHTIjjMTw/hqdefault.jpg,NUGGETS,UUSoW6PGON2SNX0OVXECvVtw,57,A6aHTIjjMTw,NUGGETS,UCSoW6PGON2SNX0OVXECvVtw,Y
youtube#playlistItem,0enxKiRZJnYMT_C-V-RWzofRzS0,VVVTb1c2UEdPTjJTTlgwT1ZYRUN2VnR3Lk4wcGVXTWE1SjhR,2025-02-10T16:09:32Z,UCSoW6PGON2SNX0OVXECvVtw,Unknown Artist - Untitled [ORGASM],"Listen every upload first at: https://www.instagram.com/nuggets_1990/

This record has been sitting on the shelf for quite a while now, and I never really took the time to give it a proper listen. It’s been one of those forgotten records tucked away in my collection.

Last week, I decided to move my record collection to the living room, giving me a fresh perspective on the records I hadn’t played in ages. It felt like the perfect time to listen some of those forgotten records and rediscover why it's in my collection in the first place.

I can't say much about the record itself... There’s no label or artist to research, which only adds to the mystery. Yet, despite the anonymity, I was pleasantly surprised by the vibe it gave off. In addition to the sensual vocals and acid lines, there’s a certain peak-time energy that builds throughout the track—one that makes it easy to get those hands up in the air when the drop hits

Discogs: https://www.discogs.com/release/2461048-Unknown-Artist-Untitled

Artist: Unknown Artist
Track: Untitled (Orgasm A side)
EP Title: Untitled
Label: ????
Catalog #: ORGASM
Genre: House
Year: ????

Just here to share our passion for good music. Any copyright issues? Please contact",https://i.ytimg.com/vi/N0peWMa5J8Q/hqdefault.jpg,NUGGETS,UUSoW6PGON2SNX0OVXECvVtw,58,N0peWMa5J8Q,NUGGETS,UCSoW6PGON2SNX0OVXECvVtw,Y
youtube#video,5ehB-WO7cRFM-gdW1S5gaJajVvc,VVVTb1c2UEdPTjJTTlgwT1ZYRUN2VnR3LjdRQkx1M3JvRmhF,2025-02-09T14:26:18Z,UCSoW6PGON2SNX0OVXECvVtw,O2 - Amanda [PEEK-001],"Listen every upload first at: https://www.instagram.com/nuggets_1990/

Who is the mysterious O2, the one-hit wonder behind the equally enigmatic PEEK label? There’s only one official release on this label, along with two unofficial cassette releases, which has sparked my curiosity. Labeled as Tech House, the record feels more like a high-energy techno/trance fusion, complete with quirky breaks and an infectious groove.

https://www.discogs.com/release/15895629-O2-Red-Poodle-Amanda

Artist: O2
Track: Amanda
EP Title: Red Poodle / Amanda
Catalog #: PEEK-001
Genre: House, Trance, Tech House
Year: 2001

Just here to share our passion for good music. Any copyright issues? Please contact",https://i.ytimg.com/vi/7QBLu3roFhE/hqdefault.jpg,NUGGETS,UUSoW6PGON2SNX0OVXECvVtw,59,7QBLu3roFhE,NUGGETS,UCSoW6PGON2SNX0OVXECvVtw,Y
youtube#playlistItem,cI3UcDo4ga3U-zram6Hs9c3dblE,VVVTb1c2UEdPTjJTTlgwT1ZYRUN2VnR3LnB2endwRmF2RDlz,2025-01-20T18:12:07Z,UCSoW6PGON2SNX0OVXECvVtw,Up Organization – Freebase (Show It To Me) (Niel Charles Mix) [EXP 003],"Listen every upload first at: https://www.instagram.com/nuggets_1990/

https://www.discogs.com/release/1801731-Up-Organization-Freebase-Show-It-To-Me

Artist: Up Organization
Track: Freebase (Show It To Me)
EP Title: Freebase (Show It To Me)
Catalog #: EXP 003
Genre: House
Year: 1996

Just here to share our passion for good music. Any copyright issues? Please contact",https://i.ytimg.com/vi/pvzwpFavD9s/hqdefault.jpg,NUGGETS,UUSoW6PGON2SNX0OVXECvVtw,60,pvzwpFavD9s,NUGGETS,UCSoW6PGON2SNX0OVXECvVtw,Y
youtube#video,I3jcMcv2dBNhRYACgDaNOzuxTt8,VVVTb1c2UEdPTjJTTlgwT1ZYRUN2VnR3LmVCa09wbUZXc3hF,2025-01-19T14:12:41Z,UCSoW6PGON2SNX0OVXECvVtw,Matt Haines - Pink Dot [001],"Listen every upload first at: https://www.instagram.com/nuggets_1990/

https://www.discogs.com/release/2106779-Nebula-Nine-Keep-It-Coming

Artist: Matt Haines
Track: Pink Dot
EP Title: Keep It Coming
Catalog #: 001
Genre: Progressive House, Trance, Breaks
Year: 1996

Just here to share our passion for good music. Any copyright issues? Please contact",https://i.ytimg.com/vi/eBkOpmFWsxE/hqdefault.jpg,NUGGETS,UUSoW6PGON2SNX0OVXECvVtw,61,eBkOpmFWsxE,NUGGETS,UCSoW6PGON2SNX0OVXECvVtw,Y
youtube#playlistItem,r0B-Y2dxIbvJFD-wTPd-cDKAnG4,VVVTb1c2UEdPTjJTTlgwT1ZYRUN2VnR3LmtNMktfckRFcVhj,2025-01-14T15:22:24Z,UCSoW6PGON2SNX0OVXECvVtw,Mr. Magic - Move Your Body (Supa Magic Mix) [OB-001],"Listen every upload first at: https://www.instagram.com/nuggets_1990/

https://www.discogs.com/release/4137670-Mr-Magic-The-Black-White-Magic-EP

Artist: Mr. Magic
Track: Move Your Body (Supa Magic Mix)
EP Title: The Black & White Magic EP
Catalog #: OB-001
Genre: House
Year: ????

Just here to share our passion for good music. Any copyright issues? Please contact",https://i.ytimg.com/vi/kM2K_rDEqXc/hqdefault.jpg,NUGGETS,UUSoW6PGON2SNX0OVXECvVtw,62,kM2K_rDEqXc,NUGGETS,UCSoW6PGON2SNX0OVXECvVtw,Y
youtube#video,PXtvEcmNjIhKMRQfCsrgyOvxKqE,VVVTb1c2UEdPTjJTTlgwT1ZYRUN2VnR3LlJhR0VFM3FJQ0hR,2025-01-12T16:09:14Z,UCSoW6PGON2SNX0OVXECvVtw,Saï... Tham - Lets Do It [AR003],"Listen every upload first at: https://www.instagram.com/nuggets_1990/

https://www.discogs.com/release/6229208-Sa%C3%AFTham-Hold-On-Tight

Artist: Saï... Tham 
Track: Lets Do It
EP Title: Hold On Tight
Catalog #: AR003
Genre: House, Deep House
Year: 2001

Just here to share our passion for good music. Any copyright issues? Please contact",https://i.ytimg.com/vi/RaGEE3qICHQ/hqdefault.jpg,NUGGETS,UUSoW6PGON2SNX0OVXECvVtw,63,RaGEE3qICHQ,NUGGETS,UCSoW6PGON2SNX0OVXECvVtw,Y
youtube#playlistItem,PX39vrYGnjsVy7H48CDZtXlnsN0,VVVTb1c2UEdPTjJTTlgwT1ZYRUN2VnR3Ljl6ZmNMZFNaYVNF,2025-01-02T19:33:13Z,UCSoW6PGON2SNX0OVXECvVtw,Anderwave - Udonstap! [FLS 09],"https://www.instagram.com/nuggets_1990/

Happy Newyear all!

2025 has started so let's kick things off with a first upload! Anderwave dropped this belter on Flasher mid 00's, changing gear every phrase. Hard to pick one track on the record, all 3 are killer and a must buy on side if you ever come across one! If you're not familiar with the french label yet, definitely worth checking out. Bit more know alias Gauss Control is also great fun to dive into

Discogs: https://www.discogs.com/release/886154-Anderwave-PASI-EP

Artist: Anderwave
Track: Udonstap!
EP Title: P.A.S.I. EP
Catalog #: FLS 09
Genre: House, Progressive House
Year: 2006

Just here to share our passion for good music. Any copyright issues? Please contact",https://i.ytimg.com/vi/9zfcLdSZaSE/hqdefault.jpg,NUGGETS,UUSoW6PGON2SNX0OVXECvVtw,64,9zfcLdSZaSE,NUGGETS,UCSoW6PGON2SNX0OVXECvVtw,Y
youtube#video,1Tru1mVuFb11ru7qQ9VsSFQTFbM,VVVTb1c2UEdPTjJTTlgwT1ZYRUN2VnR3LnVZQmlYd1VaUUEw,2024-12-22T20:43:17Z,UCSoW6PGON2SNX0OVXECvVtw,Pyramid Solution - Weekend (Anthemic Mix) [ER001],"https://www.instagram.com/nuggets_1990/

Never been someone who's been very active on social media. But 2025 is just around the corner so I guess it's time to catch up and step up the game. Last couple of weeks i've been busy discovering Instagram more and what it has to offer. From 2025 I will also sharing music on this platform. Expect more hot blinds and hear them first before they ever see the light of day on Youtube! But I'll also dive a little deeper into my recordcollection and upload forgotten records, records which hold dear to me, or maybe upload some sneaky flipsides of previous Youtube uploads!",https://i.ytimg.com/vi/uYBiXwUZQA0/hqdefault.jpg,NUGGETS,UUSoW6PGON2SNX0OVXECvVtw,65,uYBiXwUZQA0,NUGGETS,UCSoW6PGON2SNX0OVXECvVtw,Y
youtube#playlistItem,KKnjD4-i9BgUT9EDFFDRBsM1VtU,VVVTb1c2UEdPTjJTTlgwT1ZYRUN2VnR3Lkx0VUt1NDhQYTdz,2024-12-02T21:13:11Z,UCSoW6PGON2SNX0OVXECvVtw,Ash Street Dealers - U Dubbed Me [FLD 001],"Discogs: https://www.discogs.com/release/474647-Ash-Street-Dealers-U-Dubbed-Me

Artist: Ash Street Dealers
Track: U Dubbed Me
EP Title: U Dubbed Me
Catalog #: FLD 001
Genre: House, Acid
Year: 1997

Just here to share our passion for good music. Any copyright issues? Please contact",https://i.ytimg.com/vi/LtUKu48Pa7s/hqdefault.jpg,NUGGETS,UUSoW6PGON2SNX0OVXECvVtw,66,LtUKu48Pa7s,NUGGETS,UCSoW6PGON2SNX0OVXECvVtw,Y
youtube#video,0GnEMkFtnWuBc_CFafUBwsjVXVo,VVVTb1c2UEdPTjJTTlgwT1ZYRUN2VnR3LlNQZ2JTV0tNeDhv,2024-11-20T14:17:33Z,UCSoW6PGON2SNX0OVXECvVtw,Nebulus - Chaser X [BTRV00?],"I normally only upload rips from my personal record collection but for this track I'm happy to make an exception! While cleaning up my hard drive I came across this file (and a bunch of other Nebulus tracks) with little to no info other than 'Barely There Records' and the track id. 

Searching on discogs or google gives no futher information but I've been familiar with Nebulus and Barely There Records, which been on my radar for quit some time! They've dropped some serious, under the radar, releases in the early 00's and I've noticed they're catalog is still incomplete on discogs which could make this track a missing piece?

If anyone has any more info about this mysterious track or the label itself would be appreciated! 

If you're not familiar with Barely There Records I highly recommend to check it out:
https://www.discogs.com/label/15484-Barely-There-Records?page=1",https://i.ytimg.com/vi/SPgbSWKMx8o/hqdefault.jpg,NUGGETS,UUSoW6PGON2SNX0OVXECvVtw,67,SPgbSWKMx8o,NUGGETS,UCSoW6PGON2SNX0OVXECvVtw,Y
youtube#playlistItem,CIjE4AnpvIoMBhbvbWKPXaeAwy0,VVVTb1c2UEdPTjJTTlgwT1ZYRUN2VnR3LmxmLWp1bHJSUlFn,2024-11-11T18:32:38Z,UCSoW6PGON2SNX0OVXECvVtw,Squeech - Funkedelic (Godzilla Mix) [CHO 1649 6],"Discogs: https://www.discogs.com/release/742339-Squeech-Funkedelic

Artist: Squeech
Track: Funkedelic (Godzilla Mix)
EP Title: Funkedelic
Label: Chop
Catalog #: CHO 1649 6
Genre: House, Tech House
Year: 1996

Just here to share our passion for good music. Any copyright issues? Please contact",https://i.ytimg.com/vi/lf-julrRRQg/hqdefault.jpg,NUGGETS,UUSoW6PGON2SNX0OVXECvVtw,68,lf-julrRRQg,NUGGETS,UCSoW6PGON2SNX0OVXECvVtw,Y
youtube#video,ucuLgsoIvbCMrU0SNsAN6isdATI,VVVTb1c2UEdPTjJTTlgwT1ZYRUN2VnR3LmVLVXBjZ0VnV29F,2024-10-28T20:25:25Z,UCSoW6PGON2SNX0OVXECvVtw,DJ Fred & Arnold T - Kiss From The Moon (Moon Mix) [559 116-1],"Discogs: https://www.discogs.com/release/3824901-DJ-Fred-Arnold-T-Delirium

Artist: DJ Fred & Arnold T
Track: Keep It On
EP Title: Delirium
Label: Podis
Catalog #: 559 116-1
Genre: House, Techno
Year: 1998

Just here to share our passion for good music. Any copyright issues? Please contact",https://i.ytimg.com/vi/eKUpcgEgWoE/hqdefault.jpg,NUGGETS,UUSoW6PGON2SNX0OVXECvVtw,69,eKUpcgEgWoE,NUGGETS,UCSoW6PGON2SNX0OVXECvVtw,Y
youtube#playlistItem,aw_Tgs7fnt6ccK7G3U_ZdVtE1uU,VVVTb1c2UEdPTjJTTlgwT1ZYRUN2VnR3LjhJN1lwOV9rd0Nr,2024-10-14T18:30:59Z,UCSoW6PGON2SNX0OVXECvVtw,Houze Difference - Keep It On [SUT 055],"Discogs: https://www.discogs.com/release/998934-Houze-Difference-The-House-Concept-Vol-1

Artist: Houze Difference
Track: Keep It On
EP Title: The House Concept Vol. 1
Label: Suntune
Catalog #: SUT 055
Genre: House
Year: 1997

Just here to share our passion for good music. Any copyright issues? Please contact",https://i.ytimg.com/vi/8I7Yp9_kwCk/hqdefault.jpg,NUGGETS,UUSoW6PGON2SNX0OVXECvVtw,70,8I7Yp9_kwCk,NUGGETS,UCSoW6PGON2SNX0OVXECvVtw,Y
youtube#video,15Fl-IdKaNKnQkFl_WWuvbfCed0,VVVTb1c2UEdPTjJTTlgwT1ZYRUN2VnR3Ll95alhWZlY2aWo0,2024-10-07T17:54:16Z,UCSoW6PGON2SNX0OVXECvVtw,Truth Or Dare - Hear The Groove [XN 4740],"Discogs: https://www.discogs.com/release/114378-Truth-Or-Dare-Go-To-Release

Artist: Truth Or Dare
Track: Hear The Groove
EP Title: Go To Release
Label: Xtra Nova
Catalog #: XN 4740
Genre: House
Year: 1998

Just here to share our passion for good music. Any copyright issues? Please contact",https://i.ytimg.com/vi/_yjXVfV6ij4/hqdefault.jpg,NUGGETS,UUSoW6PGON2SNX0OVXECvVtw,71,_yjXVfV6ij4,NUGGETS,UCSoW6PGON2SNX0OVXECvVtw,Y
youtube#playlistItem,lWrp_lglnUY7H-16veV3TAXsysQ,VVVTb1c2UEdPTjJTTlgwT1ZYRUN2VnR3LjNJSE1Wakc1NFJZ,2024-10-06T15:19:39Z,UCSoW6PGON2SNX0OVXECvVtw,Red Right Hand - Planes (Cloak's Tech Dub) [PP07],"Discogs: https://www.discogs.com/release/248112-Red-Right-Hand-Planes

Artist: Red Right Hand
Track: Planes (Cloak's Tech Dub)
EP Title: Planes
Label: Premium Plastic
Catalog #: PP07
Genre: Tech House
Year: 2004

Just here to share our passion for good music. Any copyright issues? Please contact",https://i.ytimg.com/vi/3IHMVjG54RY/hqdefault.jpg,NUGGETS,UUSoW6PGON2SNX0OVXECvVtw,72,3IHMVjG54RY,NUGGETS,UCSoW6PGON2SNX0OVXECvVtw,Y
youtube#video,VFBt_Qgtykaw1TPdxCuxeEZc0qg,VVVTb1c2UEdPTjJTTlgwT1ZYRUN2VnR3LmhHTUUxa3ZoUEpv,2024-09-23T15:13:05Z,UCSoW6PGON2SNX0OVXECvVtw,M.A. Campayo – Darkness [UP004],"Favorite curator and blind digger @ejaaje  and I have been chatting for quit some time, sharing same minds about music, new discoveries and other topics. M.A. Campayo had 2 interesting releases and we took our chances. Hopefully both records find their way into the clubs soon

Discogs: https://www.discogs.com/release/595011-MA-Campayo-Darkness

Artist: M.A. Campayo
Track: Darkness
EP Title: Darkness
Label: Underphone Recordings
Catalog #: UP004
Genre: Progressive House, Tribal House
Year: 2005

Just here to share our passion for good music. Any copyright issues? Please contact",https://i.ytimg.com/vi/hGME1kvhPJo/hqdefault.jpg,NUGGETS,UUSoW6PGON2SNX0OVXECvVtw,73,hGME1kvhPJo,NUGGETS,UCSoW6PGON2SNX0OVXECvVtw,Y
youtube#playlistItem,Y2z36kMKKYwTEcEmR_bxvJLcZbo,VVVTb1c2UEdPTjJTTlgwT1ZYRUN2VnR3LlpnQ0dzbEUtRnZN,2024-09-11T18:24:42Z,UCSoW6PGON2SNX0OVXECvVtw,Human Impact - Body Groove 4 [HI004],"Discogs: https://www.discogs.com/release/1191576-Human-Impact-Body-Groove

Artist: Human Impact
Track: Body Groove 4
EP Title: Body Groove
Label: ????
Catalog #: HI004
Genre: House, Tech House
Year: ????

Just here to share our passion for good music. Any copyright issues? Please contact",https://i.ytimg.com/vi/ZgCGslE-FvM/hqdefault.jpg,NUGGETS,UUSoW6PGON2SNX0OVXECvVtw,74,ZgCGslE-FvM,NUGGETS,UCSoW6PGON2SNX0OVXECvVtw,Y
youtube#video,ehsxZS2XwPqEsoHOWijmsNuIJ6o,VVVTb1c2UEdPTjJTTlgwT1ZYRUN2VnR3LlhuU3VubUVtUG9r,2024-09-03T14:30:51Z,UCSoW6PGON2SNX0OVXECvVtw,UHT - Come Together (Vibe Sauce Mix) [FWR 010],"Discogs: https://www.discogs.com/release/518609-UHT-Come-Together

Artist: UHT
Track: Come Together (Vibe Sauce Mix)
EP Title: Come Together
Label: Fat Wax
Catalog #: FWR 010
Genre: House
Year: ????

Just here to share our passion for good music. Any copyright issues? Please contact",https://i.ytimg.com/vi/XnSunmEmPok/hqdefault.jpg,NUGGETS,UUSoW6PGON2SNX0OVXECvVtw,75,XnSunmEmPok,NUGGETS,UCSoW6PGON2SNX0OVXECvVtw,Y
youtube#playlistItem,QBBLWenmhgHvY3tlJ86x6YYgwCk,VVVTb1c2UEdPTjJTTlgwT1ZYRUN2VnR3LjRqMy14THE3eElR,2024-08-28T18:53:03Z,UCSoW6PGON2SNX0OVXECvVtw,Viewmaster - Waterlady (Dance Mix) [TSS 008-5],"Back at it again! As promised I unvealed every LITTLE GEM I uploaded in the past

Discogs: https://www.discogs.com/release/189974-Viewmaster-Allright-Waterlady

Artist: Viewmaster
Track: Waterlady (Dance Mix)
EP Title: Allright / Waterlady
Label: 360 Sound
Catalog #: TSS 008-5
Genre: House
Year: 1999

Just here to share our passion for good music. Any copyright issues? Please contact",https://i.ytimg.com/vi/4j3-xLq7xIQ/hqdefault.jpg,NUGGETS,UUSoW6PGON2SNX0OVXECvVtw,76,4j3-xLq7xIQ,NUGGETS,UCSoW6PGON2SNX0OVXECvVtw,Y
youtube#video,vDf4PazIBR-Hd5vQLj8ma2ysY2k,VVVTb1c2UEdPTjJTTlgwT1ZYRUN2VnR3LnJFZnRFUGJrS2Ew,2024-08-02T08:11:19Z,UCSoW6PGON2SNX0OVXECvVtw,Br.I.T - Be Yourself Be Free (Underwater Edit I) [SNS 129902],"With Pride Amsterdam in full effect I thought it's the perfect moment to unveal this beauty. With a title 'Be Yourself Be Free' it couldn't be a more fitting upload. This euphoric trancey record has been tested last couple of months, turning heads and requested track ID

For now I'm taking a little summer break and enjoy time with my family. As some maybe noticed I stopped uploading the LITTLE GEM series. When I'm back I'll ID every upload in the past!

Discogs: https://www.discogs.com/release/448900-BrIT-Presents-Dusk-1-Be-Yourself-Be-Free

Artist: Br.I.T
Track: Be Yourself Be Free (Underwater Edit I)
EP Title: Be Yourself Be Free
Label: Sight 'n Sound
Catalog #: SNS 129902
Genre: House, Trance
Year: 2000

Just here to share our passion for good music. Any copyright issues? Please contact",https://i.ytimg.com/vi/rEftEPbkKa0/hqdefault.jpg,NUGGETS,UUSoW6PGON2SNX0OVXECvVtw,77,rEftEPbkKa0,NUGGETS,UCSoW6PGON2SNX0OVXECvVtw,Y
youtube#playlistItem,Vwcz34XgZCugVWHpi9K0VcxHVVg,VVVTb1c2UEdPTjJTTlgwT1ZYRUN2VnR3LnBock8yWnc1Ry1v,2024-08-01T18:23:44Z,UCSoW6PGON2SNX0OVXECvVtw,Behemoth - Musique [HIVE 001],"Discogs: https://www.discogs.com/release/248156-Behemoth-EP-One

Artist: Behemoth
Track: Musique
EP Title: EP One
Label: Hive Recordings
Catalog #: HIVE 001
Genre: House
Year: 2001

Just here to share our passion for good music. Any copyright issues? Please contact",https://i.ytimg.com/vi/phrO2Zw5G-o/hqdefault.jpg,NUGGETS,UUSoW6PGON2SNX0OVXECvVtw,78,phrO2Zw5G-o,NUGGETS,UCSoW6PGON2SNX0OVXECvVtw,Y
youtube#video,muWjexqMSozIKWWixeED74DuA-o,VVVTb1c2UEdPTjJTTlgwT1ZYRUN2VnR3LlNoX2Z4TE5mRE5n,2024-07-29T19:23:35Z,UCSoW6PGON2SNX0OVXECvVtw,2 Of House - You Cant Stop The Rhythm (X-Stasy Mix) [HM 50.01],"Discogs: https://www.discogs.com/release/2251878-2-Of-House-You-Cant-Stop-The-Rhythm

Artist: 2 Of House
Track: You Cant Stop The Rhythm (X-Stasy Mix) 
EP Title: You Can't Stop The Rhythm
Label: HM
Catalog #: HM 50.01
Genre: House
Year: ????

Just here to share our passion for good music. Any copyright issues? Please contact",https://i.ytimg.com/vi/Sh_fxLNfDNg/hqdefault.jpg,NUGGETS,UUSoW6PGON2SNX0OVXECvVtw,79,Sh_fxLNfDNg,NUGGETS,UCSoW6PGON2SNX0OVXECvVtw,Y
youtube#playlistItem,s9Xikqilokn3S3wM22jHSxoNyP4,VVVTb1c2UEdPTjJTTlgwT1ZYRUN2VnR3LkJMOTdtMk5VZnV3,2024-07-22T15:26:56Z,UCSoW6PGON2SNX0OVXECvVtw,Toa Wide - Deeper World [AP 006],"Discogs: https://www.discogs.com/release/5383755-Toa-Wide-The-Warning-Deeper-World-No-Light-I-Play

Artist: Toa Wide
Track: Deeper World
EP Title: The Warning / Deeper World / No Light / I Play
Label: Apricot Records
Catalog #: AP 006
Genre: House
Year: 1996

Just here to share our passion for good music. Any copyright issues? Please contact",https://i.ytimg.com/vi/BL97m2NUfuw/hqdefault.jpg,NUGGETS,UUSoW6PGON2SNX0OVXECvVtw,80,BL97m2NUfuw,NUGGETS,UCSoW6PGON2SNX0OVXECvVtw,Y
youtube#video,6Y_ycS3t7VXnh9P7bzDaGhuv9MY,VVVTb1c2UEdPTjJTTlgwT1ZYRUN2VnR3Lkx5Qmx3M28tb1NN,2024-07-08T18:10:49Z,UCSoW6PGON2SNX0OVXECvVtw,DJ Jeremy - Superfunky [SW-005],"Discogs: https://www.discogs.com/release/737138-DJ-Jeremy-Superfunky

Artist: DJ Jeremy
Track: Superfunky
EP Title: Superfunky
Label: Subwaves
Catalog #: SW-005
Genre: House, Progressive House
Year: 1999

Just here to share our passion for good music. Any copyright issues? Please contact",https://i.ytimg.com/vi/LyBlw3o-oSM/hqdefault.jpg,NUGGETS,UUSoW6PGON2SNX0OVXECvVtw,81,LyBlw3o-oSM,NUGGETS,UCSoW6PGON2SNX0OVXECvVtw,Y
youtube#playlistItem,Y4fXXxvq_gZq_f_1NRnC1GSt3VA,VVVTb1c2UEdPTjJTTlgwT1ZYRUN2VnR3LnFJMGVKZjdrQnFz,2024-07-03T18:06:57Z,UCSoW6PGON2SNX0OVXECvVtw,Cosmik Funkerlist - Flying With You [WWL002],"Discogs: https://www.discogs.com/release/3920404-Cosmik-Funkerlist-Just-Step-Off

Artist: Cosmik Funkerlist
Track: Flying With You
EP Title: Just Step Off
Label: WWL Recordings
Catalog #: WWL002
Genre: House
Year: ????

Just here to share our passion for good music. Any copyright issues? Please contact",https://i.ytimg.com/vi/qI0eJf7kBqs/hqdefault.jpg,NUGGETS,UUSoW6PGON2SNX0OVXECvVtw,82,qI0eJf7kBqs,NUGGETS,UCSoW6PGON2SNX0OVXECvVtw,Y
youtube#video,LFbfrXJuIjC7R2VDfmATYiYwJ8o,VVVTb1c2UEdPTjJTTlgwT1ZYRUN2VnR3Ljg3VzBLTTVRTEtn,2024-07-02T15:23:10Z,UCSoW6PGON2SNX0OVXECvVtw,Science Friction - Hooked [SE12 019],"Discogs: https://www.discogs.com/release/346621-Science-Friction-Dirty-Den-Hooked

Artist: Science Friction
Track: Hooked
EP Title: Dirty Den / Hooked
Label: Southeast
Catalog #: SE12 019
Genre: House, Tribal
Year: 2002

Just here to share our passion for good music. Any copyright issues? Please contact",https://i.ytimg.com/vi/87W0KM5QLKg/hqdefault.jpg,NUGGETS,UUSoW6PGON2SNX0OVXECvVtw,83,87W0KM5QLKg,NUGGETS,UCSoW6PGON2SNX0OVXECvVtw,Y
youtube#playlistItem,_K6LlMcH5OsDm_WRY5z5yLP4U60,VVVTb1c2UEdPTjJTTlgwT1ZYRUN2VnR3LmFkRE9qT3pKZTlN,2024-06-25T12:48:14Z,UCSoW6PGON2SNX0OVXECvVtw,Spirit Of Sound - Under Control [CAR12005],"Discogs: https://www.discogs.com/release/501031-Spirit-Of-Sound-Under-Control-Out-Of-Control

Artist: Spirit Of Sound
Track: Under Control
EP Title: Under Control / Out Of Control
Label: Carousel Records
Catalog #: CAR12005
Genre: Progressive House
Year: 1995

Just here to share our passion for good music. Any copyright issues? Please contact",https://i.ytimg.com/vi/adDOjOzJe9M/hqdefault.jpg,NUGGETS,UUSoW6PGON2SNX0OVXECvVtw,84,adDOjOzJe9M,NUGGETS,UCSoW6PGON2SNX0OVXECvVtw,Y
youtube#video,uXO7ALbd0rtvhDfln28dmTRnD1M,VVVTb1c2UEdPTjJTTlgwT1ZYRUN2VnR3LlZReGhUdWRYVUJJ,2024-06-24T19:00:27Z,UCSoW6PGON2SNX0OVXECvVtw,D.J.F.X. - Dirty (FX Mix) [CDR-125],"Discogs: https://www.discogs.com/release/1310705-DJFX-Dirty

Artist: D.J.F.X.
Track: Dirty (FX Mix)
EP Title: Dirty
Label: D.J.F.X. Productions
Catalog #: CDR-125
Genre: House
Year: 1996

Just here to share our passion for good music. Any copyright issues? Please contact",https://i.ytimg.com/vi/VQxhTudXUBI/hqdefault.jpg,NUGGETS,UUSoW6PGON2SNX0OVXECvVtw,85,VQxhTudXUBI,NUGGETS,UCSoW6PGON2SNX0OVXECvVtw,Y
youtube#playlistItem,o5eqsfUx5oUIMrh5m8wFkdCv2xk,VVVTb1c2UEdPTjJTTlgwT1ZYRUN2VnR3LjlTbi1JWWx0WjNj,2024-06-03T15:08:11Z,UCSoW6PGON2SNX0OVXECvVtw,Housa Musika - Atomic If [HM004],"Discogs: https://www.discogs.com/release/2000579-Housa-Musika-The-BSEP-AKA-Vol-IV

Artist: Housa Musika
Track: Atomic If
EP Title: The B.S.E.P. (A.K.A. Vol. IV)
Label: Housa Musika Self-released
Catalog #: HM004
Genre: House
Year: 1997

Just here to share our passion for good music. Any copyright issues? Please contact",https://i.ytimg.com/vi/9Sn-IYltZ3c/hqdefault.jpg,NUGGETS,UUSoW6PGON2SNX0OVXECvVtw,86,9Sn-IYltZ3c,NUGGETS,UCSoW6PGON2SNX0OVXECvVtw,Y
youtube#video,y5N6OG3hEC6kUphlGpm2phOKRos,VVVTb1c2UEdPTjJTTlgwT1ZYRUN2VnR3LjNSNzdiSjBZX1F3,2024-05-07T18:09:43Z,UCSoW6PGON2SNX0OVXECvVtw,Tunes In A Bag - Rockin The Best [GB 002],"Discogs: https://www.discogs.com/release/100030-2-Tunes-In-A-Bag-Battle-Of-The-Beats-Rockin-The-Best

Artist: Tunes In A Bag
Track: Rockin The Best
EP Title: Battle Of The Beats / Rockin' The Best
Label: GB Records
Catalog #: GB 002
Genre: House, Acid
Year: 1995

Just here to share our passion for good music. Any copyright issues? Please contact",https://i.ytimg.com/vi/3R77bJ0Y_Qw/hqdefault.jpg,NUGGETS,UUSoW6PGON2SNX0OVXECvVtw,87,3R77bJ0Y_Qw,NUGGETS,UCSoW6PGON2SNX0OVXECvVtw,Y
youtube#playlistItem,yb5Zb9rTjzRdnIGgHV0dk0m0oT4,VVVTb1c2UEdPTjJTTlgwT1ZYRUN2VnR3LjNBaThnRW5mWFlN,2024-04-29T18:16:10Z,UCSoW6PGON2SNX0OVXECvVtw,Fade 2 End - Dreams [SP003],"I had lost this record, and a couple of others, since last summer. Searched all my records 100 times but couldn't find it. I was very disappointed and was about to order a new one... Thankfully I found it last week between all my pop/dance records next to Michael Jackson and Madonna (Must be a drunk night lol). Such little presents have to be shared so grab your download now!

https://soundcloud.com/nuggets1990/fade-2-end-dreams

Discogs: https://www.discogs.com/release/167882-Fade-2-End-Digital-Dreams-EP

Artist: Fade 2 End
Track: Dreams
EP Title: Digital Dreams EP
Label: Shining Path Recordings
Catalog #: SP003
Genre: House
Year: 1996

Just here to share our passion for good music. Any copyright issues? Please contact",https://i.ytimg.com/vi/3Ai8gEnfXYM/hqdefault.jpg,NUGGETS,UUSoW6PGON2SNX0OVXECvVtw,88,3Ai8gEnfXYM,NUGGETS,UCSoW6PGON2SNX0OVXECvVtw,Y
youtube#video,bQNFr_aNAnJKfE91d7BOchy0coE,VVVTb1c2UEdPTjJTTlgwT1ZYRUN2VnR3LmxPRmNCUzNsWnRn,2024-04-22T14:56:47Z,UCSoW6PGON2SNX0OVXECvVtw,Club Illusions - Classic Transformation [HE 4],"Discogs: https://www.discogs.com/release/45088-Club-Illusions-Illusions

Artist: Club Illusions
Track: Classic Transformation
EP Title: Illusions
Label: Healing Effect
Catalog #: HE 4
Genre: Techno, Deep House
Year: 1995

Just here to share our passion for good music. Any copyright issues? Please contact",https://i.ytimg.com/vi/lOFcBS3lZtg/hqdefault.jpg,NUGGETS,UUSoW6PGON2SNX0OVXECvVtw,89,lOFcBS3lZtg,NUGGETS,UCSoW6PGON2SNX0OVXECvVtw,Y
youtube#playlistItem,xeli0s89rgaIX6NxL1VFNgEYWBA,VVVTb1c2UEdPTjJTTlgwT1ZYRUN2VnR3LmlpM0ZmRnhGcjJz,2024-04-17T17:47:45Z,UCSoW6PGON2SNX0OVXECvVtw,Benno Block - Rollrad Ahoi [ROCCAD005],"Discogs: https://www.discogs.com/release/639064-Benno-Block-D-vice

Artist: Benno Block
Track: Psycho
EP Title: D-vice
Label: Rocca Deluxe
Catalog #: ROCCAD005
Genre: Tech House
Year: 2006

Just here to share our passion for good music. Any copyright issues? Please contact",https://i.ytimg.com/vi/ii3FfFxFr2s/hqdefault.jpg,NUGGETS,UUSoW6PGON2SNX0OVXECvVtw,90,ii3FfFxFr2s,NUGGETS,UCSoW6PGON2SNX0OVXECvVtw,Y
youtube#video,vh3BT6mTOFy0Niw8UEE52nR0Muw,VVVTb1c2UEdPTjJTTlgwT1ZYRUN2VnR3Lkd1OHB5Z1dnRFdV,2024-04-10T13:14:49Z,UCSoW6PGON2SNX0OVXECvVtw,LITTLE GEM 021: Safe Deposit - Kitchen (Melody Mix),"Switzerland, 1993",https://i.ytimg.com/vi/Gu8pygWgDWU/hqdefault.jpg,NUGGETS,UUSoW6PGON2SNX0OVXECvVtw,91,Gu8pygWgDWU,NUGGETS,UCSoW6PGON2SNX0OVXECvVtw,Y
youtube#playlistItem,CHpz7fnwAjxEbSDDI6dFi9YNRJ8,VVVTb1c2UEdPTjJTTlgwT1ZYRUN2VnR3Lkt6NlUwd1I0Snpr,2024-04-09T18:56:06Z,UCSoW6PGON2SNX0OVXECvVtw,P.F.L. – Joy [Harmonious Thump!],"Discogs: https://www.discogs.com/release/2180382-PFL-Gimme-Love

Artist: P.F.L.
Track: Joy
EP Title: Gimme Love
Label: Harmonious Thump!
Catalog #: none
Genre: House
Year: ????

Just here to share our passion for good music. Any copyright issues? Please contact",https://i.ytimg.com/vi/Kz6U0wR4Jzk/hqdefault.jpg,NUGGETS,UUSoW6PGON2SNX0OVXECvVtw,92,Kz6U0wR4Jzk,NUGGETS,UCSoW6PGON2SNX0OVXECvVtw,Y
youtube#video,oPOD-LGmoYaa5YszZx217SD2ZdQ,VVVTb1c2UEdPTjJTTlgwT1ZYRUN2VnR3LmlTT1ZlRTRrMHZz,2024-04-02T14:05:55Z,UCSoW6PGON2SNX0OVXECvVtw,Control-X - Get Down [Big Fish Records],"Discogs: https://www.discogs.com/release/1057457-Control-X-Get-Down-I-Cant-Give-It-Up

Artist: Control-X
Track: Get Down
EP Title: Get Down / I Can't Give It Up
Label: Big Fish Records
Catalog #: none
Genre: House, Techno
Year: 1997

Just here to share our passion for good music. Any copyright issues? Please contact",https://i.ytimg.com/vi/iSOVeE4k0vs/hqdefault.jpg,NUGGETS,UUSoW6PGON2SNX0OVXECvVtw,93,iSOVeE4k0vs,NUGGETS,UCSoW6PGON2SNX0OVXECvVtw,Y
youtube#playlistItem,qamdkB24SlZJzHnr1iEGBvUg8pM,VVVTb1c2UEdPTjJTTlgwT1ZYRUN2VnR3LmQxc3F4Vld0bzBv,2024-03-25T16:39:44Z,UCSoW6PGON2SNX0OVXECvVtw,Ricardo Romero - Family Affair [IMX015],"Discogs: https://www.discogs.com/release/59130-Ricardo-Romero-Family-Affair

Artist: Ricardo Romero
Track: Family Affair
EP Title: Family Affair
Label: IMIX
Catalog #: IMX015
Genre: Progressive House, Tech House
Year: 2002

Just here to share our passion for good music. Any copyright issues? Please contact",https://i.ytimg.com/vi/d1sqxVWto0o/hqdefault.jpg,NUGGETS,UUSoW6PGON2SNX0OVXECvVtw,94,d1sqxVWto0o,NUGGETS,UCSoW6PGON2SNX0OVXECvVtw,Y
youtube#video,znD5t2yVmVjte8r-Z-qlf0jBjGM,VVVTb1c2UEdPTjJTTlgwT1ZYRUN2VnR3LlUwUU1peGs1R3hF,2024-03-20T19:38:49Z,UCSoW6PGON2SNX0OVXECvVtw,MDP – MM...Yeah (Radio Edit) [PH-06],"Discogs: https://www.discogs.com/release/404212-MDP-Anything-Better-Than-Nothing

Artist: MDP
Track: MM...Yeah (Radio Edit)
EP Title: Anything Better Than Nothing
Label: Progressive High
Catalog #: PH-06
Genre: Progressive House
Year: 1996

Just here to share our passion for good music. Any copyright issues? Please contact",https://i.ytimg.com/vi/U0QMixk5GxE/hqdefault.jpg,NUGGETS,UUSoW6PGON2SNX0OVXECvVtw,95,U0QMixk5GxE,NUGGETS,UCSoW6PGON2SNX0OVXECvVtw,Y
youtube#playlistItem,A8E03eYu3jJ9WJuLJnHUpk5FQB8,VVVTb1c2UEdPTjJTTlgwT1ZYRUN2VnR3Lklhb2ppSFBLTkRZ,2024-03-11T15:21:01Z,UCSoW6PGON2SNX0OVXECvVtw,Delinquent Bros. - Sweeter Music [COOL 96 10 002],"Discogs: https://www.discogs.com/release/2964987-Delinquent-Bros-Out-Of-The-Slum-EP

Artist: Delinquent Bros. 
Track: Sweeter Music
EP Title: Out Of The Slum E.P.
Label: DEFCOM Productions
Catalog #: COOL 96 10 002
Genre: House
Year: 1996

Just here to share our passion for good music. Any copyright issues? Please contact",https://i.ytimg.com/vi/IaojiHPKNDY/hqdefault.jpg,NUGGETS,UUSoW6PGON2SNX0OVXECvVtw,96,IaojiHPKNDY,NUGGETS,UCSoW6PGON2SNX0OVXECvVtw,Y
youtube#video,--m014Um2JAwzTIRjYjgynDkC9Y,VVVTb1c2UEdPTjJTTlgwT1ZYRUN2VnR3LlQ3VjItZkhGZDdz,2024-03-04T18:34:36Z,UCSoW6PGON2SNX0OVXECvVtw,Soïshi - Feel That Groove (Techno Mix) [MR 10],"Discogs: https://www.discogs.com/release/185886-So%C3%AFshi-Feel-That-Groove

Artist: Soïshi
Track: Feel That Groove (Techno Mix) 
EP Title: Feel That Groove 
Label: Main Room Records
Catalog #: MR 10
Genre: Techno, House
Year: 1997

Just here to share our passion for good music. Any copyright issues? Please contact",https://i.ytimg.com/vi/T7V2-fHFd7s/hqdefault.jpg,NUGGETS,UUSoW6PGON2SNX0OVXECvVtw,97,T7V2-fHFd7s,NUGGETS,UCSoW6PGON2SNX0OVXECvVtw,Y
youtube#playlistItem,_wtfd2nOQxtq3t9TEs1UwIbGwIc,VVVTb1c2UEdPTjJTTlgwT1ZYRUN2VnR3LmVNYlAydkU4dHRN,2024-02-28T15:24:36Z,UCSoW6PGON2SNX0OVXECvVtw,Genuine - Mekanik Trip [EJM 002-2],"Discogs: https://www.discogs.com/release/989136-Genuine-Red-Plastic-EP

Artist: Genuine
Track: Mekanik Trip
EP Title: Red Plastic EP
Label: Electron Records
Catalog #: EJM 002-2
Genre: Progressive House
Year: ????

Just here to share our passion for good music. Any copyright issues? Please contact",https://i.ytimg.com/vi/eMbP2vE8ttM/hqdefault.jpg,NUGGETS,UUSoW6PGON2SNX0OVXECvVtw,98,eMbP2vE8ttM,NUGGETS,UCSoW6PGON2SNX0OVXECvVtw,Y
youtube#video,HUZrhNxLfKOC2xTnl1s2cXctRQY,VVVTb1c2UEdPTjJTTlgwT1ZYRUN2VnR3LkJvdXl1bHFFdmdB,2024-02-26T19:31:03Z,UCSoW6PGON2SNX0OVXECvVtw,LITTLE GEM 020: Clubdeal 1 – Hypin' (Fun Edit),"Netherlands, 1995",https://i.ytimg.com/vi/BouyulqEvgA/hqdefault.jpg,NUGGETS,UUSoW6PGON2SNX0OVXECvVtw,99,BouyulqEvgA,NUGGETS,UCSoW6PGON2SNX0OVXECvVtw,Y
youtube#playlistItem,R6UjlINcx2qjFHyRg6SdlFUPO2o,VVVTb1c2UEdPTjJTTlgwT1ZYRUN2VnR3LmlSWTk2cldoNmhZ,2024-02-21T15:29:36Z,UCSoW6PGON2SNX0OVXECvVtw,Sympatico - Total Control [ICHOR 002],"Discogs: https://www.discogs.com/release/586593-Sympatico-X-Celerate-Total-Control-Lose-Control

Artist: Sympatico
Track: Total Control
EP Title: Total Control / Lose Control
Label: Ichor
Catalog #: ICHOR 002
Genre: Deep House
Year: 1992

Just here to share our passion for good music. Any copyright issues? Please contact",https://i.ytimg.com/vi/iRY96rWh6hY/hqdefault.jpg,NUGGETS,UUSoW6PGON2SNX0OVXECvVtw,100,iRY96rWh6hY,NUGGETS,UCSoW6PGON2SNX0OVXECvVtw,Y
youtube#video,KvNz9jgXogCRfOUwcjBQTTJL2_s,VVVTb1c2UEdPTjJTTlgwT1ZYRUN2VnR3LkpoaW9EZWZYQUxr,2024-02-13T19:37:44Z,UCSoW6PGON2SNX0OVXECvVtw,Up And Down - On Down Down (Iperacido) [TKN 014],"Discogs: https://www.discogs.com/release/409851-Up-And-Down-On-Down-Down

Artist: Up And Down
Track: On Down Down (Iperacido)
EP Title: On Down Down
Label: TKN Productions
Catalog #: TKN 014
Genre: Techno
Year: 1993

Just here to share our passion for good music. Any copyright issues? Please contact",https://i.ytimg.com/vi/JhioDefXALk/hqdefault.jpg,NUGGETS,UUSoW6PGON2SNX0OVXECvVtw,101,JhioDefXALk,NUGGETS,UCSoW6PGON2SNX0OVXECvVtw,Y
youtube#playlistItem,gE52fvzHHj4o7qdr8SOoWRYU4kg,VVVTb1c2UEdPTjJTTlgwT1ZYRUN2VnR3LlF0N05hN3FjN0p3,2024-02-09T10:40:27Z,UCSoW6PGON2SNX0OVXECvVtw,Power People - Untitled (A1) [PP110],"Discogs: https://www.discogs.com/release/15251419-Power-People-Untitled

Artist: Power People
Track: Untitled (A1)
EP Title: Untitled
Label: ????
Catalog #: PP110
Genre: House
Year: ????

Just here to share our passion for good music. Any copyright issues? Please contact",https://i.ytimg.com/vi/Qt7Na7qc7Jw/hqdefault.jpg,NUGGETS,UUSoW6PGON2SNX0OVXECvVtw,102,Qt7Na7qc7Jw,NUGGETS,UCSoW6PGON2SNX0OVXECvVtw,Y
youtube#video,aTkqlBBo-uuRaKK4XXKW-6YAXZE,VVVTb1c2UEdPTjJTTlgwT1ZYRUN2VnR3LkhteU1STzlEc3dF,2024-02-04T17:38:40Z,UCSoW6PGON2SNX0OVXECvVtw,Without Walls - There 4 U (Club Mix) [Scoff1205],"Discogs: https://www.discogs.com/release/585332-Without-Walls-There-4-U

Artist: Without Walls
Track: There 4 U (Club Mix)
EP Title: There 4 U
Label: Large Scoff Records
Catalog #: Scoff1205
Genre: House
Year: 1995

Just here to share our passion for good music. Any copyright issues? Please contact",https://i.ytimg.com/vi/HmyMRO9DswE/hqdefault.jpg,NUGGETS,UUSoW6PGON2SNX0OVXECvVtw,103,HmyMRO9DswE,NUGGETS,UCSoW6PGON2SNX0OVXECvVtw,Y
youtube#playlistItem,pml9B0yW_bQpW3BM7uYNx99fgCA,VVVTb1c2UEdPTjJTTlgwT1ZYRUN2VnR3LnlkZDFCeVdMeEgw,2024-01-21T18:52:36Z,UCSoW6PGON2SNX0OVXECvVtw,LITTLE GEM 019: P.V.Z. - Check Me Out (Part 1),"UK, ????",https://i.ytimg.com/vi/ydd1ByWLxH0/hqdefault.jpg,NUGGETS,UUSoW6PGON2SNX0OVXECvVtw,104,ydd1ByWLxH0,NUGGETS,UCSoW6PGON2SNX0OVXECvVtw,Y
youtube#video,X-nB4UXKb61RAgYAHF5Ap0YKLqE,VVVTb1c2UEdPTjJTTlgwT1ZYRUN2VnR3LmtBWHlrTFdIOWZn,2024-01-15T16:11:49Z,UCSoW6PGON2SNX0OVXECvVtw,Bang! - Rhythm (Bang Mix 1) [CLUB 02],"Discogs: https://www.discogs.com/release/80372-Bang-Rhythm

Artist: Bang!
Track: Rhythm (Bang Mix 1)
EP Title: Rhythm
Label: Large Club Records
Catalog #: CLUB 02
Genre: House
Year: 1997

Just here to share our passion for good music. Any copyright issues? Please contact",https://i.ytimg.com/vi/kAXykLWH9fg/hqdefault.jpg,NUGGETS,UUSoW6PGON2SNX0OVXECvVtw,105,kAXykLWH9fg,NUGGETS,UCSoW6PGON2SNX0OVXECvVtw,Y
youtube#playlistItem,JtrzPyfIKVsHxjkEk8V2I3VA6Ro,VVVTb1c2UEdPTjJTTlgwT1ZYRUN2VnR3Ll9hVllURFZBcDRZ,2024-01-01T12:55:40Z,UCSoW6PGON2SNX0OVXECvVtw,Voyager - From Yungas To Mompracem (Dance Together Mix) [HTC 94116],"Happy New Year! Dug up a bit damaged record from my collection but such a beautiful 10''. Cut the last 45 sec because of heavy skipping and uploaded as a free download on my soundcloud.
https://soundcloud.com/nuggets1990/voyager-from-yungas-to-mompracem-dance-together-mix

Enjoy and keep diggin'! 

Discogs: https://www.discogs.com/release/693374-Voyager-From-Yungas-To-Mompracem

Artist: Voyager
Track: From Yungas To Mompracem (Dance Together Mix)
EP Title: From Yungas To Mompracem
Label: Dogma Records
Catalog #: HTC 94116
Genre: Progressive House
Year: 1994

Just here to share our passion for good music. Any copyright issues? Please contact",https://i.ytimg.com/vi/_aVYTDVAp4Y/hqdefault.jpg,NUGGETS,UUSoW6PGON2SNX0OVXECvVtw,106,_aVYTDVAp4Y,NUGGETS,UCSoW6PGON2SNX0OVXECvVtw,Y
youtube#video,x0nn5mA7q782lmoWRpjurtOEtys,VVVTb1c2UEdPTjJTTlgwT1ZYRUN2VnR3LnRMOS1pc09vWVpr,2023-12-26T14:24:43Z,UCSoW6PGON2SNX0OVXECvVtw,MERRY X-MASS!,"Discogs: https://www.discogs.com/release/18265678-Out-Of-The-Vault-Mystery-Number-7

Artist: Out Of The Vault
Track: Mystery
EP Title: Mystery Number 7
Label: Out Of The Vault
Catalog #: TVOLT 7
Genre: Trance, House
Year: 1995

Just here to share our passion for good music. Any copyright issues? Please contact",https://i.ytimg.com/vi/tL9-isOoYZk/hqdefault.jpg,NUGGETS,UUSoW6PGON2SNX0OVXECvVtw,107,tL9-isOoYZk,NUGGETS,UCSoW6PGON2SNX0OVXECvVtw,Y
youtube#playlistItem,BQY5y2cjNK2igkijxC6JD4U8eFc,VVVTb1c2UEdPTjJTTlgwT1ZYRUN2VnR3LmJJTnZNQlAwb1BV,2023-12-19T15:25:42Z,UCSoW6PGON2SNX0OVXECvVtw,DJ Cordi - In A Gadda Da Vida [BLUE 002],"Discogs: https://www.discogs.com/release/2301360-DJ-Cordi-Electronika-EP-Vol-1

Artist: DJ Cordi
Track: In A Gadda Da Vida 
EP Title: Electronika E.P. Vol. 1
Label: Blue Moon
Catalog #: BLUE 002
Genre: Trance, Techno
Year: 1997

Just here to share our passion for good music. Any copyright issues? Please contact",https://i.ytimg.com/vi/bINvMBP0oPU/hqdefault.jpg,NUGGETS,UUSoW6PGON2SNX0OVXECvVtw,108,bINvMBP0oPU,NUGGETS,UCSoW6PGON2SNX0OVXECvVtw,Y
youtube#video,4ulyE1Lz51PYUJgs_pGCQMCTSm8,VVVTb1c2UEdPTjJTTlgwT1ZYRUN2VnR3LmlHcmc2djZpQnhv,2023-12-12T13:48:57Z,UCSoW6PGON2SNX0OVXECvVtw,Conceptual - Unforgiven [FRAC011],"Discogs: https://www.discogs.com/release/193063-Conceptual-Photon-Phreaquency

Artist: Conceptual
Track: Unforgiven
EP Title: Photon Phreaquency
Label: Fracas
Catalog #: FRAC011
Genre: Trance, Progressive House
Year: 2004

Just here to share our passion for good music. Any copyright issues? Please contact",https://i.ytimg.com/vi/iGrg6v6iBxo/hqdefault.jpg,NUGGETS,UUSoW6PGON2SNX0OVXECvVtw,109,iGrg6v6iBxo,NUGGETS,UCSoW6PGON2SNX0OVXECvVtw,Y
youtube#playlistItem,_Q4Bf1UAoJ08IOA5piuZqk0cuFQ,VVVTb1c2UEdPTjJTTlgwT1ZYRUN2VnR3LlpoUjJjZkZHX1Fz,2023-12-03T14:42:57Z,UCSoW6PGON2SNX0OVXECvVtw,Dr. Strangelove - Zero Tone [BTM004],"Discogs: https://www.discogs.com/release/220400-DrStrangelove-Clear-Light-Zero-Tone-From-Beyond

Artist: Dr. Strangelove
Track: Zero Tone
EP Title: Clear Light / Zero Tone / From Beyond
Label: Cheeky Records
Catalog #: BTM
Genre: Trance
Year: 1997

Just here to share our passion for good music. Any copyright issues? Please contact",https://i.ytimg.com/vi/ZhR2cfFG_Qs/hqdefault.jpg,NUGGETS,UUSoW6PGON2SNX0OVXECvVtw,110,ZhR2cfFG_Qs,NUGGETS,UCSoW6PGON2SNX0OVXECvVtw,Y
youtube#video,whS3AtrRgrNhob-N957Aohs6ozU,VVVTb1c2UEdPTjJTTlgwT1ZYRUN2VnR3LlphMmxaZ2VFc0c4,2023-11-14T14:05:30Z,UCSoW6PGON2SNX0OVXECvVtw,LITTLE GEM 018: Gash – Big Clam,"UK, 2002",https://i.ytimg.com/vi/Za2lZgeEsG8/hqdefault.jpg,NUGGETS,UUSoW6PGON2SNX0OVXECvVtw,111,Za2lZgeEsG8,NUGGETS,UCSoW6PGON2SNX0OVXECvVtw,Y
youtube#playlistItem,6Ouzp_fYBx5IE84i3shJlN6RYuw,VVVTb1c2UEdPTjJTTlgwT1ZYRUN2VnR3Lkp2Vm41UFQzRnhN,2023-11-12T15:44:36Z,UCSoW6PGON2SNX0OVXECvVtw,The Other Cheek – Turning (Dub Mix) [CHEEK001],"Discogs: https://www.discogs.com/release/16134154-The-Other-Cheek-Turning

Artist: The Other Cheek
Track: Turning
EP Title: Turning
Label: Cheeky Records
Catalog #: CHEEK001
Genre: House
Year: 1993

Just here to share our passion for good music. Any copyright issues? Please contact",https://i.ytimg.com/vi/JvVn5PT3FxM/hqdefault.jpg,NUGGETS,UUSoW6PGON2SNX0OVXECvVtw,112,JvVn5PT3FxM,NUGGETS,UCSoW6PGON2SNX0OVXECvVtw,Y
youtube#video,MYr8k1ZvsyjmuwGZdCSkVbtpUQQ,VVVTb1c2UEdPTjJTTlgwT1ZYRUN2VnR3LjdENjR4M3F6NGtB,2023-10-30T20:14:31Z,UCSoW6PGON2SNX0OVXECvVtw,Speakeasy - Keystoned Cops [CM 004],"Discogs: https://www.discogs.com/release/737984-Speakeasy-Makes-Me-Feel-Side-Goa-Gaya-Side

Artist: Speakeasy
Track: Keystoned Cops
EP Title: Makes Me Feel Side / Goa Gaya Side
Label: Corrosive Media GmbH
Catalog #: CM 004
Genre: Trance, Acid
Year: 1999

Just here to share our passion for good music. Any copyright issues? Please contact",https://i.ytimg.com/vi/7D64x3qz4kA/hqdefault.jpg,NUGGETS,UUSoW6PGON2SNX0OVXECvVtw,113,7D64x3qz4kA,NUGGETS,UCSoW6PGON2SNX0OVXECvVtw,Y
youtube#playlistItem,0xFohtntrkDyHOGznimEMxXRS8g,VVVTb1c2UEdPTjJTTlgwT1ZYRUN2VnR3Lkp5bnpOYldZckNF,2023-09-19T17:34:18Z,UCSoW6PGON2SNX0OVXECvVtw,LITTLE GEM 017: Taxhall Projekt Feat. Patrick Marsh & Aspiral – African T Time (Minimal Mix),"Germany, 1998",https://i.ytimg.com/vi/JynzNbWYrCE/hqdefault.jpg,NUGGETS,UUSoW6PGON2SNX0OVXECvVtw,114,JynzNbWYrCE,NUGGETS,UCSoW6PGON2SNX0OVXECvVtw,Y
youtube#video,bHV0cNRv7qBGWJZW8hvMFhi1kbY,VVVTb1c2UEdPTjJTTlgwT1ZYRUN2VnR3Lng3Y29GTVNOUDB3,2023-09-05T18:21:30Z,UCSoW6PGON2SNX0OVXECvVtw,The Sci-Fi Witch Doctor - The Sci-Fi Theory [ Impeccable],"Discogs: https://www.discogs.com/release/3328957-The-Sci-Fi-Witch-Doctor-Future-School-Visions

Artist: The Sci-Fi Witch Doctor
Track: The Sci-Fi Theory
EP Title: Future School Visions
Label: Impeccable
Catalog #: ????
Genre: Progressive House
Year: 1997

Just here to share our passion for good music. Any copyright issues? Please contact",https://i.ytimg.com/vi/x7coFMSNP0w/hqdefault.jpg,NUGGETS,UUSoW6PGON2SNX0OVXECvVtw,115,x7coFMSNP0w,NUGGETS,UCSoW6PGON2SNX0OVXECvVtw,Y
youtube#playlistItem,lRCpOBJimiTpAKjOgzPDnar9bWI,VVVTb1c2UEdPTjJTTlgwT1ZYRUN2VnR3LlBYMWdhRjctQm5v,2023-08-31T18:35:12Z,UCSoW6PGON2SNX0OVXECvVtw,PREMIERE: Clint - Earthchild [SUBMARINE CLUB VOL. 1],"CARGO Recording is a project initiated by the IBOAT’s team in Bordeaux. It supports artists through various tools such as a label, artistic residencies, workshops, publishing, professional accompaniment and visual arts. Submarine Club Vol.1 is the culmination of an artistic project and an accomplished vision of contemporary electronic music. In this first volume, 12 artists deliver their audio definition of the IBOAT Club and submarine dance. 

With previous releases on labels such as Slowciety and Slam City Jams Clint continues his foray into the world of euphoric trance atmospherics ready for any dance floor. Take deep dive into these trancy-house dance groovers!

The release will be a limited 150 copy distributed by Gimme sound and only 50 copies in CD.

https://cargorecording.bandcamp.com/album/submarine-club-vol-1
https://soundcloud.com/iboat
https://www.instagram.com/gimmesound/",https://i.ytimg.com/vi/PX1gaF7-Bno/hqdefault.jpg,NUGGETS,UUSoW6PGON2SNX0OVXECvVtw,116,PX1gaF7-Bno,NUGGETS,UCSoW6PGON2SNX0OVXECvVtw,Y
youtube#video,1wEWeFI5eFEXF3qZDUYkwwEdXP4,VVVTb1c2UEdPTjJTTlgwT1ZYRUN2VnR3LmdpdXpXemQzdU5F,2023-08-23T12:38:07Z,UCSoW6PGON2SNX0OVXECvVtw,Unknown Artist - Fingered [S009],"Discogs: https://www.discogs.com/release/2037229-Unknown-Artist-Retro-Tonics-EP

Artist: ????
Track: Fingered
EP Title: Retro Tonics EP
Label: ????
Catalog #: S009
Genre: House
Year: ????

Just here to share our passion for good music. Any copyright issues? Please contact",https://i.ytimg.com/vi/giuzWzd3uNE/hqdefault.jpg,NUGGETS,UUSoW6PGON2SNX0OVXECvVtw,117,giuzWzd3uNE,NUGGETS,UCSoW6PGON2SNX0OVXECvVtw,Y
youtube#playlistItem,07QR994z5ZH79Wk1mUeOYbM1q-s,VVVTb1c2UEdPTjJTTlgwT1ZYRUN2VnR3LnRlUGRaZ0RVRUhF,2023-08-14T11:10:18Z,UCSoW6PGON2SNX0OVXECvVtw,Fortune Cookies - Galactic Snackbar [PHF 6805/1],"Discogs: https://www.discogs.com/release/929897-Fortune-Cookies-Green-Lemon-EP

Artist: Fortune Cookies
Track: Galactic Snackbar
EP Title: Green Lemon EP
Label: Marguerite
Catalog #: PHF 6805/1
Genre: House, Progressive House
Year: ????

Just here to share our passion for good music. Any copyright issues? Please contact",https://i.ytimg.com/vi/tePdZgDUEHE/hqdefault.jpg,NUGGETS,UUSoW6PGON2SNX0OVXECvVtw,118,tePdZgDUEHE,NUGGETS,UCSoW6PGON2SNX0OVXECvVtw,Y
youtube#video,4jtQRJ9D-t-tSUOx0BVLr-liRrw,VVVTb1c2UEdPTjJTTlgwT1ZYRUN2VnR3LjVWLXNZSTJMdUxV,2023-07-31T17:32:46Z,UCSoW6PGON2SNX0OVXECvVtw,LITTLE GEM 016: T.H. Reingold Featuring Mad Max - Criminal Justice,"Germany, 1999",https://i.ytimg.com/vi/5V-sYI2LuLU/hqdefault.jpg,NUGGETS,UUSoW6PGON2SNX0OVXECvVtw,119,5V-sYI2LuLU,NUGGETS,UCSoW6PGON2SNX0OVXECvVtw,Y
youtube#playlistItem,jWF8-K1UuumTvrs0WI1hYjR7ZKU,VVVTb1c2UEdPTjJTTlgwT1ZYRUN2VnR3Lk9TbFg1ZktkaENR,2023-07-18T15:08:03Z,UCSoW6PGON2SNX0OVXECvVtw,Durst 20 - Blue Tar [GAL - 00002],"Discogs: https://www.discogs.com/release/4028402-Durst-20-Wheeler

Artist: Durst 20
Track: Blue Tar
EP Title: Wheeler
Label: Gala
Catalog #: GAL - 00002
Genre: IDM, Techno
Year: ????

Just here to share our passion for good music. Any copyright issues? Please contact",https://i.ytimg.com/vi/OSlX5fKdhCQ/hqdefault.jpg,NUGGETS,UUSoW6PGON2SNX0OVXECvVtw,120,OSlX5fKdhCQ,NUGGETS,UCSoW6PGON2SNX0OVXECvVtw,Y
youtube#video,8gQefTbfC-4K6JqDFUK7PCEBuA4,VVVTb1c2UEdPTjJTTlgwT1ZYRUN2VnR3LjZHdUdUSVJhdWhR,2023-07-04T16:51:11Z,UCSoW6PGON2SNX0OVXECvVtw,T.A. Mix Crew - Swing Your Body [TRIGG 001],"Discogs: https://www.discogs.com/release/12011131-TA-Mix-Crew-Original-Move

Artist: T.A. Mix Crew
Track: Swing Your Body
EP Title: Original Move
Label: Trigg A Mix Records
Catalog #: TRIGG 001
Genre: House, Acid 
Year: ????

Just here to share our passion for good music. Any copyright issues? Please contact",https://i.ytimg.com/vi/6GuGTIRauhQ/hqdefault.jpg,NUGGETS,UUSoW6PGON2SNX0OVXECvVtw,121,6GuGTIRauhQ,NUGGETS,UCSoW6PGON2SNX0OVXECvVtw,Y
youtube#playlistItem,-k0G1kusH8cZoe918Q7uSwba-kk,VVVTb1c2UEdPTjJTTlgwT1ZYRUN2VnR3LkNwX01CVDZ5bHdV,2023-07-02T17:32:48Z,UCSoW6PGON2SNX0OVXECvVtw,Luca Palmerini - A Moonlight Rainbow [SLEEVE004],"Discogs: https://www.discogs.com/release/27296748-Luca-Palmerini-Selected-Works

Artist: Luca Palmerini
Track: A Moonlight Rainbow
EP Title: Selected Works
Label: Sleeve Records
Catalog #: SLEEVE004
Genre: House, Techno
Year: 2023

Just here to share our passion for good music. Any copyright issues? Please contact",https://i.ytimg.com/vi/Cp_MBT6ylwU/hqdefault.jpg,NUGGETS,UUSoW6PGON2SNX0OVXECvVtw,122,Cp_MBT6ylwU,NUGGETS,UCSoW6PGON2SNX0OVXECvVtw,Y
youtube#video,s5jAy-Jh32q6c2Ek1k0Ey2wO9sU,VVVTb1c2UEdPTjJTTlgwT1ZYRUN2VnR3LkRFa1MzNXN5VnpF,2023-06-29T11:21:06Z,UCSoW6PGON2SNX0OVXECvVtw,LITTLE GEM 015: P.F.L. - Take Me Away,"UK, House, White label",https://i.ytimg.com/vi/DEkS35syVzE/hqdefault.jpg,NUGGETS,UUSoW6PGON2SNX0OVXECvVtw,123,DEkS35syVzE,NUGGETS,UCSoW6PGON2SNX0OVXECvVtw,Y
youtube#playlistItem,dxicOxeD5YR1R5RWVLPsUX5bSro,VVVTb1c2UEdPTjJTTlgwT1ZYRUN2VnR3LjRYdUhJVEFHbFFV,2023-05-30T13:19:37Z,UCSoW6PGON2SNX0OVXECvVtw,Red Ant - Waiting For A Miracle (Bonesy's Re-Writing The Rulebook Mix) [RAR004],"Discogs: https://www.discogs.com/release/345517-Red-Ant-Waiting-For-A-Miracle

Artist: Red Ant
Track: Waiting For A Miracle (Bonesy's Re-Writing The Rulebook Mix)
EP Title: Waiting For A Miracle
Label: Red Ant Records
Catalog #: RAR004
Genre: Progressive House, House
Year: 1996

Just here to share our passion for good music. Any copyright issues? Please contact",https://i.ytimg.com/vi/4XuHITAGlQU/hqdefault.jpg,NUGGETS,UUSoW6PGON2SNX0OVXECvVtw,124,4XuHITAGlQU,NUGGETS,UCSoW6PGON2SNX0OVXECvVtw,Y
youtube#video,_3q6z6L89IVKoGGGNOTNO582Skg,VVVTb1c2UEdPTjJTTlgwT1ZYRUN2VnR3LnN3cGR0bHZnRndB,2023-05-15T18:47:06Z,UCSoW6PGON2SNX0OVXECvVtw,EDIT SERVICE: LATE NIGHT WORKOUT,"Most fun part about the channel is meeting new people who are as (or even more) passionate about the music as I am. Providing me with new directions to dig or even sharing music they make. I thought it would be fun to upload some from time to time, with their consent ofcourse:)

It's time for another round of the Edit Service. This time on the menu a mystery for Wroclaw, Maciej Kozak, running the delighted Late Night Workout channel. Delivers almost daily with the dopes uploads mainly focused on unheard gems form the early 00's, it's been a go to for me with every upload. A big fan since the beginning, today he shares one of his latest work! 

https://www.youtube.com/@LateNightWorkout
https://soundcloud.com/mcjkzk

Ask and you shall receive, DM Maciej on Instagram and a small gift will be presented ;)

https://www.instagram.com/late.night.workout/",https://i.ytimg.com/vi/swpdtlvgFwA/hqdefault.jpg,NUGGETS,UUSoW6PGON2SNX0OVXECvVtw,125,swpdtlvgFwA,NUGGETS,UCSoW6PGON2SNX0OVXECvVtw,Y
youtube#playlistItem,eVIPFJMwbxxDNa2IQBbv-9zZ-Ps,VVVTb1c2UEdPTjJTTlgwT1ZYRUN2VnR3LlRKeTltX08zeWtJ,2023-04-09T17:07:46Z,UCSoW6PGON2SNX0OVXECvVtw,Gold Coast - Better Vibes (Ghana Dub) [12ROB34],"Happy Easter all! Due to a renovation at home I'm forced to store my records and equipment and won't be able to upload anything on the channel for the next 4 to 5 weeks. To make it up to you, while storing my records I came across this record that I had no idea I owned or even known what is was. Fun surprise for sure and now you can download it for free.

https://soundcloud.com/nuggets1990/gold-coast-better-vibes-ghana-dub

Also, the guys from Nugs on Board ask me to do a little mix for their dope nugcast mix series. If you haven't heard of them before go check them out! Lot of cool stuff to dig in to!

https://soundcloud.com/nugsonboardlabel/nugcast-26-nuggets

Take care and keep digging :)",https://i.ytimg.com/vi/TJy9m_O3ykI/hqdefault.jpg,NUGGETS,UUSoW6PGON2SNX0OVXECvVtw,126,TJy9m_O3ykI,NUGGETS,UCSoW6PGON2SNX0OVXECvVtw,Y
youtube#video,yb6UnlMr7ck7vBKD-XGRkIdc38g,VVVTb1c2UEdPTjJTTlgwT1ZYRUN2VnR3LkZLYXVhek9qbkJz,2023-03-26T15:51:22Z,UCSoW6PGON2SNX0OVXECvVtw,LITTLE GEM 014: Silver Pearl - Kick It Yes!,"UK, 1995",https://i.ytimg.com/vi/FKauazOjnBs/hqdefault.jpg,NUGGETS,UUSoW6PGON2SNX0OVXECvVtw,127,FKauazOjnBs,NUGGETS,UCSoW6PGON2SNX0OVXECvVtw,Y
youtube#playlistItem,wx7H2Yqy_0KvtmU5cEg4hyeBYoA,VVVTb1c2UEdPTjJTTlgwT1ZYRUN2VnR3LkE3ck5hdVlkcFJR,2023-03-19T17:13:06Z,UCSoW6PGON2SNX0OVXECvVtw,I.D. - Deep Forest Gateaux [OOH003],"Discogs: https://www.discogs.com/release/689192-ID-Sands-Of-The-Desert-EP

Artist: I.D.
Track: Deep Forest Gateaux
EP Title: Sands Of The Desert E.P.
Label: Ooh! Outstanding Original House
Catalog #: OOH003
Genre: House
Year: 1996

Just here to share our passion for good music. Any copyright issues? Please contact",https://i.ytimg.com/vi/A7rNauYdpRQ/hqdefault.jpg,NUGGETS,UUSoW6PGON2SNX0OVXECvVtw,128,A7rNauYdpRQ,NUGGETS,UCSoW6PGON2SNX0OVXECvVtw,Y
youtube#video,F56q4SgcxGGT73V69kapnGE0AQU,VVVTb1c2UEdPTjJTTlgwT1ZYRUN2VnR3LjBXbTRDNUhSREw4,2023-03-12T14:01:57Z,UCSoW6PGON2SNX0OVXECvVtw,E-Day - Today [12FW009],"Discogs: https://www.discogs.com/release/200585-E-Day-EP-Vol-1

Artist: E-Day
Track: Today
EP Title: EP Vol. 1
Label: Fifth World
Catalog #: 12FW009
Genre: House
Year: 1993

Just here to share our passion for good music. Any copyright issues? Please contact",https://i.ytimg.com/vi/0Wm4C5HRDL8/hqdefault.jpg,NUGGETS,UUSoW6PGON2SNX0OVXECvVtw,129,0Wm4C5HRDL8,NUGGETS,UCSoW6PGON2SNX0OVXECvVtw,Y
youtube#playlistItem,J2OLIuplOgvl78yV4-lnkx5k-l0,VVVTb1c2UEdPTjJTTlgwT1ZYRUN2VnR3LkhMWnhUTy1VaU9J,2023-03-07T13:58:33Z,UCSoW6PGON2SNX0OVXECvVtw,Disscode - I Need A Man (Hard 2 Dance Wizz'ard Remix) [WIZZ20],"Discogs: https://www.discogs.com/release/10357353-Disscode-I-Need-A-Man

Artist: Disscode
Track: I Need A Man (Hard 2 Dance Wizz'ard Remix)
EP Title: I Need A Man
Label: Wizz Records
Catalog #: WIZZ20
Genre: Progressive House, House
Year: 1995

Just here to share our passion for good music. Any copyright issues? Please contact",https://i.ytimg.com/vi/HLZxTO-UiOI/hqdefault.jpg,NUGGETS,UUSoW6PGON2SNX0OVXECvVtw,130,HLZxTO-UiOI,NUGGETS,UCSoW6PGON2SNX0OVXECvVtw,Y
youtube#video,CRNQHa-xsdL2ySNAAsvHnfDNBrw,VVVTb1c2UEdPTjJTTlgwT1ZYRUN2VnR3LjFaVUpvX2pXeDA0,2023-02-26T17:53:44Z,UCSoW6PGON2SNX0OVXECvVtw,Phunky Torso - Power [TRY 16],"Discogs: https://www.discogs.com/release/100036-Phunky-Torso-Innocent-Desire

Artist: Phunky Torso
Track: Power
EP Title: Innocent/Desire
Label: Triumph Records
Catalog #: TRY 16
Genre: Progressive House, Techno
Year: 1993

Just here to share our passion for good music. Any copyright issues? Please contact",https://i.ytimg.com/vi/1ZUJo_jWx04/hqdefault.jpg,NUGGETS,UUSoW6PGON2SNX0OVXECvVtw,131,1ZUJo_jWx04,NUGGETS,UCSoW6PGON2SNX0OVXECvVtw,Y
youtube#playlistItem,TNf3xm4zVOzidKrwquQERyRvpi4,VVVTb1c2UEdPTjJTTlgwT1ZYRUN2VnR3LlVCcHBCYlJtRzhj,2023-02-20T15:51:00Z,UCSoW6PGON2SNX0OVXECvVtw,EDIT SERVICE: 151 SOUNDSYSTEM,"Most fun part about the channel is meeting new people who are as (or even more) passionate about the music as I am. Providing me with new directions to dig or even sharing music they make. I thought it would be fun to upload some from time to time, with their consent ofcourse:)

Next up needs no introduction. Running the mighty 151 soundsystem, which inspired me to share my collection, Pablo and I have been in contact since the early days of the channel and shared his wishdom. It's safe to say music runs through his veins. Has several projects running, including the killer pokedex series, now he's providing us his editing skills! Sounds familiar? Could be as it's freshly dropped on his lastest mix for Luzerna records

https://soundcloud.com/luzernarecords/151-soundsystem-luzerna-podcast-001
https://soundcloud.com/pokedexmixseries

Original: https://www.discogs.com/release/686380-Story-Of-O-Just-Say-Yes

Just here to share our passion for good music. Any copyright issues? Please contact",https://i.ytimg.com/vi/UBppBbRmG8c/hqdefault.jpg,NUGGETS,UUSoW6PGON2SNX0OVXECvVtw,132,UBppBbRmG8c,NUGGETS,UCSoW6PGON2SNX0OVXECvVtw,Y
youtube#video,LreJJZ_XfkMtXtnLHuT05MA-R7w,VVVTb1c2UEdPTjJTTlgwT1ZYRUN2VnR3Lk9FalJfZFBLZjJz,2023-02-07T13:21:14Z,UCSoW6PGON2SNX0OVXECvVtw,The Wizard Of Oz - Re-Route (Valentine Remix) [SR 001],"Discogs: https://www.discogs.com/release/11634709-The-Wizard-Of-Oz-Route-45

Artist: The Wizard Of Oz
Track: Re-Route (Valentine Remix)
EP Title: Route 45
Label: Constant Bliss Records
Catalog #: SR 001
Genre: Progressive House, Progressive Trance
Year: 1993

Just here to share our passion for good music. Any copyright issues? Please contact",https://i.ytimg.com/vi/OEjR_dPKf2s/hqdefault.jpg,NUGGETS,UUSoW6PGON2SNX0OVXECvVtw,133,OEjR_dPKf2s,NUGGETS,UCSoW6PGON2SNX0OVXECvVtw,Y
youtube#playlistItem,KS5QEodMEaRF8fY3crgzZRPNVnc,VVVTb1c2UEdPTjJTTlgwT1ZYRUN2VnR3LmROLTdKOGphUFRn,2023-02-01T18:31:21Z,UCSoW6PGON2SNX0OVXECvVtw,Rhythm Friends - Work That Body (Progressive Mix) [LTU-002],"Discogs: https://www.discogs.com/release/3636215-Rhythm-Friends-Work-That-Body

Artist: Rhythm Friendds
Track: Work That Body (Progressive Mix)
EP Title: Work That Body
Label: Litium Records
Catalog #: LTU-002
Genre: Progressive House
Year: 1996

Just here to share our passion for good music. Any copyright issues? Please contact",https://i.ytimg.com/vi/dN-7J8jaPTg/hqdefault.jpg,NUGGETS,UUSoW6PGON2SNX0OVXECvVtw,134,dN-7J8jaPTg,NUGGETS,UCSoW6PGON2SNX0OVXECvVtw,Y
youtube#video,fijgbnHl8jPd69xvc5Yp7gZ4B1E,VVVTb1c2UEdPTjJTTlgwT1ZYRUN2VnR3LklaTklXREtSeVpV,2023-01-24T13:23:20Z,UCSoW6PGON2SNX0OVXECvVtw,Urban Ritual - Do-it [ELEC 116],"Discogs: https://www.discogs.com/release/13834601-Urban-Ritual-EP

Artist: Urban Ritual
Track: Do-It
EP Title: EP
Label: Dance Record
Catalog #: ELEC - 116
Genre: Trance
Year: ????

Just here to share our passion for good music. Any copyright issues? Please contact",https://i.ytimg.com/vi/IZNIWDKRyZU/hqdefault.jpg,NUGGETS,UUSoW6PGON2SNX0OVXECvVtw,135,IZNIWDKRyZU,NUGGETS,UCSoW6PGON2SNX0OVXECvVtw,Y
youtube#playlistItem,J86OJrjjq647pOp_cI0QP4vDxak,VVVTb1c2UEdPTjJTTlgwT1ZYRUN2VnR3Lk1VTTJoVUlCMlJV,2023-01-17T12:18:00Z,UCSoW6PGON2SNX0OVXECvVtw,National Basskit Act - Clouds (Wish We Were) [PK 70020],"Discogs: https://www.discogs.com/release/145806-National-Basskit-Act-Clouds-Wish-We-Were

Artist: National Basskit Act
Track: Clouds (Wish We Were)
EP Title: Clouds (Wish We Were)
Label: Peek-A-Boo Records
Catalog #: PK 70020
Genre: House, Techno, Acid
Year: 1996

Just here to share our passion for good music. Any copyright issues? Please contact",https://i.ytimg.com/vi/MUM2hUIB2RU/hqdefault.jpg,NUGGETS,UUSoW6PGON2SNX0OVXECvVtw,136,MUM2hUIB2RU,NUGGETS,UCSoW6PGON2SNX0OVXECvVtw,Y
youtube#video,e3vhnuBMNdub9VBm82nxV43FVTk,VVVTb1c2UEdPTjJTTlgwT1ZYRUN2VnR3Lk9QSkpWQkZMNUNB,2023-01-11T19:40:46Z,UCSoW6PGON2SNX0OVXECvVtw,LITTLE GEM 013: Joy Ful Noise - Pozitive (Trance House Mix),"Italy, 1997",https://i.ytimg.com/vi/OPJJVBFL5CA/hqdefault.jpg,NUGGETS,UUSoW6PGON2SNX0OVXECvVtw,137,OPJJVBFL5CA,NUGGETS,UCSoW6PGON2SNX0OVXECvVtw,Y
youtube#playlistItem,dHplczDPa4WUTmB_83XMo853aBc,VVVTb1c2UEdPTjJTTlgwT1ZYRUN2VnR3LmtiVVdkZmJwOFB3,2023-01-08T11:57:18Z,UCSoW6PGON2SNX0OVXECvVtw,Tanzen - Carillon (Dance Version) [HRS 008],"Discogs: https://www.discogs.com/release/1462303-Tanzen-Carillon

Artist: Tanzen
Track: Carillon (Dance Version)
EP Title: Carillon
Label: Heroes Records
Catalog #: HRS 008
Genre: Progressive Trance
Year: 1997

Just here to share our passion for good music. Any copyright issues? Please contact",https://i.ytimg.com/vi/kbUWdfbp8Pw/hqdefault.jpg,NUGGETS,UUSoW6PGON2SNX0OVXECvVtw,138,kbUWdfbp8Pw,NUGGETS,UCSoW6PGON2SNX0OVXECvVtw,Y
youtube#video,PtOkMy8H27XXv6p2gKPlulat2og,VVVTb1c2UEdPTjJTTlgwT1ZYRUN2VnR3LkpBbWQ0a3NUYUU0,2023-01-03T20:25:20Z,UCSoW6PGON2SNX0OVXECvVtw,Global Split - It's A... (Trance Mix) [CX 01],"Discogs: https://www.discogs.com/release/311697-Global-Split-Its-A-

Artist: Global Split
Track: It's A... (Trance Mix)
EP Title: It's A...
Label: Twelve Seventeen
Catalog #: CX 01
Genre: House
Year: 1994

Just here to share our passion for good music. Any copyright issues? Please contact",https://i.ytimg.com/vi/JAmd4ksTaE4/hqdefault.jpg,NUGGETS,UUSoW6PGON2SNX0OVXECvVtw,139,JAmd4ksTaE4,NUGGETS,UCSoW6PGON2SNX0OVXECvVtw,Y
youtube#playlistItem,L92Tkiwwgl7Dl0TK4DHGjYaEvVM,VVVTb1c2UEdPTjJTTlgwT1ZYRUN2VnR3LlRqTURfUFJ2dTg0,2022-12-26T17:26:42Z,UCSoW6PGON2SNX0OVXECvVtw,Georgio Schultz - Trance [ARS 3770],"Happy Holidays! Just to show a little love to all you diggers here's a little something up for download


https://soundcloud.com/nuggets1990/georgio-schultz-trance

The Notorious 151 Soundsystem also ask me to do a little mix for his banging Pokédex series. If you haven't checked out this account already go ahead and listen to some of the best diggers in the game

https://soundcloud.com/pokedexmixseries/pokedex12

Just here to share our passion for good music. Any copyright issues? Please contact",https://i.ytimg.com/vi/TjMD_PRvu84/hqdefault.jpg,NUGGETS,UUSoW6PGON2SNX0OVXECvVtw,140,TjMD_PRvu84,NUGGETS,UCSoW6PGON2SNX0OVXECvVtw,Y
youtube#video,16CUinoiwn3urOnuZZZMhvU3MhE,VVVTb1c2UEdPTjJTTlgwT1ZYRUN2VnR3LjNybHdrOVl6SFJr,2022-12-20T13:14:22Z,UCSoW6PGON2SNX0OVXECvVtw,F.S. Afterwork - Your Hammer (Underground Version) [ELITE 012-95],"Discogs: https://www.discogs.com/release/1174329-FS-Afterwork-Your-Hammer

Artist: F.S. Afterwork 
Track: Your Hammer (Underground Version)
EP Title: Your Hammer
Label:  Elite
Catalog #: ELITE 012-95
Genre: Progressive House, House
Year: 1995

Just here to share our passion for good music. Any copyright issues? Please contact",https://i.ytimg.com/vi/3rlwk9YzHRk/hqdefault.jpg,NUGGETS,UUSoW6PGON2SNX0OVXECvVtw,141,3rlwk9YzHRk,NUGGETS,UCSoW6PGON2SNX0OVXECvVtw,Y
youtube#playlistItem,AvVcrPyaQHNZMbrunNCnXcmhLYM,VVVTb1c2UEdPTjJTTlgwT1ZYRUN2VnR3Lk8wNWs2UXprb1Fz,2022-12-13T14:10:46Z,UCSoW6PGON2SNX0OVXECvVtw,EDIT SERVICE: DIRAC,"Most fun part about the channel is meeting new people who are as (or even more) passionate about the music as I am. Providing me with new directions to dig or even sharing music they make. I thought it would be fun to upload some from time to time, with their consent ofcourse:)

First up is wizard of edits, Dirac. He has a nack for spicing up unknown records with a subtle touch making them ready for the dancefloor. Besides making killer edits this guy has a serious deep record bag so go check him out!

https://soundcloud.com/diracc

Original: https://www.discogs.com/release/2371754-DJ-Libelula-I-Do-Believe



Just here to share our passion for good music. Any copyright issues? Please contact",https://i.ytimg.com/vi/O05k6QzkoQs/hqdefault.jpg,NUGGETS,UUSoW6PGON2SNX0OVXECvVtw,142,O05k6QzkoQs,NUGGETS,UCSoW6PGON2SNX0OVXECvVtw,Y
youtube#video,z0yf-sfRYsDs0x-B0wNDXSY6hF4,VVVTb1c2UEdPTjJTTlgwT1ZYRUN2VnR3LnJnb1g2NFZJbHdv,2022-12-06T12:03:24Z,UCSoW6PGON2SNX0OVXECvVtw,LITTLE GEM 012: Gianluigi Tarnassi – Alpha Jungle (Progressive Two),"Belgium, 1995",https://i.ytimg.com/vi/rgoX64VIlwo/hqdefault.jpg,NUGGETS,UUSoW6PGON2SNX0OVXECvVtw,143,rgoX64VIlwo,NUGGETS,UCSoW6PGON2SNX0OVXECvVtw,Y
youtube#playlistItem,uU-p_GpHf5spAvuZEZr43YrWvlU,VVVTb1c2UEdPTjJTTlgwT1ZYRUN2VnR3LlFIUlpUeXZFSlJr,2022-11-14T19:53:48Z,UCSoW6PGON2SNX0OVXECvVtw,Trance Action - Non Stop (Dance) [NS003],"Discogs: https://www.discogs.com/release/2162508-Trance-Action-Non-Stop-EP

Artist: Trance Action
Track: Non Stop (Dance)
EP Title: Non Stop EP
Label: Non Stop Records
Catalog #: NS003
Genre: House, Acid
Year: ????

Just here to share our passion for good music. Any copyright issues? Please contact",https://i.ytimg.com/vi/QHRZTyvEJRk/hqdefault.jpg,NUGGETS,UUSoW6PGON2SNX0OVXECvVtw,144,QHRZTyvEJRk,NUGGETS,UCSoW6PGON2SNX0OVXECvVtw,Y
youtube#video,eeWLhwXAC-gNL3s6EVp1wBOQlhE,VVVTb1c2UEdPTjJTTlgwT1ZYRUN2VnR3LkhqbjRDd0ZPTUJB,2022-11-06T13:37:58Z,UCSoW6PGON2SNX0OVXECvVtw,Urban Solution - Reflection (Heaven Version) [WDR 004],"Discogs: https://www.discogs.com/release/839198-Urban-Solution-Reflection

Artist: Urban Solution
Track: Reflection (Heaven Version)
EP Title: Reflection
Label: Voodoo Records
Catalog #: WDR 004
Genre: Tribal House, Trance
Year: 1994

Just here to share our passion for good music. Any copyright issues? Please contact",https://i.ytimg.com/vi/Hjn4CwFOMBA/hqdefault.jpg,NUGGETS,UUSoW6PGON2SNX0OVXECvVtw,145,Hjn4CwFOMBA,NUGGETS,UCSoW6PGON2SNX0OVXECvVtw,Y
youtube#playlistItem,FeRr9__pfhXO4nYqjsRfda6qrKg,VVVTb1c2UEdPTjJTTlgwT1ZYRUN2VnR3LjJKTnViVFJSajFr,2022-10-31T18:48:53Z,UCSoW6PGON2SNX0OVXECvVtw,Midi Network - Sunrise (Tuch Da Sun) [OOG+001],"Discogs: https://www.discogs.com/release/450226-Midi-Network-Sunrise-Over-Legoland-EP

Artist: Midi Network
Track: Sunrise (Tuch Da Sun)
EP Title: Sunrise Over Legoland E.P.
Label: Organic
Catalog #: OOG+001
Genre: House
Year: 1992

Just here to share our passion for good music. Any copyright issues? Please contact",https://i.ytimg.com/vi/2JNubTRRj1k/hqdefault.jpg,NUGGETS,UUSoW6PGON2SNX0OVXECvVtw,146,2JNubTRRj1k,NUGGETS,UCSoW6PGON2SNX0OVXECvVtw,Y
youtube#video,kYnt_qSdD4f-IKydo9OoQtrPFfU,VVVTb1c2UEdPTjJTTlgwT1ZYRUN2VnR3LjlhZnBGRjM4Nl9Z,2022-10-17T18:35:11Z,UCSoW6PGON2SNX0OVXECvVtw,Wax Factor - Gimme Some Of Your Spirit (The Prophet's U.S. Tour) [GBOY 14],"Discogs: https://www.discogs.com/release/132642-Wax-Factor-Gimme-Some-Of-Your-Spirit

Artist: Wax Factor
Track: Gimme Some Of Your Spirit (The Prophet's U.S. Tour)
EP Title: Gimme Some Of Your Spirit
Label: Good Boy Records
Catalog #: GBOY 14
Genre: House, Progressive House
Year: 1994

Just here to share our passion for good music. Any copyright issues? Please contact",https://i.ytimg.com/vi/9afpFF386_Y/hqdefault.jpg,NUGGETS,UUSoW6PGON2SNX0OVXECvVtw,147,9afpFF386_Y,NUGGETS,UCSoW6PGON2SNX0OVXECvVtw,Y
youtube#playlistItem,ayLcvfVevlV38OU0j2QajAmUFa8,VVVTb1c2UEdPTjJTTlgwT1ZYRUN2VnR3LlFwNkwtWDFyWWE0,2022-10-11T14:11:45Z,UCSoW6PGON2SNX0OVXECvVtw,PREMIERE: Asphalt DJ & Gzardin - Now & Zen [ODDY 001],"Dear friends and founders of the Amsterdam based platform Oddysee has started a new chapter. The fresh headhonchos invited two newcomers for their first release, the Tel-Aviv based producers Asphalt DJ and Gzardin surface on Oddysee for their anticipated debut. I proudley present to you the title track of the EP before it hit the shelves in November. A transcendental trip of a deep and propulsive club bouncer hitting on the intersection of the 90s and the fresh-minded sound of today, the four tracker is a clear view on what to expect in the future. Keep an eye out for these guys if you haven't already because they gonna make some waves!

https://oddysee.fm/
https://oddysee.bandcamp.com/album/now-zen
https://soundcloud.com/asphaltdj
https://soundcloud.com/gzardin",https://i.ytimg.com/vi/Qp6L-X1rYa4/hqdefault.jpg,NUGGETS,UUSoW6PGON2SNX0OVXECvVtw,148,Qp6L-X1rYa4,NUGGETS,UCSoW6PGON2SNX0OVXECvVtw,Y
youtube#video,8OaCM_cblJpKSxW-f-eYIdpZGjQ,VVVTb1c2UEdPTjJTTlgwT1ZYRUN2VnR3LlJ1RTA5aWFuT1Qw,2022-09-27T15:18:20Z,UCSoW6PGON2SNX0OVXECvVtw,LITTLE GEM 011: K & N Project – Get To It,"UK, 1996",https://i.ytimg.com/vi/RuE09ianOT0/hqdefault.jpg,NUGGETS,UUSoW6PGON2SNX0OVXECvVtw,149,RuE09ianOT0,NUGGETS,UCSoW6PGON2SNX0OVXECvVtw,Y
youtube#playlistItem,_6gmEtVk2uxxpGaXGmWCLPPled4,VVVTb1c2UEdPTjJTTlgwT1ZYRUN2VnR3LmZaVjdBaUF4cGVj,2022-09-21T16:18:18Z,UCSoW6PGON2SNX0OVXECvVtw,Precious - How Can You (On The Floor Mix) [JAM 12-001],"Discogs: https://www.discogs.com/release/529070-Precious-How-Can-You

Artist: Precious
Track: How Can You (On The Floor Mix)
EP Title: How Can You
Label: Jamm Records
Catalog #: JAM 12-001
Genre: House, Trance
Year: 1993

Just here to share our passion for good music. Any copyright issues? Please contact",https://i.ytimg.com/vi/fZV7AiAxpec/hqdefault.jpg,NUGGETS,UUSoW6PGON2SNX0OVXECvVtw,150,fZV7AiAxpec,NUGGETS,UCSoW6PGON2SNX0OVXECvVtw,Y
youtube#video,mbiyzU8KPXZdA7jV0PXdA_NhorA,VVVTb1c2UEdPTjJTTlgwT1ZYRUN2VnR3LjRTYmxZVmxGWDlj,2022-09-13T10:23:31Z,UCSoW6PGON2SNX0OVXECvVtw,Gorgeous - My Soul [RK 01],"Discogs: https://www.discogs.com/release/2459269-Gorgeous-Dont-Stop

Artist: Gorgeous
Track: My Soul
EP Title: Don't Stop
Label: TheRock Records
Catalog #: KR 01
Genre: House
Year: 2001

Just here to share our passion for good music. Any copyright issues? Please contact",https://i.ytimg.com/vi/4SblYVlFX9c/hqdefault.jpg,NUGGETS,UUSoW6PGON2SNX0OVXECvVtw,151,4SblYVlFX9c,NUGGETS,UCSoW6PGON2SNX0OVXECvVtw,Y
youtube#playlistItem,k15kdrA4Anzl8tEtGhNZ5DvQwUM,VVVTb1c2UEdPTjJTTlgwT1ZYRUN2VnR3LjJOcUFfU0RQeGln,2022-08-24T11:20:24Z,UCSoW6PGON2SNX0OVXECvVtw,Fully Loaded - So Deep (Acorn Arts Re-Mix) [ALR 002],"Discogs: https://www.discogs.com/release/1492805-Fully-Loaded-So-Deep

Artist: Full Loaded
Track: So Deep (Acorn Arts Re-Mix)
EP Title: So Deep
Label: Alpha Recordings
Catalog #: ALR 002
Genre: Progressive House, House
Year: 1993

Just here to share our passion for good music. Any copyright issues? Please contact",https://i.ytimg.com/vi/2NqA_SDPxig/hqdefault.jpg,NUGGETS,UUSoW6PGON2SNX0OVXECvVtw,152,2NqA_SDPxig,NUGGETS,UCSoW6PGON2SNX0OVXECvVtw,Y
youtube#video,2ByOfiCpqTFYm6WRUlYXnx1-7Oo,VVVTb1c2UEdPTjJTTlgwT1ZYRUN2VnR3Lk9aRnhReHFsRFhR,2022-08-07T18:40:04Z,UCSoW6PGON2SNX0OVXECvVtw,Dawn - Flying Into Your Mind (Subterranean) [R001],"Discogs: https://www.discogs.com/release/432519-Dawn-Flying-Into-Your-Mind

Artist: Dawn
Track: Flying Into Your Mind (Subterranean)
EP Title: Flying Into Your Mind
Label: Rise Records
Catalog #: R001
Genre: House
Year: ????

Just here to share our passion for good music. Any copyright issues? Please contact",https://i.ytimg.com/vi/OZFxQxqlDXQ/hqdefault.jpg,NUGGETS,UUSoW6PGON2SNX0OVXECvVtw,153,OZFxQxqlDXQ,NUGGETS,UCSoW6PGON2SNX0OVXECvVtw,Y
youtube#playlistItem,AfElcLYp9jgNSFSVTd0WVNqCAQw,VVVTb1c2UEdPTjJTTlgwT1ZYRUN2VnR3LnpmazJYelJlLWtF,2022-07-20T19:17:22Z,UCSoW6PGON2SNX0OVXECvVtw,LITTLE GEM 010: I.D.F. - Open Your Mind,"US, 1992

It's been a year since the first upload and what a journey it has been! Meeting lot of new people all for the love of music. I'm taking a little summer break and will be back with lot more to share. Thank you all for the support so far!",https://i.ytimg.com/vi/zfk2XzRe-kE/hqdefault.jpg,NUGGETS,UUSoW6PGON2SNX0OVXECvVtw,154,zfk2XzRe-kE,NUGGETS,UCSoW6PGON2SNX0OVXECvVtw,Y
youtube#video,-KjqMnwhXWwPbEG4Bt-glw_0e3A,VVVTb1c2UEdPTjJTTlgwT1ZYRUN2VnR3LjlEaU1WcXRrcE1n,2022-07-11T15:52:44Z,UCSoW6PGON2SNX0OVXECvVtw,Interference - City Of Glass [SWITCH 4],"Discogs: https://www.discogs.com/release/1013755-Interference-Untitled

Artist: Interference
Track: City Of Glass
EP Title: Untitled
Label: Switch
Catalog #: SWITCH 4
Genre: Techno
Year: ????

Just here to share our passion for good music. Any copyright issues? Please contact",https://i.ytimg.com/vi/9DiMVqtkpMg/hqdefault.jpg,NUGGETS,UUSoW6PGON2SNX0OVXECvVtw,155,9DiMVqtkpMg,NUGGETS,UCSoW6PGON2SNX0OVXECvVtw,Y
youtube#playlistItem,Vaerl4rOA5rhhn6yyCsg-T6GxNY,VVVTb1c2UEdPTjJTTlgwT1ZYRUN2VnR3LktxMW1vVFp3cDc4,2022-06-29T13:15:35Z,UCSoW6PGON2SNX0OVXECvVtw,LITTLE GEM 009: Apple Blue - I Wantcha Love,"Netherlands, 1994",https://i.ytimg.com/vi/Kq1moTZwp78/hqdefault.jpg,NUGGETS,UUSoW6PGON2SNX0OVXECvVtw,156,Kq1moTZwp78,NUGGETS,UCSoW6PGON2SNX0OVXECvVtw,Y
youtube#video,XxB9pzL7t1UYmf9GJ-W02sQrOto,VVVTb1c2UEdPTjJTTlgwT1ZYRUN2VnR3LnhSRk5vZS03ZDBF,2022-06-19T18:23:22Z,UCSoW6PGON2SNX0OVXECvVtw,Subterfuge - The Last Dimension [PRIME 012],"Discogs: https://www.discogs.com/release/206246-Subterfuge-The-Enchantress

Artist: Subterfuge
Track: The Last Dimension
EP Title: The Enchantress
Label: Prime
Catalog #: PRIME 012
Genre: Techno
Year: 1993

Just here to share our passion for good music. Any copyright issues? Please contact",https://i.ytimg.com/vi/xRFNoe-7d0E/hqdefault.jpg,NUGGETS,UUSoW6PGON2SNX0OVXECvVtw,157,xRFNoe-7d0E,NUGGETS,UCSoW6PGON2SNX0OVXECvVtw,Y
youtube#playlistItem,sWlCCXtEvHXnWGh3g5IAY-0cBa8,VVVTb1c2UEdPTjJTTlgwT1ZYRUN2VnR3LklxakJBX2VsaFpV,2022-06-13T18:16:20Z,UCSoW6PGON2SNX0OVXECvVtw,DJ's Friend - Silver Surfing [WET 1],"Discogs: https://www.discogs.com/release/581019-DJs-Friend-The-Playroom-EP

Artist: DJ's Friend
Track: Silver Surfing
EP Title: The Playroom E.P.
Label: Slippery When Wet
Catalog #: WET 1
Genre: House
Year: 1994

Just here to share our passion for good music. Any copyright issues? Please contact",https://i.ytimg.com/vi/IqjBA_elhZU/hqdefault.jpg,NUGGETS,UUSoW6PGON2SNX0OVXECvVtw,158,IqjBA_elhZU,NUGGETS,UCSoW6PGON2SNX0OVXECvVtw,Y
youtube#video,cy7Lwi6lFNSTunOb532JsxiAbkw,VVVTb1c2UEdPTjJTTlgwT1ZYRUN2VnR3LlBKR3hqYXBoc1Qw,2022-06-06T17:21:03Z,UCSoW6PGON2SNX0OVXECvVtw,Niavasha - MKS 93 [NIA 001],"Discogs: https://www.discogs.com/release/10396452-Niavasha-The-Medicine-EP

Artist: Niavasha
Track: MKS 93
EP Title: The Medicine EP
Label: ????
Catalog #: NIA 001
Genre: Progressive House
Year: 1993

Just here to share our passion for good music. Any copyright issues? Please contact",https://i.ytimg.com/vi/PJGxjaphsT0/hqdefault.jpg,NUGGETS,UUSoW6PGON2SNX0OVXECvVtw,159,PJGxjaphsT0,NUGGETS,UCSoW6PGON2SNX0OVXECvVtw,Y
youtube#playlistItem,Jz3WHl6tshJXETe0ltgGuIMQfsA,VVVTb1c2UEdPTjJTTlgwT1ZYRUN2VnR3LmdqZnZYVWNCd28w,2022-05-30T18:37:34Z,UCSoW6PGON2SNX0OVXECvVtw,Victorious - Living Without You [SEX002],"Discogs: https://www.discogs.com/release/1673523-Victorious-Liquid-Squid-EP

Artist: Victorious
Track: Living Without You
EP Title: Liquid Squid E.P.
Label: Sex Records
Catalog #: SEX002
Genre: House, Deep House
Year: ????

Just here to share our passion for good music. Any copyright issues? Please contact",https://i.ytimg.com/vi/gjfvXUcBwo0/hqdefault.jpg,NUGGETS,UUSoW6PGON2SNX0OVXECvVtw,160,gjfvXUcBwo0,NUGGETS,UCSoW6PGON2SNX0OVXECvVtw,Y
youtube#video,EzRNAa_WTz-E03g3gATSJE5Nyyw,VVVTb1c2UEdPTjJTTlgwT1ZYRUN2VnR3Lk0zTDdtTDRZcjFz,2022-05-24T18:03:37Z,UCSoW6PGON2SNX0OVXECvVtw,LITTLE GEM 008: Airfix - Stuck 2 The Floor,"Belgium, 1996",https://i.ytimg.com/vi/M3L7mL4Yr1s/hqdefault.jpg,NUGGETS,UUSoW6PGON2SNX0OVXECvVtw,161,M3L7mL4Yr1s,NUGGETS,UCSoW6PGON2SNX0OVXECvVtw,Y
youtube#playlistItem,PwmEtySJ0241Z-4-6kAo7XoCbTA,VVVTb1c2UEdPTjJTTlgwT1ZYRUN2VnR3LktiSURPR3pvVUZN,2022-05-15T19:11:59Z,UCSoW6PGON2SNX0OVXECvVtw,Cosmic Soup Sound System - Eddie De Boing De Boing [FKF1],"Discogs: https://www.discogs.com/release/238253-Cosmic-Soup-Sound-System-The-Solid-State-Headstate-EP

Artist: Cosmic Soup Sound System
Track: Eddie De Boing De Boing
EP Title: The Solid State Headstate E.P.
Label: Filterless Records
Catalog #: FKF1
Genre: Trance, Techno
Year: 1994

Just here to share our passion for good music. Any copyright issues? Please contact",https://i.ytimg.com/vi/KbIDOGzoUFM/hqdefault.jpg,NUGGETS,UUSoW6PGON2SNX0OVXECvVtw,162,KbIDOGzoUFM,NUGGETS,UCSoW6PGON2SNX0OVXECvVtw,Y
youtube#video,ml0Zak1d2i_1nug67mYbFxtAldU,VVVTb1c2UEdPTjJTTlgwT1ZYRUN2VnR3LnpqZ1dNSVVvUndR,2022-05-08T20:05:47Z,UCSoW6PGON2SNX0OVXECvVtw,Unknown Artist – Dub My Love [Tribe 3],"Discogs: https://www.discogs.com/release/2726883-Unknown-Artist-Dub-My-Love

Artist: Unknown Artist
Track: Dub My Love
EP Title: Dub My Love
Label: Tribe Records
Catalog #: Tribe 3
Genre: House, Techno
Year: 1994

Just here to share our passion for good music. Any copyright issues? Please contact",https://i.ytimg.com/vi/zjgWMIUoRwQ/hqdefault.jpg,NUGGETS,UUSoW6PGON2SNX0OVXECvVtw,163,zjgWMIUoRwQ,NUGGETS,UCSoW6PGON2SNX0OVXECvVtw,Y
youtube#playlistItem,pTC7ls5oxKYLPgWBAEXol2VNjAI,VVVTb1c2UEdPTjJTTlgwT1ZYRUN2VnR3LmVpdmNDTVUyRWxn,2022-05-01T17:20:01Z,UCSoW6PGON2SNX0OVXECvVtw,LITTLE GEM 007: Emanon - Protein,"UK, 1993",https://i.ytimg.com/vi/eivcCMU2Elg/hqdefault.jpg,NUGGETS,UUSoW6PGON2SNX0OVXECvVtw,164,eivcCMU2Elg,NUGGETS,UCSoW6PGON2SNX0OVXECvVtw,Y
youtube#video,d7RdTuAKCaWJFTqhTQ-33uNDqXk,VVVTb1c2UEdPTjJTTlgwT1ZYRUN2VnR3LmJRWmQzV3pGekpJ,2022-04-29T18:21:00Z,UCSoW6PGON2SNX0OVXECvVtw,Tiny & Dominick - Throwin Down (Dominick The Rhythm Mix) [KNIGHT-009],"Discogs: https://www.discogs.com/release/313097-Tiny-Dominick-Throwin-Down

Artist: Tiny & Dominick
Track: Throwin Down (Dominick The Rhythm Mix)
EP Title: Throwin' Down
Label: Knight Life Recordings
Catalog #: KNIGHT-009
Genre: Trance, Acid, Breaks
Year: 1996

Just here to share our passion for good music. Any copyright issues? Please contact",https://i.ytimg.com/vi/bQZd3WzFzJI/hqdefault.jpg,NUGGETS,UUSoW6PGON2SNX0OVXECvVtw,165,bQZd3WzFzJI,NUGGETS,UCSoW6PGON2SNX0OVXECvVtw,Y
youtube#playlistItem,tqioUmbw5jkeh4ZiqC39DUTyf68,VVVTb1c2UEdPTjJTTlgwT1ZYRUN2VnR3LlJhS1lWaUIwVmtv,2022-04-24T19:10:12Z,UCSoW6PGON2SNX0OVXECvVtw,Multiple Orgasm - If You C. Kay (Tell Her We Said Hello) (Bedroom Mix) [RC 69],"Discogs: https://www.discogs.com/release/8368944-Multiple-Orgasm-If-You-C-Kay-Tell-Her-We-Said-Hello

Artist: Multiple Orgasm
Track: If You C. Kay (Tell Her We Said Hello) (Bedroom Mix)
EP Title: If You C. Kay (Tell Her We Said Hello)
Label: Rolls Choice Records
Catalog #: RC 69
Genre: House
Year: 1990

Just here to share our passion for good music. Any copyright issues? Please contact",https://i.ytimg.com/vi/RaKYViB0Vko/hqdefault.jpg,NUGGETS,UUSoW6PGON2SNX0OVXECvVtw,166,RaKYViB0Vko,NUGGETS,UCSoW6PGON2SNX0OVXECvVtw,Y
youtube#video,Ar2Tmb9Fxs6AHlQ5rRcQHs_7Sb8,VVVTb1c2UEdPTjJTTlgwT1ZYRUN2VnR3Lm1pQU9idnN0QUdN,2022-04-18T12:02:15Z,UCSoW6PGON2SNX0OVXECvVtw,Scoff - Untitled (A2) [SCOFF 1203],"Discogs: https://www.discogs.com/release/404114-Scoff-If-Music-Be-The-Food-Of-Life-Vol-1

Artist: Scoff
Track: Untitled (A2)
EP Title: If Music Be The Food Of Life ! Vol. 1
Label: Scoff Records
Catalog #: SCOFF 1203
Genre: Progressive House, House
Year: 1995

Just here to share our passion for good music. Any copyright issues? Please contact",https://i.ytimg.com/vi/miAObvstAGM/hqdefault.jpg,NUGGETS,UUSoW6PGON2SNX0OVXECvVtw,167,miAObvstAGM,NUGGETS,UCSoW6PGON2SNX0OVXECvVtw,Y
youtube#playlistItem,gRz3hTpyi86zLIqvc6Dx5CEzNqw,VVVTb1c2UEdPTjJTTlgwT1ZYRUN2VnR3LlpVV3pETXpkQjkw,2022-04-10T17:59:02Z,UCSoW6PGON2SNX0OVXECvVtw,M.S. In Groove - M.S. Groove [OUT 3772],"Discogs: https://www.discogs.com/release/2774593-Matte-6-Soe-4-Presents-MS-In-Groove-Jack-Out

Artist: M.S. In Groove
Track: M.S. Groove
EP Title: Jack Out
Label: Unknown Label
Catalog #: OUT 3772
Genre: Progressive House, House
Year: 1994

Just here to share our passion for good music. Any copyright issues? Please contact",https://i.ytimg.com/vi/ZUWzDMzdB90/hqdefault.jpg,NUGGETS,UUSoW6PGON2SNX0OVXECvVtw,168,ZUWzDMzdB90,NUGGETS,UCSoW6PGON2SNX0OVXECvVtw,Y
youtube#video,AGDSnIzNc8cNam2Xen7VHELE_4E,VVVTb1c2UEdPTjJTTlgwT1ZYRUN2VnR3LkpaLUowR2k1a2FN,2022-04-03T20:26:02Z,UCSoW6PGON2SNX0OVXECvVtw,LITTLE GEM 006: Primo - Inside Deep,"France, 1994",https://i.ytimg.com/vi/JZ-J0Gi5kaM/hqdefault.jpg,NUGGETS,UUSoW6PGON2SNX0OVXECvVtw,169,JZ-J0Gi5kaM,NUGGETS,UCSoW6PGON2SNX0OVXECvVtw,Y
youtube#playlistItem,-b3fboRn7prMhU1XurXkep4lEgs,VVVTb1c2UEdPTjJTTlgwT1ZYRUN2VnR3LmNDcjhxNTk3dFFj,2022-03-27T19:28:11Z,UCSoW6PGON2SNX0OVXECvVtw,LITTLE GEM 005: Desert - Hourglass (Dub Mix),"UK, 1994",https://i.ytimg.com/vi/cCr8q597tQc/hqdefault.jpg,NUGGETS,UUSoW6PGON2SNX0OVXECvVtw,170,cCr8q597tQc,NUGGETS,UCSoW6PGON2SNX0OVXECvVtw,Y
youtube#video,Q3FQDPh-G_cAgqaQT7NDUlKuNaE,VVVTb1c2UEdPTjJTTlgwT1ZYRUN2VnR3Ll9qSmVfWDFGSDk0,2022-03-21T16:31:06Z,UCSoW6PGON2SNX0OVXECvVtw,Universe City - Area (Short Mix) [CPS 052],"Discogs: https://www.discogs.com/release/177117-Universe-City-Location

Artist: Universe City
Track: Area (Short Mix)
EP Title: Location
Label: Calypso Records
Catalog #: CPS 052
Genre: Progressive House
Year: 1995

Just here to share our passion for good music. Any copyright issues? Please contact",https://i.ytimg.com/vi/_jJe_X1FH94/hqdefault.jpg,NUGGETS,UUSoW6PGON2SNX0OVXECvVtw,171,_jJe_X1FH94,NUGGETS,UCSoW6PGON2SNX0OVXECvVtw,Y
youtube#playlistItem,N5ZAz_3axJFVx1rKeLLcKTtBXNU,VVVTb1c2UEdPTjJTTlgwT1ZYRUN2VnR3LkRYVU84WEEzcUR3,2022-03-11T20:00:44Z,UCSoW6PGON2SNX0OVXECvVtw,Deep Pearl - Red October [AP003],"Discogs: https://www.discogs.com/release/739736-Deep-Pearl-Red-October

Artist: Deep Pearl
Track: Red October
EP Title: Red October
Label: Apple Records
Catalog #: AP003
Genre: Progressive Trance, Techno
Year: ????

Just here to share our passion for good music. Any copyright issues? Please contact",https://i.ytimg.com/vi/DXUO8XA3qDw/hqdefault.jpg,NUGGETS,UUSoW6PGON2SNX0OVXECvVtw,172,DXUO8XA3qDw,NUGGETS,UCSoW6PGON2SNX0OVXECvVtw,Y
youtube#video,g5vc5IDhUqlaNhsCTS4JEg5CNAU,VVVTb1c2UEdPTjJTTlgwT1ZYRUN2VnR3LjJDOGhHOXZyTDg0,2022-03-04T21:28:30Z,UCSoW6PGON2SNX0OVXECvVtw,Trip Guiz - Gozar (Bajo Mix) [PHA001],"Discogs: https://www.discogs.com/release/2608613-Trip-Guiz-Gozar

Artist: Trip Guiz
Track: Gozar (Bajo Mix)
EP Title: Gozar
Label: Phantom Records
Catalog #: PHA001
Genre: House
Year: 1995

Just here to share our passion for good music. Any copyright issues? Please contact",https://i.ytimg.com/vi/2C8hG9vrL84/hqdefault.jpg,NUGGETS,UUSoW6PGON2SNX0OVXECvVtw,173,2C8hG9vrL84,NUGGETS,UCSoW6PGON2SNX0OVXECvVtw,Y
youtube#playlistItem,o0uGFL8EB8Zc-L7IjDAg82Hctew,VVVTb1c2UEdPTjJTTlgwT1ZYRUN2VnR3LmYzeWduOGZOT0lV,2022-02-28T15:37:56Z,UCSoW6PGON2SNX0OVXECvVtw,Induction - Put Your Mind In A Trance (Leave Your Body Mix) [OBR 004],"Discogs: https://www.discogs.com/release/808050-Induction-Put-Your-Mind-In-A-Trance

Artist: Induction
Track: Put Your Mind In A Trance (Leave Your Body Mix)
EP Title: Put Your Mind In A Trance
Label: Obsessive Records
Catalog #: OBR 004
Genre: Progressive House
Year: 1993

Just here to share our passion for good music. Any copyright issues? Please contact",https://i.ytimg.com/vi/f3ygn8fNOIU/hqdefault.jpg,NUGGETS,UUSoW6PGON2SNX0OVXECvVtw,174,f3ygn8fNOIU,NUGGETS,UCSoW6PGON2SNX0OVXECvVtw,Y
youtube#video,64TUar-6j3XMc0Xagu5C7ITOZ5w,VVVTb1c2UEdPTjJTTlgwT1ZYRUN2VnR3LmJYUkp5MnI5LWZZ,2022-02-22T14:13:47Z,UCSoW6PGON2SNX0OVXECvVtw,K.A.M.M. - Orbital Planet [MM 596-05],"Discogs: https://www.discogs.com/release/847530-KAMM-Progetto-2

Artist: K.A.M.M.
Track: Orbital Planet
EP Title: Progetto 2
Label: Mammut Records
Catalog #: MM 596-05
Genre: Techno, Progressive Trance
Year: 1996

Just here to share our passion for good music. Any copyright issues? Please contact",https://i.ytimg.com/vi/bXRJy2r9-fY/hqdefault.jpg,NUGGETS,UUSoW6PGON2SNX0OVXECvVtw,175,bXRJy2r9-fY,NUGGETS,UCSoW6PGON2SNX0OVXECvVtw,Y
youtube#playlistItem,oSvtyAXzJO6cwII8KjsxCOAm4sQ,VVVTb1c2UEdPTjJTTlgwT1ZYRUN2VnR3LkxBVmlBRHU4U0tJ,2022-02-14T19:47:23Z,UCSoW6PGON2SNX0OVXECvVtw,LITTLE GEM 004: Psycho 60 – Neo Sound (Sax),"Italy, 1991",https://i.ytimg.com/vi/LAViADu8SKI/hqdefault.jpg,NUGGETS,UUSoW6PGON2SNX0OVXECvVtw,176,LAViADu8SKI,NUGGETS,UCSoW6PGON2SNX0OVXECvVtw,Y
youtube#video,kZbMshpl6u1a7-NosLiYHl-sEB4,VVVTb1c2UEdPTjJTTlgwT1ZYRUN2VnR3LkJLYm1fbEx6U0g0,2022-02-08T20:25:32Z,UCSoW6PGON2SNX0OVXECvVtw,LITTLE GEM 003: Ring of Fire - Legs Akimbo(Six Point Six),"US, 199X",https://i.ytimg.com/vi/BKbm_lLzSH4/hqdefault.jpg,NUGGETS,UUSoW6PGON2SNX0OVXECvVtw,177,BKbm_lLzSH4,NUGGETS,UCSoW6PGON2SNX0OVXECvVtw,Y
youtube#playlistItem,VkULZyixaGW81ZgPfh5Aa1RY0ck,VVVTb1c2UEdPTjJTTlgwT1ZYRUN2VnR3LkVldktyTXlGX0lF,2022-02-02T18:35:30Z,UCSoW6PGON2SNX0OVXECvVtw,Excessive - I Got You (Excessive Version) [UMD 117],"Discogs: https://www.discogs.com/release/4289424-Excessive-I-Got-You

Artist: Excessive
Track: I Got You (Excessive Version)
EP Title: I Got You
Label: Underground Music Department
Catalog #: UMD 117
Genre: House
Year: 1994

Just here to share our passion for good music. Any copyright issues? Please contact",https://i.ytimg.com/vi/EevKrMyF_IE/hqdefault.jpg,NUGGETS,UUSoW6PGON2SNX0OVXECvVtw,178,EevKrMyF_IE,NUGGETS,UCSoW6PGON2SNX0OVXECvVtw,Y
youtube#video,lGzPvlTB-gj-fE8Y6TygaIEWUvU,VVVTb1c2UEdPTjJTTlgwT1ZYRUN2VnR3LjVZQzNHMFV4QTMw,2022-01-25T19:52:06Z,UCSoW6PGON2SNX0OVXECvVtw,Batuka - Untitled (A1) [PROCN 001],"Discogs: https://www.discogs.com/release/11298785-Batuka-Untitled

Artist: Batuka
Track: Untitled (A1)
EP Title: ????
Label:  ????
Catalog #: PROCN 001
Genre: House
Year: ????

Just here to share our passion for good music. Any copyright issues? Please contact",https://i.ytimg.com/vi/5YC3G0UxA30/hqdefault.jpg,NUGGETS,UUSoW6PGON2SNX0OVXECvVtw,179,5YC3G0UxA30,NUGGETS,UCSoW6PGON2SNX0OVXECvVtw,Y
youtube#playlistItem,kDPYFByuboO2XoSbZgDFK5A4_e0,VVVTb1c2UEdPTjJTTlgwT1ZYRUN2VnR3LlFJU1B1U2VrZWVN,2022-01-20T16:43:00Z,UCSoW6PGON2SNX0OVXECvVtw,Groove Society - Can't Do It Alone [FG003-5],"Discogs: https://www.discogs.com/release/905531-Groove-Society-Rumble

Artist: Groove Society
Track: Can't Do It Alone
EP Title: Rumble
Label:  Flower Grooves
Catalog #: FG003-5
Genre: House, Progressive House
Year: 1996

Just here to share our passion for good music. Any copyright issues? Please contact",https://i.ytimg.com/vi/QISPuSekeeM/hqdefault.jpg,NUGGETS,UUSoW6PGON2SNX0OVXECvVtw,180,QISPuSekeeM,NUGGETS,UCSoW6PGON2SNX0OVXECvVtw,Y
youtube#video,1ebiVG-xrtLXxuO7IPOBQ1SlYUw,VVVTb1c2UEdPTjJTTlgwT1ZYRUN2VnR3LlptWDlkVmFRNW5n,2022-01-13T15:11:28Z,UCSoW6PGON2SNX0OVXECvVtw,Frequency X - I Shot Him (The Unforgettable Mix) [RAD 2],"Discogs: https://www.discogs.com/release/134820-Frequency-X-Czech-This-Out

Artist: Frequency X
Track: I Shot Him (The Unforgettable Mix)
EP Title: Czech This Out
Label: Radikal Records
Catalog #: RAD 2
Genre: Techno, Acid
Year: 1990

Just here to share our passion for good music. Any copyright issues? Please contact",https://i.ytimg.com/vi/ZmX9dVaQ5ng/hqdefault.jpg,NUGGETS,UUSoW6PGON2SNX0OVXECvVtw,181,ZmX9dVaQ5ng,NUGGETS,UCSoW6PGON2SNX0OVXECvVtw,Y
youtube#playlistItem,_qrjvdBW5Jn43e-P03IJjUz3qXM,VVVTb1c2UEdPTjJTTlgwT1ZYRUN2VnR3LmtndzZyTHN5Zmhv,2022-01-07T17:10:33Z,UCSoW6PGON2SNX0OVXECvVtw,Coverdrive - Nativity (Molina Version) [FLMIX 121],"Discogs: https://www.discogs.com/release/356640-Coverdrive-Nativity

Artist: Coverdrive
Track: Nativity (Molina Version)
EP Title: Nativity
Label: Vibes Records
Catalog #: FLMIX 121
Genre: House, Acid House
Year: 1995

Just here to share our passion for good music. Any copyright issues? Please contact",https://i.ytimg.com/vi/kgw6rLsyfho/hqdefault.jpg,NUGGETS,UUSoW6PGON2SNX0OVXECvVtw,182,kgw6rLsyfho,NUGGETS,UCSoW6PGON2SNX0OVXECvVtw,Y
youtube#video,Mxd2IVwQIvDs3Orm1nug1ZH6wXI,VVVTb1c2UEdPTjJTTlgwT1ZYRUN2VnR3LmhWWmpibnZ5aV9F,2021-12-31T15:59:36Z,UCSoW6PGON2SNX0OVXECvVtw,LITTLE GEM 002: Mike Crawley - Set U Free,"UK, 199X",https://i.ytimg.com/vi/hVZjbnvyi_E/hqdefault.jpg,NUGGETS,UUSoW6PGON2SNX0OVXECvVtw,183,hVZjbnvyi_E,NUGGETS,UCSoW6PGON2SNX0OVXECvVtw,Y
youtube#playlistItem,DEMao6bZ-CyDa5fYD0Ihl6VTek4,VVVTb1c2UEdPTjJTTlgwT1ZYRUN2VnR3LlBFQko5NjJ0RWZB,2021-12-24T17:27:45Z,UCSoW6PGON2SNX0OVXECvVtw,LITTLE GEM 001: Park Reunion - I Got To Know,"Italy, 1990",https://i.ytimg.com/vi/PEBJ962tEfA/hqdefault.jpg,NUGGETS,UUSoW6PGON2SNX0OVXECvVtw,184,PEBJ962tEfA,NUGGETS,UCSoW6PGON2SNX0OVXECvVtw,Y
youtube#video,j2f4e_VASotycqUaeYIzVEJo3Wc,VVVTb1c2UEdPTjJTTlgwT1ZYRUN2VnR3LnFLbEFKS2NqV09j,2021-12-22T11:18:00Z,UCSoW6PGON2SNX0OVXECvVtw,Professor Oz - Hard Corps (On Christine Mix) [ADSR 001],"Discogs: https://www.discogs.com/release/469292-Professor-Oz-Proz-EP

Artist: Professor Oz
Track: Hard Corps (On Christine Mix)
EP Title: Proz EP
Label: ADSR Records
Catalog #: ADSR 001
Genre: Deep House
Year: 1993

Just here to share our passion for good music. Any copyright issues? Please contact",https://i.ytimg.com/vi/qKlAJKcjWOc/hqdefault.jpg,NUGGETS,UUSoW6PGON2SNX0OVXECvVtw,185,qKlAJKcjWOc,NUGGETS,UCSoW6PGON2SNX0OVXECvVtw,Y
youtube#playlistItem,ApH0F_E_DBP7sejjDQooVduAQQE,VVVTb1c2UEdPTjJTTlgwT1ZYRUN2VnR3Llp3bV9xa0VCcDNJ,2021-12-19T14:03:21Z,UCSoW6PGON2SNX0OVXECvVtw,D'julz and Virtual Olive - Club Sandwich [2673],"Discogs: https://www.discogs.com/release/967104-Djulz-And-Virtual-Olive-Lost-In-A-Tunnel

Artist: D'julz and Virtual Olive
Track: Club Sandwich
EP Title: Lost In A Tunnel
Label:  Going Global Series
Catalog #: 2673
Genre: Progressive House
Year: 1996

Just here to share our passion for good music. Any copyright issues? Please contact",https://i.ytimg.com/vi/Zwm_qkEBp3I/hqdefault.jpg,NUGGETS,UUSoW6PGON2SNX0OVXECvVtw,186,Zwm_qkEBp3I,NUGGETS,UCSoW6PGON2SNX0OVXECvVtw,Y
youtube#video,2eQuoh2Dm5WFMSw8phNZyyrrI2s,VVVTb1c2UEdPTjJTTlgwT1ZYRUN2VnR3LllVbVhVNUQ0TVdn,2021-12-15T10:02:45Z,UCSoW6PGON2SNX0OVXECvVtw,D.B. - Medicine Man (Unda'ground Bonus) [D.B.-001],"Discogs: https://www.discogs.com/release/336728-DB-Medicine-Man

Artist: D.B.
Track: Medicine Man (Unda'ground Bonus)
EP Title: Medicine Man
Label: DB Records
Catalog #: D.B.-001
Genre: House
Year: ????

Just here to share our passion for good music. Any copyright issues? Please contact",https://i.ytimg.com/vi/YUmXU5D4MWg/hqdefault.jpg,NUGGETS,UUSoW6PGON2SNX0OVXECvVtw,187,YUmXU5D4MWg,NUGGETS,UCSoW6PGON2SNX0OVXECvVtw,Y
youtube#playlistItem,_7pe955IfKcvxwQYJUHA1ku-1ww,VVVTb1c2UEdPTjJTTlgwT1ZYRUN2VnR3LllGRjVoMWx6Q2pB,2021-12-03T16:28:24Z,UCSoW6PGON2SNX0OVXECvVtw,Modula 6 - Untitled (A2) [EP 003],"Discogs: https://www.discogs.com/release/1883166-Modula-6-SnakeDance

Artist: Modula 6
Track: Untitled
EP Title: SnakeDance
Label: Brain Candy Enterprises
Catalog #: EP 003
Genre: Trance, House, Breakbeat
Year: ????

Just here to share our passion for good music. Any copyright issues? Please contact",https://i.ytimg.com/vi/YFF5h1lzCjA/hqdefault.jpg,NUGGETS,UUSoW6PGON2SNX0OVXECvVtw,188,YFF5h1lzCjA,NUGGETS,UCSoW6PGON2SNX0OVXECvVtw,Y
youtube#video,p-ajtBVJoqA8rLgSKN4pfBzFD1k,VVVTb1c2UEdPTjJTTlgwT1ZYRUN2VnR3LnNVWmsxdFlKS21B,2021-11-24T09:55:50Z,UCSoW6PGON2SNX0OVXECvVtw,The Paralax Corporation - Untitled (A2) [PRLX 001],"Discogs: https://www.discogs.com/release/552361-The-Paralax-Corporation-Dreams-In-Dub-EP

Artist: The Paralax Corporation
Track: Untitled
EP Title: Dreams In Dub E.P
Label: Paralax Recordings
Catalog #: PRLX 001
Genre: Trance, Acid
Year: ????

Just here to share our passion for good music. Any copyright issues? Please contact",https://i.ytimg.com/vi/sUZk1tYJKmA/hqdefault.jpg,NUGGETS,UUSoW6PGON2SNX0OVXECvVtw,189,sUZk1tYJKmA,NUGGETS,UCSoW6PGON2SNX0OVXECvVtw,Y
youtube#playlistItem,Vrig5TLZ8yPoAP5Kr5JRSdF2ZN4,VVVTb1c2UEdPTjJTTlgwT1ZYRUN2VnR3LjJwZ251WVJOS0tN,2021-11-19T14:27:12Z,UCSoW6PGON2SNX0OVXECvVtw,Tranzy T - Give It Up (Vocal Mix) [DWR 102G],"Discogs: https://www.discogs.com/release/1101934-Tranzy-T-Otis-Give-It-Up

Artist: Tranzy T
Track: Give It Up (Vocal Mix)
EP Title: Give It Up
Label: Dance Wax Recordings
Catalog #: DWR 102G
Genre: House, Acid
Year: 1989

Just here to share our passion for good music. Any copyright issues? Please contact",https://i.ytimg.com/vi/2pgnuYRNKKM/hqdefault.jpg,NUGGETS,UUSoW6PGON2SNX0OVXECvVtw,190,2pgnuYRNKKM,NUGGETS,UCSoW6PGON2SNX0OVXECvVtw,Y
youtube#video,aLAnCsPLDktujYsfzgPCkzyLYgk,VVVTb1c2UEdPTjJTTlgwT1ZYRUN2VnR3Lk84amJVSER5WjA4,2021-11-16T19:57:16Z,UCSoW6PGON2SNX0OVXECvVtw,Esoterica - Extrojection 4 [EA001],"Discogs: https://www.discogs.com/release/1058910-Esoterica-Extrojection

Artist: Esoterica
Track: Extrojection 4
EP Title: Extrojection
Label: Esoteric Art 
Catalog #: EA001
Genre: House, Techno
Year: 1993

Just here to share our passion for good music. Any copyright issues? Please contact",https://i.ytimg.com/vi/O8jbUHDyZ08/hqdefault.jpg,NUGGETS,UUSoW6PGON2SNX0OVXECvVtw,191,O8jbUHDyZ08,NUGGETS,UCSoW6PGON2SNX0OVXECvVtw,Y
youtube#playlistItem,SfzE62IYVRl4tT8BVxNSGQY8FwI,VVVTb1c2UEdPTjJTTlgwT1ZYRUN2VnR3LktabXZhekNkc2Z3,2021-11-09T17:48:39Z,UCSoW6PGON2SNX0OVXECvVtw,Tessier & Ashpool - Liberal Baby (Edit) [TRY 11],"Discogs: https://www.discogs.com/release/246909-Tessier-Ashpool-Rhythm-Interuptus

Artist: Tessier & Ashpool 
Track: Liberal Baby (Edit)
EP Title: Rhythm Interuptus
Label: Triumph Records
Catalog #: TRY 11
Genre: Tribal House, House
Year: 1993

Just here to share our passion for good music. Any copyright issues? Please contact",https://i.ytimg.com/vi/KZmvazCdsfw/hqdefault.jpg,NUGGETS,UUSoW6PGON2SNX0OVXECvVtw,192,KZmvazCdsfw,NUGGETS,UCSoW6PGON2SNX0OVXECvVtw,Y
youtube#video,0DEepDZqOA2wKALALlBKS06ZOzo,VVVTb1c2UEdPTjJTTlgwT1ZYRUN2VnR3LlplZy1GRFVKQWh3,2021-11-06T19:24:23Z,UCSoW6PGON2SNX0OVXECvVtw,Unknown Artist - Untitled (B1) [TRB 003],"Buy & support: https://www.discogs.com/release/1132917-Unknown-Artist-Members-Only

Artist: Unknown Artist
Track: Untitled
EP Title: Members Only
Label: Troublesome Records
Catalog #: TRB 003
Genre: Progressive House, House
Year: 1993

Just here to share our passion for good music. Any copyright issues? Please contact",https://i.ytimg.com/vi/Zeg-FDUJAhw/hqdefault.jpg,NUGGETS,UUSoW6PGON2SNX0OVXECvVtw,193,Zeg-FDUJAhw,NUGGETS,UCSoW6PGON2SNX0OVXECvVtw,Y
youtube#playlistItem,I0Rx6GNWMpZCr4MHP3IwNBHFvkA,VVVTb1c2UEdPTjJTTlgwT1ZYRUN2VnR3LjQtX2c3bDBOWDBV,2021-10-29T23:55:09Z,UCSoW6PGON2SNX0OVXECvVtw,Mike Crawley - Set U Free (Scoff Boys Remix) [91202],"Discogs: https://www.discogs.com/release/1513174-Mike-Crawley-I-Cant-Stop-Set-U-Free

Artist: Mike Crawley
Track: Set U Free (Scoff Boys Remix)
EP Title: I Can't Stop / Set U Free
Label: 13 Records
Catalog #: 91202
Genre: House, Tech House
Year: ????

Just here to share our passion for good music. Any copyright issues? Please contact",https://i.ytimg.com/vi/4-_g7l0NX0U/hqdefault.jpg,NUGGETS,UUSoW6PGON2SNX0OVXECvVtw,194,4-_g7l0NX0U,NUGGETS,UCSoW6PGON2SNX0OVXECvVtw,Y
youtube#video,sPRGBOTOm0051ZRO3tcbBTd9Bkw,VVVTb1c2UEdPTjJTTlgwT1ZYRUN2VnR3Lk0tc2V2VWN0Q0pB,2021-10-25T08:19:25Z,UCSoW6PGON2SNX0OVXECvVtw,Xplode - Xplode (Feat. Adrianne) [RRYT 11],"Discogs: https://www.discogs.com/release/1671120-Xplode-Xplode

Artist: Xplode
Track: Xplode
EP Title: Xplode
Label: D.A.L. Records
Catalog #: RRYT 11
Genre: House, Tech House
Year: 1990

Just here to share our passion for good music. Any copyright issues? Please contact",https://i.ytimg.com/vi/M-sevUctCJA/hqdefault.jpg,NUGGETS,UUSoW6PGON2SNX0OVXECvVtw,195,M-sevUctCJA,NUGGETS,UCSoW6PGON2SNX0OVXECvVtw,Y
youtube#playlistItem,eSdgXkGjN-PAG3o2bQ1yYJMjo9I,VVVTb1c2UEdPTjJTTlgwT1ZYRUN2VnR3LmZJOUpzbGdlVEFB,2021-10-08T14:32:15Z,UCSoW6PGON2SNX0OVXECvVtw,"Nobody - Sad, But True [ELE 001]","Discogs: https://www.discogs.com/release/698926-Nobody-We-Say-Nothing-Sad-But-True

Artist: Nobody
Track: Sad, But True
EP Title: We Say Nothing. / Sad, But True.
Label: Silent Records
Catalog #: ELE 001
Genre: Acid House, Deep House
Year: 1988

Just here to share our passion for good music. Any copyright issues? Please contact",https://i.ytimg.com/vi/fI9JslgeTAA/hqdefault.jpg,NUGGETS,UUSoW6PGON2SNX0OVXECvVtw,196,fI9JslgeTAA,NUGGETS,UCSoW6PGON2SNX0OVXECvVtw,Y
youtube#video,R50BBWFkdycyUm14YWeE7GrLmLQ,VVVTb1c2UEdPTjJTTlgwT1ZYRUN2VnR3LmYxT29RMWFOdE44,2021-09-28T17:16:20Z,UCSoW6PGON2SNX0OVXECvVtw,King Of Brazil – Forms Of Expression (Radioactive Mix) [TGR002],"Discogs: https://www.discogs.com/King-Of-Brazil-Forms-Of-Expression/release/521873

Artist: King Of Brazil
Track: Forms Of Expression (Radioactive Mix)
EP Title: Forms Of Expression
Label: Grove Records
Catalog #: TGR002
Genre: House, Deep House
Year: ????

Just here to share our passion for good music. Any copyright issues? Please contact",https://i.ytimg.com/vi/f1OoQ1aNtN8/hqdefault.jpg,NUGGETS,UUSoW6PGON2SNX0OVXECvVtw,197,f1OoQ1aNtN8,NUGGETS,UCSoW6PGON2SNX0OVXECvVtw,Y
youtube#playlistItem,1IuyiYHT59fYXixWlE6eMtjXTsk,VVVTb1c2UEdPTjJTTlgwT1ZYRUN2VnR3LmxNUVZPSGxic1dj,2021-09-23T16:54:52Z,UCSoW6PGON2SNX0OVXECvVtw,Genesi - Ha! (Live Mix) [GB-003],"Discogs: https://www.discogs.com/release/1658505-Genesi-White-Dove

Artist: Genesi
Track: Ha! (Live Mix)
EP Title: White Dove
Label: Groovy Beat
Catalog #: GB-003
Genre: House
Year: 1993

Just here to share our passion for good music. Any copyright issues? Please contact",https://i.ytimg.com/vi/lMQVOHlbsWc/hqdefault.jpg,NUGGETS,UUSoW6PGON2SNX0OVXECvVtw,198,lMQVOHlbsWc,NUGGETS,UCSoW6PGON2SNX0OVXECvVtw,Y
youtube#video,yqisxFF2wLZXyIaIuSTkBCUHoMI,VVVTb1c2UEdPTjJTTlgwT1ZYRUN2VnR3LjZudXJfb3cxLXFZ,2021-09-17T19:19:20Z,UCSoW6PGON2SNX0OVXECvVtw,CO-AX - Cum (Trance Mix) [STA 052],"Discogs: https://www.discogs.com/CO-AX-Cum/release/437238

Artist: CO-AX
Track: Cum (Trance Mix)
EP Title: Cum
Label: Lost Records 
Catalog #: STA 052
Genre: Trance, Progressive House
Year: ????

Just here to share our passion for good music. Any copyright issues? Please contact",https://i.ytimg.com/vi/6nur_ow1-qY/hqdefault.jpg,NUGGETS,UUSoW6PGON2SNX0OVXECvVtw,199,6nur_ow1-qY,NUGGETS,UCSoW6PGON2SNX0OVXECvVtw,Y
youtube#playlistItem,4amkeSndaGmaorbx5rqCziBuEQc,VVVTb1c2UEdPTjJTTlgwT1ZYRUN2VnR3LmppRmVJZk11eGRF,2021-08-26T18:06:09Z,UCSoW6PGON2SNX0OVXECvVtw,Loveline - Wap-Phobia (Frankie M. Club Mix) [AHR 9302],"Discogs: https://www.discogs.com/Loveline-Wap-Phobia/release/654431

Artist: Loveline
Track: Wap-Phobia (Frankie M. Club Mix)
EP Title: Wap-Phobia
Label: After Hours Records 
Catalog #: AHR 9302
Genre: House
Year: 1993

Just here to share our passion for good music. Any copyright issues? Please contact",https://i.ytimg.com/vi/jiFeIfMuxdE/hqdefault.jpg,NUGGETS,UUSoW6PGON2SNX0OVXECvVtw,200,jiFeIfMuxdE,NUGGETS,UCSoW6PGON2SNX0OVXECvVtw,Y
youtube#video,SdvVUfqmQ3hF7uc4eg4fVDff68s,VVVTb1c2UEdPTjJTTlgwT1ZYRUN2VnR3Lmxza3Y5d2hsYjdN,2021-08-18T10:10:05Z,UCSoW6PGON2SNX0OVXECvVtw,Audiophile – The Ride [SGR 009],"Discogs: https://www.discogs.com/Audiophile-The-Ride/release/181354

Artist: Audiophile
Track: The Ride
EP Title: The Ride
Label: Sounds Good Records 
Catalog #: SGR 009
Genre: Trance, Electro
Year: 1997

Just here to share our passion for good music. Any copyright issues? Please contact",https://i.ytimg.com/vi/lskv9whlb7M/hqdefault.jpg,NUGGETS,UUSoW6PGON2SNX0OVXECvVtw,201,lskv9whlb7M,NUGGETS,UCSoW6PGON2SNX0OVXECvVtw,Y
youtube#playlistItem,ooSLkxfWfcKAq9ErC8zsexr_2VY,VVVTb1c2UEdPTjJTTlgwT1ZYRUN2VnR3Lk54ZUJMWjhpcHNj,2021-08-09T17:36:23Z,UCSoW6PGON2SNX0OVXECvVtw,Greg delNero - 6 A.M [CFR001],"Discogs: https://www.discogs.com/Space-Is-The-Place-Talash-6-AM/release/1174858

Artist: Greg delNero
Track: 6 A.M.
EP Title: Talash / 6 A.M.
Label: Catflap Records
Catalog #: CFR001
Genre: House, Deep House, Minimal
Year: 1998

Just here to share our passion for good music. Any copyright issues? Please contact",https://i.ytimg.com/vi/NxeBLZ8ipsc/hqdefault.jpg,NUGGETS,UUSoW6PGON2SNX0OVXECvVtw,202,NxeBLZ8ipsc,NUGGETS,UCSoW6PGON2SNX0OVXECvVtw,Y
youtube#video,FBphPg4O7nNrR18_SztRBQxUE3g,VVVTb1c2UEdPTjJTTlgwT1ZYRUN2VnR3LnAySVJBM1NhcEt3,2021-08-02T18:22:54Z,UCSoW6PGON2SNX0OVXECvVtw,Avalanche - Let's Do It [SW 93030],"Discogs: https://www.discogs.com/Avalanche-Flow-EP/release/128801

Artist: Avalanche
Track: Let's Do It 
EP Title: Flow E.P.
Label: See Saw
Catalog #: SW 93030
Genre: House, Trance
Year: 1993

Just here to share our passion for good music. Any copyright issues? Please contact",https://i.ytimg.com/vi/p2IRA3SapKw/hqdefault.jpg,NUGGETS,UUSoW6PGON2SNX0OVXECvVtw,203,p2IRA3SapKw,NUGGETS,UCSoW6PGON2SNX0OVXECvVtw,Y
youtube#playlistItem,7xDz9Ig4-lKOG_pLeEHUW1Ix4cU,VVVTb1c2UEdPTjJTTlgwT1ZYRUN2VnR3LmpKWXdGYW1QM3hr,2021-08-01T16:42:33Z,UCSoW6PGON2SNX0OVXECvVtw,TTR - Mondorama (Java Mix) [SC 6004 MX],"Discogs: https://www.discogs.com/TTR-Mondorama/release/1746348

Artist: TTR
Track: Mondorama
EP Title: Mondorama
Label: Solid Cut Records
Catalog #: SC 6004 MX
Genre: House, Tribal
Year: 1994

Just here to share my passion for good music. Any copyright issues? Please contact",https://i.ytimg.com/vi/jJYwFamP3xk/hqdefault.jpg,NUGGETS,UUSoW6PGON2SNX0OVXECvVtw,204,jJYwFamP3xk,NUGGETS,UCSoW6PGON2SNX0OVXECvVtw,Y
youtube#video,-nP7lgzNUeEakfWi8kqksj-8Uak,VVVTb1c2UEdPTjJTTlgwT1ZYRUN2VnR3Lm5ueTY4M0U5bC04,2021-08-01T15:58:24Z,UCSoW6PGON2SNX0OVXECvVtw,Greyhouse - Give It Up [HH 9302],"Discogs: https://www.discogs.com/Greyhouse-Mystic-EP/release/200586

Artist: Greyhouse
Track: Give It Up
EP Title: Mystic EP
Label: Haunted House Records
Catalog #: HH 9302
Genre: House
Year: 1993

Just here to share our passion for good music. Any copyright issues? Please contact",https://i.ytimg.com/vi/nny683E9l-8/hqdefault.jpg,NUGGETS,UUSoW6PGON2SNX0OVXECvVtw,205,nny683E9l-8,NUGGETS,UCSoW6PGON2SNX0OVXECvVtw,Y
youtube#playlistItem,6CsBNcySUowUN7DXNCZoiU1D1GI,VVVTb1c2UEdPTjJTTlgwT1ZYRUN2VnR3LlZYWExUUkUzSzlB,2021-08-01T15:23:37Z,UCSoW6PGON2SNX0OVXECvVtw,The 7th Voyage – The Predator (Shaken) [7VR 007],"Discogs: https://www.discogs.com/The-7th-Voyage-The-Predator/release/185389

Artist: The 7th Voyage
Track: The Predator (Shaken) [Housey Doingz Remix]
EP Title: The Predator
Label: 7th Voyage
Catalog #: 7VR 007
Genre: Tech House, Breakbeat, Acid
Year: 1996

Just here to share our passion for good music. Any copyright issues? Please contact",https://i.ytimg.com/vi/VXXLTRE3K9A/hqdefault.jpg,NUGGETS,UUSoW6PGON2SNX0OVXECvVtw,206,VXXLTRE3K9A,NUGGETS,UCSoW6PGON2SNX0OVXECvVtw,Y
youtube#video,OZTeWmbg8i7P1sydEu9k2SewNGM,VVVTb1c2UEdPTjJTTlgwT1ZYRUN2VnR3LkFKM0Rod2o4Mkg4,2021-08-01T14:50:03Z,UCSoW6PGON2SNX0OVXECvVtw,Trance Plants - Fly Guys Revenge [ABYSS 2001],"Discogs: https://www.discogs.com/Trance-Plants-When-The-Skies-Open-Fly-Guys-Revenge/release/551875

Artist: Trance Plants
Track: Fly Guys Revenge
EP Title: When The Skies Open / Fly Guys Revenge
Label: Abyss Records
Catalog #: ABYSS 2001
Genre: Breaks, Acid, Techno
Year: 1995

Just here to share our passion for good music. Any copyright issues? Please contact",https://i.ytimg.com/vi/AJ3Dhwj82H8/hqdefault.jpg,NUGGETS,UUSoW6PGON2SNX0OVXECvVtw,207,AJ3Dhwj82H8,NUGGETS,UCSoW6PGON2SNX0OVXECvVtw,Y
youtube#playlistItem,hPLJgUSzbJsUhzhRwtBhVSi67y0,VVVlNm9NWlZEUkVpLWJIQ0c3ZWVHVXJRLk1HYlpDbS1MMkpz,2024-05-09T13:38:01Z,UCe6oMZVDREi-bHCG7eeGUrQ,Minticco - Driving Home (Laz Dub),https://www.discogs.com/release/11800739-Minticco-Driving-Home,https://i.ytimg.com/vi/MGbZCm-L2Js/hqdefault.jpg,NuggetsLibrary,UUe6oMZVDREi-bHCG7eeGUrQ,0,MGbZCm-L2Js,NuggetsLibrary,UCe6oMZVDREi-bHCG7eeGUrQ,Y
youtube#video,EXjQwo3zMxofekmzdnzRM0x3HQw,VVVlNm9NWlZEUkVpLWJIQ0c3ZWVHVXJRLnNmNk9jRjU3S1o0,2023-05-03T12:25:57Z,UCe6oMZVDREi-bHCG7eeGUrQ,PUSS - Master & Slave (IDL Edit),"FREE DOWNLOAD :
https://soundcloud.com/intelligentdancinline
https://www.instagram.com/intelligentdancinline/",https://i.ytimg.com/vi/sf6OcF57KZ4/hqdefault.jpg,NuggetsLibrary,UUe6oMZVDREi-bHCG7eeGUrQ,1,sf6OcF57KZ4,NuggetsLibrary,UCe6oMZVDREi-bHCG7eeGUrQ,Y
youtube#playlistItem,AvpGqWzDlgjtHog57tIIifJvF5I,VVVlNm9NWlZEUkVpLWJIQ0c3ZWVHVXJRLnhRMXVvOS1ucWdr,2022-07-13T17:28:58Z,UCe6oMZVDREi-bHCG7eeGUrQ,Caulfield - Render,https://www.discogs.com/release/34012-Caulfield-Outside,https://i.ytimg.com/vi/xQ1uo9-nqgk/hqdefault.jpg,NuggetsLibrary,UUe6oMZVDREi-bHCG7eeGUrQ,2,xQ1uo9-nqgk,NuggetsLibrary,UCe6oMZVDREi-bHCG7eeGUrQ,Y
youtube#video,WPIyTu2oswsjxjkC96FShAEUABU,VVVlNm9NWlZEUkVpLWJIQ0c3ZWVHVXJRLng2cGd1OVFGMEZn,2022-06-26T13:44:17Z,UCe6oMZVDREi-bHCG7eeGUrQ,NATIVO LIVE @OPAL,"https://www.instagram.com/nativo.nativo.nativo/
https://www.instagram.com/incoherentdebts/

MORE MUSIC FROM NATIVO : 
https://nativo.bandcamp.com/releases

Short moments from Nativo's live. 
We had the chance to hear him playing his live for Opal in Milano. Totally blown by the energy and emotions coming out of Nativo's musical universe, we felt obliged to share some instants here. 

Enjoy :)",https://i.ytimg.com/vi/x6pgu9QF0Fg/hqdefault.jpg,NuggetsLibrary,UUe6oMZVDREi-bHCG7eeGUrQ,3,x6pgu9QF0Fg,NuggetsLibrary,UCe6oMZVDREi-bHCG7eeGUrQ,Y
youtube#playlistItem,nQFxYwrHZn_erS5VNUeAUzfZpvQ,VVVlNm9NWlZEUkVpLWJIQ0c3ZWVHVXJRLjFFVDhOUzlLMWww,2022-04-10T12:59:10Z,UCe6oMZVDREi-bHCG7eeGUrQ,Nacho CL - Cuando Llega El Final,"BUY IT HERE : 
Subwax Bcn: https://bit.ly/ttr003sbwx
Decks.de: https://bit.ly/ttr003reye
Clone: https://bit.ly/ttr003clnl

https://www.discogs.com/release/21516199-Nacho-CL-SINM-This-Tasty-Volume-3",https://i.ytimg.com/vi/1ET8NS9K1l0/hqdefault.jpg,NuggetsLibrary,UUe6oMZVDREi-bHCG7eeGUrQ,4,1ET8NS9K1l0,NuggetsLibrary,UCe6oMZVDREi-bHCG7eeGUrQ,Y
youtube#video,6l9tvJ4LZCP7fIg4IoocBYX1lkA,VVVlNm9NWlZEUkVpLWJIQ0c3ZWVHVXJRLmVCeW9TOWxUZF9Z,2022-03-29T08:17:43Z,UCe6oMZVDREi-bHCG7eeGUrQ,Sweely - Problems,"Sweely's Bandcamp : https://sweely1.bandcamp.com/releases

Sweely's Soundcloud : https://soundcloud.com/sweelymusic",https://i.ytimg.com/vi/eByoS9lTd_Y/hqdefault.jpg,NuggetsLibrary,UUe6oMZVDREi-bHCG7eeGUrQ,5,eByoS9lTd_Y,NuggetsLibrary,UCe6oMZVDREi-bHCG7eeGUrQ,Y
youtube#playlistItem,mVdgCLwIwKeBl34XEDxV9tDuNmQ,VVVlNm9NWlZEUkVpLWJIQ0c3ZWVHVXJRLlE1NWhiQVpSdjM0,2022-01-17T07:52:18Z,UCe6oMZVDREi-bHCG7eeGUrQ,LOST NUGGETS 005,"For those who know and those who don't. 
Will you find it ?

https://www.discogs.com/search",https://i.ytimg.com/vi/Q55hbAZRv34/hqdefault.jpg,NuggetsLibrary,UUe6oMZVDREi-bHCG7eeGUrQ,6,Q55hbAZRv34,NuggetsLibrary,UCe6oMZVDREi-bHCG7eeGUrQ,Y
youtube#video,gzsWNCQ2fQDh4dehUf2qEG7wkac,VVVlNm9NWlZEUkVpLWJIQ0c3ZWVHVXJRLnNLb2g3WDJCajRF,2022-01-17T07:49:19Z,UCe6oMZVDREi-bHCG7eeGUrQ,NNM Productions - London Girlz,"https://www.discogs.com/release/654877-NNM-Productions-London-Girlz-Get-

(Re-upload)",https://i.ytimg.com/vi/sKoh7X2Bj4E/hqdefault.jpg,NuggetsLibrary,UUe6oMZVDREi-bHCG7eeGUrQ,7,sKoh7X2Bj4E,NuggetsLibrary,UCe6oMZVDREi-bHCG7eeGUrQ,Y
youtube#playlistItem,Qzz-fFn9YPVQDPnJyYkdFzKww4k,VVVlNm9NWlZEUkVpLWJIQ0c3ZWVHVXJRLjlaTWwwMWFYVEdN,2022-01-10T13:37:34Z,UCe6oMZVDREi-bHCG7eeGUrQ,The Spoon Wizard -  Stop Forking About (Phantom Beats Mix),https://www.discogs.com/release/227757-The-Spoon-Wizard-Believe-Or-Suffer-Album-Sampler-2,https://i.ytimg.com/vi/9ZMl01aXTGM/hqdefault.jpg,NuggetsLibrary,UUe6oMZVDREi-bHCG7eeGUrQ,8,9ZMl01aXTGM,NuggetsLibrary,UCe6oMZVDREi-bHCG7eeGUrQ,Y
youtube#video,zZRZgO33LxDid5xd71uU5VYrfLQ,VVVlNm9NWlZEUkVpLWJIQ0c3ZWVHVXJRLlZZRTQ4b3hyR3BV,2022-01-10T13:31:50Z,UCe6oMZVDREi-bHCG7eeGUrQ,The Clumps - Black Out,https://www.discogs.com/release/253929-The-Clumps-Black-Out,https://i.ytimg.com/vi/VYE48oxrGpU/hqdefault.jpg,NuggetsLibrary,UUe6oMZVDREi-bHCG7eeGUrQ,9,VYE48oxrGpU,NuggetsLibrary,UCe6oMZVDREi-bHCG7eeGUrQ,Y
youtube#playlistItem,oUJORDHIcLAHLFnmvtreS-uQoiw,VVVlNm9NWlZEUkVpLWJIQ0c3ZWVHVXJRLnh6RExTLTBJV1hz,2022-01-03T21:35:03Z,UCe6oMZVDREi-bHCG7eeGUrQ,LOST NUGGETS 004,"For those who know and those who don't. 
Will you find it ?

https://www.discogs.com/search",https://i.ytimg.com/vi/xzDLS-0IWXs/hqdefault.jpg,NuggetsLibrary,UUe6oMZVDREi-bHCG7eeGUrQ,10,xzDLS-0IWXs,NuggetsLibrary,UCe6oMZVDREi-bHCG7eeGUrQ,Y
youtube#video,7VXD4UlOzm84sLXcMDrW8Y4oeP4,VVVlNm9NWlZEUkVpLWJIQ0c3ZWVHVXJRLlQ3eWhOZWlkWFlZ,2022-01-03T21:31:06Z,UCe6oMZVDREi-bHCG7eeGUrQ,T.A.S. (The Altered State) - Forever In Your Dreams (Nightmare Mix),https://www.discogs.com/release/931922-TAS-The-Altered-State-Forever-In-Your-Dreams,https://i.ytimg.com/vi/T7yhNeidXYY/hqdefault.jpg,NuggetsLibrary,UUe6oMZVDREi-bHCG7eeGUrQ,11,T7yhNeidXYY,NuggetsLibrary,UCe6oMZVDREi-bHCG7eeGUrQ,Y
youtube#playlistItem,1CA7ziFLCjylNMVKOYCRHl1F4co,VVVlNm9NWlZEUkVpLWJIQ0c3ZWVHVXJRLmlYbl9xWFNmSGQ4,2022-01-03T21:20:48Z,UCe6oMZVDREi-bHCG7eeGUrQ,Cassandra Project Feat D.F.F.R. - The Bass (Instrumental Version),https://www.discogs.com/release/1428975-Cassandra-Project-DFFR-The-Bass-Part-Two,https://i.ytimg.com/vi/iXn_qXSfHd8/hqdefault.jpg,NuggetsLibrary,UUe6oMZVDREi-bHCG7eeGUrQ,12,iXn_qXSfHd8,NuggetsLibrary,UCe6oMZVDREi-bHCG7eeGUrQ,Y
youtube#video,N8DQYgj7q75ICqOkD-Y3Tb2ZiRc,VVVlNm9NWlZEUkVpLWJIQ0c3ZWVHVXJRLjZ4MmR2bC1SR1dz,2021-12-14T12:23:03Z,UCe6oMZVDREi-bHCG7eeGUrQ,Oki Noki - Underground Flowers,https://www.junodownload.com/products/oki-noki-fables-ep/3749801-02/,https://i.ytimg.com/vi/6x2dvl-RGWs/hqdefault.jpg,NuggetsLibrary,UUe6oMZVDREi-bHCG7eeGUrQ,13,6x2dvl-RGWs,NuggetsLibrary,UCe6oMZVDREi-bHCG7eeGUrQ,Y
youtube#playlistItem,_M_9p1D9znz1UFIwNbhXm27p9sM,VVVlNm9NWlZEUkVpLWJIQ0c3ZWVHVXJRLjNtcjJLOEM4ZDNF,2021-12-10T14:27:08Z,UCe6oMZVDREi-bHCG7eeGUrQ,Bang Bang - Fire Funk,https://www.discogs.com/release/757814-Various-Unsigned-Summer-Sampler-06,https://i.ytimg.com/vi/3mr2K8C8d3E/hqdefault.jpg,NuggetsLibrary,UUe6oMZVDREi-bHCG7eeGUrQ,14,3mr2K8C8d3E,NuggetsLibrary,UCe6oMZVDREi-bHCG7eeGUrQ,Y
youtube#video,0Cy_wmBvQnx6IVoNKTYof8JR4ko,VVVlNm9NWlZEUkVpLWJIQ0c3ZWVHVXJRLlNHdGJ5b2RFMmNV,2021-12-04T14:09:32Z,UCe6oMZVDREi-bHCG7eeGUrQ,Der Dritte Räum - Mondmelodie,https://www.discogs.com/release/30827-Der-Dritte-Raum-Raumgleiter,https://i.ytimg.com/vi/SGtbyodE2cU/hqdefault.jpg,NuggetsLibrary,UUe6oMZVDREi-bHCG7eeGUrQ,15,SGtbyodE2cU,NuggetsLibrary,UCe6oMZVDREi-bHCG7eeGUrQ,Y
youtube#playlistItem,y4sobcNP53z_5IcLGGloXmCDqaw,VVVlNm9NWlZEUkVpLWJIQ0c3ZWVHVXJRLjRfUFJnbV9TQ1FZ,2021-12-01T14:02:06Z,UCe6oMZVDREi-bHCG7eeGUrQ,LOST NUGGETS 003,"For those who know and those who don't. 
Will you find it ?

https://www.discogs.com/search",https://i.ytimg.com/vi/4_PRgm_SCQY/hqdefault.jpg,NuggetsLibrary,UUe6oMZVDREi-bHCG7eeGUrQ,16,4_PRgm_SCQY,NuggetsLibrary,UCe6oMZVDREi-bHCG7eeGUrQ,Y
youtube#video,BQ9C40ykr25o8orFDJiQpqhNkAo,VVVlNm9NWlZEUkVpLWJIQ0c3ZWVHVXJRLjhLbmZKSmpWaWhz,2021-11-26T20:56:47Z,UCe6oMZVDREi-bHCG7eeGUrQ,QR Code - Mindless Dance (Demo version) NEO NUGGETS - 001,"The mystery is finally unveiled. 

This track will be out soon on sister’s label of These Tasty Records; Sweet Notes. 

Here is the link for pre order :
https://subwax.es/product/sn001/

More infos : 
https://instagram.com/sweetnotes.records?igshid=YmMyMTA2M2Y=

https://instagram.com/intelligentdancinline?igshid=YmMyMTA2M2Y=

https://www.instagram.com/helloqrcode/

https://instagram.com/ru.bens__?igshid=YmMyMTA2M2Y=


for the people to listen and enjoy, Nothing else.. 
more infos at: nuggetslibrary@gmail.com",https://i.ytimg.com/vi/8KnfJJjVihs/hqdefault.jpg,NuggetsLibrary,UUe6oMZVDREi-bHCG7eeGUrQ,17,8KnfJJjVihs,NuggetsLibrary,UCe6oMZVDREi-bHCG7eeGUrQ,Y
youtube#playlistItem,E5P-BN2ivO5yUiizk5UCi7jsrV8,VVVlNm9NWlZEUkVpLWJIQ0c3ZWVHVXJRLkZaVXdfUi14eU5B,2021-11-10T23:32:05Z,UCe6oMZVDREi-bHCG7eeGUrQ,Fantastic Man - Dj Mentality,https://fantasticman.bandcamp.com/album/dj-mentality,https://i.ytimg.com/vi/FZUw_R-xyNA/hqdefault.jpg,NuggetsLibrary,UUe6oMZVDREi-bHCG7eeGUrQ,18,FZUw_R-xyNA,NuggetsLibrary,UCe6oMZVDREi-bHCG7eeGUrQ,Y
youtube#video,Qtkzw2oNDB7qb6vnpCXDJqWTN5w,VVVlNm9NWlZEUkVpLWJIQ0c3ZWVHVXJRLkZMclR6NjAyNUtn,2021-10-27T09:20:42Z,UCe6oMZVDREi-bHCG7eeGUrQ,Dj Life - Proton,https://www.discogs.com/release/19349521-DJ-Life-Ambedo-EP,https://i.ytimg.com/vi/FLrTz6025Kg/hqdefault.jpg,NuggetsLibrary,UUe6oMZVDREi-bHCG7eeGUrQ,19,FLrTz6025Kg,NuggetsLibrary,UCe6oMZVDREi-bHCG7eeGUrQ,Y
youtube#playlistItem,xsJpYL3ptifq6jUrjPVI4pP99dE,VVVlNm9NWlZEUkVpLWJIQ0c3ZWVHVXJRLmlwU2NVZkVHaVFZ,2021-10-27T09:20:27Z,UCe6oMZVDREi-bHCG7eeGUrQ,Dj Life - Ride,https://www.discogs.com/release/19349521-DJ-Life-Ambedo-EP,https://i.ytimg.com/vi/ipScUfEGiQY/hqdefault.jpg,NuggetsLibrary,UUe6oMZVDREi-bHCG7eeGUrQ,20,ipScUfEGiQY,NuggetsLibrary,UCe6oMZVDREi-bHCG7eeGUrQ,Y
youtube#video,rjdNU_j3W4dorsfBapJiUkOgNOg,VVVlNm9NWlZEUkVpLWJIQ0c3ZWVHVXJRLndiRElEdGtmaVc0,2021-10-27T09:19:51Z,UCe6oMZVDREi-bHCG7eeGUrQ,Dj Life - Skeletal,https://www.discogs.com/release/19349521-DJ-Life-Ambedo-EP,https://i.ytimg.com/vi/wbDIDtkfiW4/hqdefault.jpg,NuggetsLibrary,UUe6oMZVDREi-bHCG7eeGUrQ,21,wbDIDtkfiW4,NuggetsLibrary,UCe6oMZVDREi-bHCG7eeGUrQ,Y
youtube#playlistItem,YWQIIn74_lGqqoH7PPcmAtTmmgo,VVVlNm9NWlZEUkVpLWJIQ0c3ZWVHVXJRLjJNc2llZzlHZmxB,2021-10-27T09:19:32Z,UCe6oMZVDREi-bHCG7eeGUrQ,Dj Life - Wormhole,https://www.discogs.com/release/19349521-DJ-Life-Ambedo-EP,https://i.ytimg.com/vi/2Msieg9GflA/hqdefault.jpg,NuggetsLibrary,UUe6oMZVDREi-bHCG7eeGUrQ,22,2Msieg9GflA,NuggetsLibrary,UCe6oMZVDREi-bHCG7eeGUrQ,Y
youtube#video,TydgO0ZvOJ0kIE_ZVtHosPzqhs0,VVVlNm9NWlZEUkVpLWJIQ0c3ZWVHVXJRLlR3S19pS0R6LUxv,2021-10-14T09:56:56Z,UCe6oMZVDREi-bHCG7eeGUrQ,Sweely - May I have your intention please,"Sweely's Bandcamp : https://sweely1.bandcamp.com/releases

Sweely's Soundcloud : https://soundcloud.com/sweelymusic",https://i.ytimg.com/vi/TwK_iKDz-Lo/hqdefault.jpg,NuggetsLibrary,UUe6oMZVDREi-bHCG7eeGUrQ,23,TwK_iKDz-Lo,NuggetsLibrary,UCe6oMZVDREi-bHCG7eeGUrQ,Y
youtube#playlistItem,eAf6CDFNthbtTM2wH91lTkahzLg,VVVlNm9NWlZEUkVpLWJIQ0c3ZWVHVXJRLnd5QVIzTjdUeE5j,2021-10-08T16:59:18Z,UCe6oMZVDREi-bHCG7eeGUrQ,LOST NUGGETS 002,"For those who know and those who don't. 
Will you find it ? 

https://www.discogs.com/search",https://i.ytimg.com/vi/wyAR3N7TxNc/hqdefault.jpg,NuggetsLibrary,UUe6oMZVDREi-bHCG7eeGUrQ,24,wyAR3N7TxNc,NuggetsLibrary,UCe6oMZVDREi-bHCG7eeGUrQ,Y
youtube#video,_SUYBuUYMVN-14QFbkQqlDbrYD8,VVVlNm9NWlZEUkVpLWJIQ0c3ZWVHVXJRLmJERkp6RXhqaG5Z,2021-10-05T18:00:03Z,UCe6oMZVDREi-bHCG7eeGUrQ,Kimble - Epiphany,https://offkeyindustries.bandcamp.com/album/the-dust-off-volume-one,https://i.ytimg.com/vi/bDFJzExjhnY/hqdefault.jpg,NuggetsLibrary,UUe6oMZVDREi-bHCG7eeGUrQ,25,bDFJzExjhnY,NuggetsLibrary,UCe6oMZVDREi-bHCG7eeGUrQ,Y
youtube#playlistItem,Q6cjp2UFBjyv4LnSQGzhNm17IZA,VVVlNm9NWlZEUkVpLWJIQ0c3ZWVHVXJRLktzWk04cEZjS0ZR,2021-10-05T17:59:15Z,UCe6oMZVDREi-bHCG7eeGUrQ,Minor Planets - Shines Down On You,https://offkeyindustries.bandcamp.com/album/the-dust-off-volume-one,https://i.ytimg.com/vi/KsZM8pFcKFQ/hqdefault.jpg,NuggetsLibrary,UUe6oMZVDREi-bHCG7eeGUrQ,26,KsZM8pFcKFQ,NuggetsLibrary,UCe6oMZVDREi-bHCG7eeGUrQ,Y
youtube#video,hIA7WGvDXc6pcKXncVaVBKiIKns,VVVlNm9NWlZEUkVpLWJIQ0c3ZWVHVXJRLk1hVzM4TzJGYUpr,2021-10-05T08:55:22Z,UCe6oMZVDREi-bHCG7eeGUrQ,Amplified People - Feel The Fear,https://www.discogs.com/release/1381355-Amplified-People-Cannon-Jack,https://i.ytimg.com/vi/MaW38O2FaJk/hqdefault.jpg,NuggetsLibrary,UUe6oMZVDREi-bHCG7eeGUrQ,27,MaW38O2FaJk,NuggetsLibrary,UCe6oMZVDREi-bHCG7eeGUrQ,Y
youtube#playlistItem,6xHMZMf-ukRmgVBlI4D5JI7jAVo,VVVlNm9NWlZEUkVpLWJIQ0c3ZWVHVXJRLmhtOFB4Yzcwanlz,2021-10-05T08:54:20Z,UCe6oMZVDREi-bHCG7eeGUrQ,Amplified People - In The Business,https://www.discogs.com/release/1381355-Amplified-People-Cannon-Jack,https://i.ytimg.com/vi/hm8Pxc70jys/hqdefault.jpg,NuggetsLibrary,UUe6oMZVDREi-bHCG7eeGUrQ,28,hm8Pxc70jys,NuggetsLibrary,UCe6oMZVDREi-bHCG7eeGUrQ,Y
youtube#video,W9cceBLeOlk6_0ibnVL4wVHljUY,VVVlNm9NWlZEUkVpLWJIQ0c3ZWVHVXJRLkJsaS1Rc3cydWtN,2021-10-04T11:00:23Z,UCe6oMZVDREi-bHCG7eeGUrQ,Animated - Grab The Rope,https://www.discogs.com/Animated-Tempting-Fate/release/544733,https://i.ytimg.com/vi/Bli-Qsw2ukM/hqdefault.jpg,NuggetsLibrary,UUe6oMZVDREi-bHCG7eeGUrQ,29,Bli-Qsw2ukM,NuggetsLibrary,UCe6oMZVDREi-bHCG7eeGUrQ,Y
youtube#playlistItem,kLEQi4J1gt0K-Zu6ERuxr6OIuec,VVVlNm9NWlZEUkVpLWJIQ0c3ZWVHVXJRLnd6TndYVEl4MEEw,2021-10-04T10:49:59Z,UCe6oMZVDREi-bHCG7eeGUrQ,Skee Mask (SCNTST) - untitled238,"https://scntstlab.bandcamp.com/album/image-is-everything-pt-3

''probably the last part of tracks / demos made between 2011 and 2016, the rest is either lost or just not sounding ready to release in any way.. hope you find something you like, and sorry for the volume differences. (all unmastered & recovered from various hard drives) 
might continue with the old / early skee mask jams at some point, thanks to everyone who supported this site!''",https://i.ytimg.com/vi/wzNwXTIx0A0/hqdefault.jpg,NuggetsLibrary,UUe6oMZVDREi-bHCG7eeGUrQ,30,wzNwXTIx0A0,NuggetsLibrary,UCe6oMZVDREi-bHCG7eeGUrQ,Y
youtube#video,2kVuGBglQ-Hh-P_0TEU6DW8AHBU,VVVlNm9NWlZEUkVpLWJIQ0c3ZWVHVXJRLklvZkRBQno1emxB,2021-09-30T18:02:04Z,UCe6oMZVDREi-bHCG7eeGUrQ,LOST NUGGETS 001,"For those who know and those who don't. 
Will you find it ? 

https://www.discogs.com/search",https://i.ytimg.com/vi/IofDABz5zlA/hqdefault.jpg,NuggetsLibrary,UUe6oMZVDREi-bHCG7eeGUrQ,31,IofDABz5zlA,NuggetsLibrary,UCe6oMZVDREi-bHCG7eeGUrQ,Y
youtube#playlistItem,gYpn5sn8RVLLPmMhm_qxZAmTDoE,VVVlNm9NWlZEUkVpLWJIQ0c3ZWVHVXJRLk9jWGtpVHNjWklB,2021-09-30T17:59:50Z,UCe6oMZVDREi-bHCG7eeGUrQ,LOST NUGGETS 001,"For those who know and those who don't. 
Will you find it ? 

https://www.discogs.com/search",https://i.ytimg.com/vi/OcXkiTscZIA/hqdefault.jpg,NuggetsLibrary,UUe6oMZVDREi-bHCG7eeGUrQ,32,OcXkiTscZIA,NuggetsLibrary,UCe6oMZVDREi-bHCG7eeGUrQ,Y
youtube#video,Mm9AXKF6z425yHUOs-0CCNciIN8,VVVlNm9NWlZEUkVpLWJIQ0c3ZWVHVXJRLnR3emlMck05Z1lB,2021-09-30T15:39:33Z,UCe6oMZVDREi-bHCG7eeGUrQ,Maddslinky - Desert Fog,https://www.discogs.com/Maddslinky-Reject-Desert-Fog/release/32951,https://i.ytimg.com/vi/twziLrM9gYA/hqdefault.jpg,NuggetsLibrary,UUe6oMZVDREi-bHCG7eeGUrQ,33,twziLrM9gYA,NuggetsLibrary,UCe6oMZVDREi-bHCG7eeGUrQ,Y
youtube#playlistItem,7l0L2M3xbmcRtzh0P1Efd116Zr0,VVVlNm9NWlZEUkVpLWJIQ0c3ZWVHVXJRLm9LZ1pEcTRWaU5B,2021-09-18T12:29:47Z,UCe6oMZVDREi-bHCG7eeGUrQ,Sweely - Only If Ur Happy,"Sweely's Bandcamp : https://sweely1.bandcamp.com/releases

Sweely's Soundcloud : https://soundcloud.com/sweelymusic


Sweely's track that did the round of summer's festivals. 
To those who will have goosebumps remembering these moment.",https://i.ytimg.com/vi/oKgZDq4ViNA/hqdefault.jpg,NuggetsLibrary,UUe6oMZVDREi-bHCG7eeGUrQ,34,oKgZDq4ViNA,NuggetsLibrary,UCe6oMZVDREi-bHCG7eeGUrQ,Y
youtube#video,gSng9slFJjqDpJFzrpGVizzAwzU,VVVlNm9NWlZEUkVpLWJIQ0c3ZWVHVXJRLjBZblN4ZVZqSGxZ,2021-09-16T13:23:03Z,UCe6oMZVDREi-bHCG7eeGUrQ,Spoon Wizard - Pink Saturday,"BUY ON BANDCAMP : https://spoonwizard.bandcamp.com/album/believe-or-suffer

Our intentions is to promote the music and only the music, if you want some content to be removed, contact us at : Nuggetslibrary@gmail.com.",https://i.ytimg.com/vi/0YnSxeVjHlY/hqdefault.jpg,NuggetsLibrary,UUe6oMZVDREi-bHCG7eeGUrQ,35,0YnSxeVjHlY,NuggetsLibrary,UCe6oMZVDREi-bHCG7eeGUrQ,Y
youtube#playlistItem,NvVT54_BaKAo5-W3r-sikj0D7-w,VVVlNm9NWlZEUkVpLWJIQ0c3ZWVHVXJRLm4tOTJqSWNXclZv,2021-09-16T13:22:16Z,UCe6oMZVDREi-bHCG7eeGUrQ,Spoon Wizard - Stop Forking About,"BUY ON BANDCAMP : https://spoonwizard.bandcamp.com/album/believe-or-suffer

Our intentions is to promote the music and only the music, if you want some content to be removed, contact us at : Nuggetslibrary@gmail.com.",https://i.ytimg.com/vi/n-92jIcWrVo/hqdefault.jpg,NuggetsLibrary,UUe6oMZVDREi-bHCG7eeGUrQ,36,n-92jIcWrVo,NuggetsLibrary,UCe6oMZVDREi-bHCG7eeGUrQ,Y
youtube#video,TJ3iMXNl5NFESssnTQgkxq8mQng,VVVlNm9NWlZEUkVpLWJIQ0c3ZWVHVXJRLlMxcVZPenhFODNr,2021-09-16T13:22:07Z,UCe6oMZVDREi-bHCG7eeGUrQ,Spoon Wizard - Spoonkey,"BUY ON BANDCAMP : https://spoonwizard.bandcamp.com/album/believe-or-suffer

Our intentions is to promote the music and only the music, if you want some content to be removed, contact us at : Nuggetslibrary@gmail.com.",https://i.ytimg.com/vi/S1qVOzxE83k/hqdefault.jpg,NuggetsLibrary,UUe6oMZVDREi-bHCG7eeGUrQ,37,S1qVOzxE83k,NuggetsLibrary,UCe6oMZVDREi-bHCG7eeGUrQ,Y
youtube#playlistItem,2l8e3MHUy2obz6Ik02L0mwvraxA,VVVlNm9NWlZEUkVpLWJIQ0c3ZWVHVXJRLkxISU1RQ29qcU9n,2021-09-16T13:20:39Z,UCe6oMZVDREi-bHCG7eeGUrQ,Spoon Wizard - Hardened,"BUY ON BANDCAMP : https://spoonwizard.bandcamp.com/album/believe-or-suffer

Our intentions is to promote the music and only the music, if you want some content to be removed, contact us at : Nuggetslibrary@gmail.com.",https://i.ytimg.com/vi/LHIMQCojqOg/hqdefault.jpg,NuggetsLibrary,UUe6oMZVDREi-bHCG7eeGUrQ,38,LHIMQCojqOg,NuggetsLibrary,UCe6oMZVDREi-bHCG7eeGUrQ,Y
youtube#video,z9dIef35pEz1RPUgmoHS4MsgGSY,VVVlNm9NWlZEUkVpLWJIQ0c3ZWVHVXJRLlA5dVE1bk1xUlQ4,2021-05-18T10:24:20Z,UCe6oMZVDREi-bHCG7eeGUrQ,Sigmatibet - Benz (Re-Edit),"BUY HERE : https://matthiassuperluminal.bandcamp.com/album/insomnia-ep


Our intentions is to promote the music and only the music, if you want some content to be removed, contact us at : Nuggetslibrary@gmail.com.",https://i.ytimg.com/vi/P9uQ5nMqRT8/hqdefault.jpg,NuggetsLibrary,UUe6oMZVDREi-bHCG7eeGUrQ,39,P9uQ5nMqRT8,NuggetsLibrary,UCe6oMZVDREi-bHCG7eeGUrQ,Y
youtube#playlistItem,C4INg0kvphMBAtBwcCGUk-pWUpE,VVVlNm9NWlZEUkVpLWJIQ0c3ZWVHVXJRLk9vUlVXSk16X2lF,2021-05-18T10:21:50Z,UCe6oMZVDREi-bHCG7eeGUrQ,Bellini & Skeela - Punto G (Rework),"BUY HERE : https://matthiassuperluminal.bandcamp.com/album/insomnia-ep

Our intentions is to promote the music and only the music, if you want some content to be removed, contact us at : Nuggetslibrary@gmail.com.",https://i.ytimg.com/vi/OoRUWJMz_iE/hqdefault.jpg,NuggetsLibrary,UUe6oMZVDREi-bHCG7eeGUrQ,40,OoRUWJMz_iE,NuggetsLibrary,UCe6oMZVDREi-bHCG7eeGUrQ,Y
youtube#video,pLKzC53BzIambSQ_2COuKSPOSEU,VVVlNm9NWlZEUkVpLWJIQ0c3ZWVHVXJRLnZjS044NlA4VGpZ,2021-05-11T17:35:49Z,UCe6oMZVDREi-bHCG7eeGUrQ,Mondo Scuro - Algorithm (Cussion Mix),"BUY HERE : https://mondoscuro.bandcamp.com/track/algorithm-cussion-mix

Track : Algorithm (Cussion Mix)
Label : Violent Drum

Our intentions is to promote the music and only the music, if you want some content to be removed, contact us at : Nuggetslibrary@gmail.com.",https://i.ytimg.com/vi/vcKN86P8TjY/hqdefault.jpg,NuggetsLibrary,UUe6oMZVDREi-bHCG7eeGUrQ,41,vcKN86P8TjY,NuggetsLibrary,UCe6oMZVDREi-bHCG7eeGUrQ,Y
youtube#playlistItem,7laF9kuzESaWNTZgTbD-xEVvq-c,VVVlNm9NWlZEUkVpLWJIQ0c3ZWVHVXJRLjhMSlhYSnctend3,2021-05-11T17:33:25Z,UCe6oMZVDREi-bHCG7eeGUrQ,Mondo Scuro - Algorithm (Original Mix),"BUY HERE : https://mondoscuro.bandcamp.com/track/algorithm-original-mix

Track : Algorithm (Original Mix) 
Label : Violent Drum 

Our intentions is to promote the music and only the music, if you want some content to be removed, contact us at : Nuggetslibrary@gmail.com.",https://i.ytimg.com/vi/8LJXXJw-zww/hqdefault.jpg,NuggetsLibrary,UUe6oMZVDREi-bHCG7eeGUrQ,42,8LJXXJw-zww,NuggetsLibrary,UCe6oMZVDREi-bHCG7eeGUrQ,Y
youtube#video,MtDQ3Tw6iw9daJK9oiSPdUBEhB8,VVVlNm9NWlZEUkVpLWJIQ0c3ZWVHVXJRLmo2SnV3eU10Z2xr,2021-05-07T18:10:58Z,UCe6oMZVDREi-bHCG7eeGUrQ,Sweely - Call me tonight,"Track: Call me tonight

SWEELY'S BANDCAMP : https://soundcloud.com/sweelymusic/call-me-tonight



Our intentions is to promote the music and only the music, if you want some content to be removed, contact us at : Nuggetslibrary@gmail.com.",https://i.ytimg.com/vi/j6JuwyMtglk/hqdefault.jpg,NuggetsLibrary,UUe6oMZVDREi-bHCG7eeGUrQ,43,j6JuwyMtglk,NuggetsLibrary,UCe6oMZVDREi-bHCG7eeGUrQ,Y
youtube#playlistItem,7GYaGhAl8PA2XYVTKLUPH3Atwow,VVVlNm9NWlZEUkVpLWJIQ0c3ZWVHVXJRLkNURkRRcEZTMWFF,2021-05-06T12:36:00Z,UCe6oMZVDREi-bHCG7eeGUrQ,Manager_111 - Tricky Treatment,"Track: Tricky Treatment
Artist: Manager_111
EP Title: Manager_111 - Penthouse Traxx #1.0
Label: Psycho Thrill
Catalog #:  PTNE2114
Genre: Techno, Minimal
Year: 2006",https://i.ytimg.com/vi/CTFDQpFS1aE/hqdefault.jpg,NuggetsLibrary,UUe6oMZVDREi-bHCG7eeGUrQ,44,CTFDQpFS1aE,NuggetsLibrary,UCe6oMZVDREi-bHCG7eeGUrQ,Y
youtube#video,eoZuhPc6xVqj0Ha8eyFkgfel4-c,VVVlNm9NWlZEUkVpLWJIQ0c3ZWVHVXJRLnlPV0IxZnVrcWVJ,2021-05-03T14:13:06Z,UCe6oMZVDREi-bHCG7eeGUrQ,Maarten van der Vleuten - Use Power With Passion,"BUY ON BANDCAMP : https://maartenvandervleuten.bandcamp.com/album/systematically-declassified-3

Our intentions is to promote the music and only the music, if you want some content to be removed, contact us at : Nuggetslibrary@gmail.com.",https://i.ytimg.com/vi/yOWB1fukqeI/hqdefault.jpg,NuggetsLibrary,UUe6oMZVDREi-bHCG7eeGUrQ,45,yOWB1fukqeI,NuggetsLibrary,UCe6oMZVDREi-bHCG7eeGUrQ,Y
youtube#playlistItem,3wkDmrzlw_E930mi0vL7vGKHOOs,VVVlNm9NWlZEUkVpLWJIQ0c3ZWVHVXJRLnoxbmUyRUdWZndN,2021-05-03T14:12:13Z,UCe6oMZVDREi-bHCG7eeGUrQ,Maarten van der Vleuten - Ter,"BUY ON BANDCAMP : https://maartenvandervleuten.bandcamp.com/album/systematically-declassified-3

Our intentions is to promote the music and only the music, if you want some content to be removed, contact us at : Nuggetslibrary@gmail.com.",https://i.ytimg.com/vi/z1ne2EGVfwM/hqdefault.jpg,NuggetsLibrary,UUe6oMZVDREi-bHCG7eeGUrQ,46,z1ne2EGVfwM,NuggetsLibrary,UCe6oMZVDREi-bHCG7eeGUrQ,Y
youtube#video,fBGIWZ_KfM_7hmyJPqnSBDsCgQ8,VVVlNm9NWlZEUkVpLWJIQ0c3ZWVHVXJRLlk0SFZKNV9mRkF3,2021-05-03T14:11:18Z,UCe6oMZVDREi-bHCG7eeGUrQ,Maarten van der Vleuten - Krummy,"BUY ON BANDCAMP : https://maartenvandervleuten.bandcamp.com/album/systematically-declassified-3

Our intentions is to promote the music and only the music, if you want some content to be removed, contact us at : Nuggetslibrary@gmail.com.",https://i.ytimg.com/vi/Y4HVJ5_fFAw/hqdefault.jpg,NuggetsLibrary,UUe6oMZVDREi-bHCG7eeGUrQ,47,Y4HVJ5_fFAw,NuggetsLibrary,UCe6oMZVDREi-bHCG7eeGUrQ,Y
youtube#playlistItem,pZqS5Ah2PqwUMo4D9ZmGLV6karI,VVVlNm9NWlZEUkVpLWJIQ0c3ZWVHVXJRLjNOTFN2OExMLU5N,2021-05-03T14:09:52Z,UCe6oMZVDREi-bHCG7eeGUrQ,Maarten van der Vleuten - Live My Life,"BUY ON BANDCAMP : https://maartenvandervleuten.bandcamp.com/album/systematically-declassified-3

Our intentions is to promote the music and only the music, if you want some content to be removed, contact us at : Nuggetslibrary@gmail.com.",https://i.ytimg.com/vi/3NLSv8LL-NM/hqdefault.jpg,NuggetsLibrary,UUe6oMZVDREi-bHCG7eeGUrQ,48,3NLSv8LL-NM,NuggetsLibrary,UCe6oMZVDREi-bHCG7eeGUrQ,Y
youtube#video,OdRR5J-SjcAYd7LO-0WkFNQlzUg,VVVlNm9NWlZEUkVpLWJIQ0c3ZWVHVXJRLkRTbFRvSlNnclp3,2021-05-03T14:08:35Z,UCe6oMZVDREi-bHCG7eeGUrQ,Maarten van der Vleuten - Salvation,"BUY ON BANDCAMP : https://maartenvandervleuten.bandcamp.com/album/systematically-declassified-3

Our intentions is to promote the music and only the music, if you want some content to be removed, contact us at : Nuggetslibrary@gmail.com.",https://i.ytimg.com/vi/DSlToJSgrZw/hqdefault.jpg,NuggetsLibrary,UUe6oMZVDREi-bHCG7eeGUrQ,49,DSlToJSgrZw,NuggetsLibrary,UCe6oMZVDREi-bHCG7eeGUrQ,Y
youtube#playlistItem,I_MGsxl00EvG8eQLZZRgJJ0HYxE,VVVlNm9NWlZEUkVpLWJIQ0c3ZWVHVXJRLlAtU1ZBcVJRYm9r,2021-05-03T13:48:03Z,UCe6oMZVDREi-bHCG7eeGUrQ,Steven Simpson - Strings of Acid,"BUY ON BANDCAMP : https://somewhereinthenorth.bandcamp.com/album/sin003-comfort-in-parallels

Our intentions is to promote the music and only the music, if you want some content to be removed, contact us at : Nuggetslibrary@gmail.com.",https://i.ytimg.com/vi/P-SVAqRQbok/hqdefault.jpg,NuggetsLibrary,UUe6oMZVDREi-bHCG7eeGUrQ,50,P-SVAqRQbok,NuggetsLibrary,UCe6oMZVDREi-bHCG7eeGUrQ,Y
youtube#video,NtMjzKSQUO3Y8ikLtrF-_g8DzWA,VVVlNm9NWlZEUkVpLWJIQ0c3ZWVHVXJRLnVzMkxaLWxJMU5Z,2021-05-03T13:39:19Z,UCe6oMZVDREi-bHCG7eeGUrQ,Anatolian Weapon - The Antidote,"BUY ON BANDCAMP : https://anatolianweapons.bandcamp.com/album/spiritual-music-vol-4-the-antidote

Our intentions is to promote the music and only the music, if you want some content to be removed, contact us at : Nuggetslibrary@gmail.com.",https://i.ytimg.com/vi/us2LZ-lI1NY/hqdefault.jpg,NuggetsLibrary,UUe6oMZVDREi-bHCG7eeGUrQ,51,us2LZ-lI1NY,NuggetsLibrary,UCe6oMZVDREi-bHCG7eeGUrQ,Y
youtube#playlistItem,dFolPHUPZ6O70Aps_Bp9i55ectU,VVVlNm9NWlZEUkVpLWJIQ0c3ZWVHVXJRLi12UU52ZlRtblhn,2021-05-03T13:31:08Z,UCe6oMZVDREi-bHCG7eeGUrQ,Simon Moncler - Equation (Koga's 241 Dub),"Track: Equation (Koga's 241 Dub)
Artist: Simon Moncler
EP Title: Data Stream EP
Label: OCP ‎
Catalog #:  OCP003
Genre: Electro, Breakbeat, House, Acid, Bleep
Year: 2020

Discogs: https://www.discogs.com/fr/Simon-Moncler-Data-Streams-EP/release/16201345

Our intentions is to promote the music and only the music, if you want some content to be removed, contact us at : Nuggetslibrary@gmail.com.",https://i.ytimg.com/vi/-vQNvfTmnXg/hqdefault.jpg,NuggetsLibrary,UUe6oMZVDREi-bHCG7eeGUrQ,52,-vQNvfTmnXg,NuggetsLibrary,UCe6oMZVDREi-bHCG7eeGUrQ,Y
youtube#video,YBHRIcP8zMmZHHqh4ffDXF-lXs0,VVVlNm9NWlZEUkVpLWJIQ0c3ZWVHVXJRLjg4TXRDWlVPT2Zr,2021-05-03T12:52:26Z,UCe6oMZVDREi-bHCG7eeGUrQ,NNM - London Girlz,"Track: London Girlz
Artist: NNM 
EP Title: London girlz / Get Busy
Label: Tot Records 
Catalog #: TOT 019
Genre: UK Garage
Year: 2001

Discogs: https://www.discogs.com/fr/NNM-Productions-London-Girlz-Get-Busy/release/654877

Our intentions is to promote the music and only the music, if you want some content to be removed, contact us at : Nuggetslibrary@gmail.com.",https://i.ytimg.com/vi/88MtCZUOOfk/hqdefault.jpg,NuggetsLibrary,UUe6oMZVDREi-bHCG7eeGUrQ,53,88MtCZUOOfk,NuggetsLibrary,UCe6oMZVDREi-bHCG7eeGUrQ,Y
youtube#playlistItem,v9UGK01Bt2Bmog6rkNKG5RMoKGk,VVVlNm9NWlZEUkVpLWJIQ0c3ZWVHVXJRLkxkbzJwSWJqY1JV,2021-05-03T12:42:07Z,UCe6oMZVDREi-bHCG7eeGUrQ,Upside Down (Virtual Tribal),"Track: Upside Down (Virtual Tribal)
Artist: Pamela Britte
EP Title: Upside Down
Label: Blam Records
Catalog #: bl002
Genre: House
Year: 1993

Discogs: https://www.discogs.com/fr/Pamela-Britte-Upside-Down/release/2353197

Our intentions is to promote the music and only the music, if you want some content to be removed, contact us at : Nuggetslibrary@gmail.com.",https://i.ytimg.com/vi/Ldo2pIbjcRU/hqdefault.jpg,NuggetsLibrary,UUe6oMZVDREi-bHCG7eeGUrQ,54,Ldo2pIbjcRU,NuggetsLibrary,UCe6oMZVDREi-bHCG7eeGUrQ,Y
youtube#video,385O58JgnsRdTXfCpxLSrI7A3Kw,VVVlNm9NWlZEUkVpLWJIQ0c3ZWVHVXJRLmVOeWZod0RxWTJJ,2021-05-03T12:30:59Z,UCe6oMZVDREi-bHCG7eeGUrQ,Pamela Britte ‎– Upside Down (Vibe Beat),"Track: Upside Down (Vibe Beat)
Artist: Pamela Britte
EP Title: Upside Down
Label: Blam Records
Catalog #: bl002
Genre: House
Year: 1993

Discogs: https://www.discogs.com/fr/Pamela-Britte-Upside-Down/release/2353197

Our intentions is to promote the music and only the music, if you want some content to be removed, contact us at : Nuggetslibrary@gmail.com.",https://i.ytimg.com/vi/eNyfhwDqY2I/hqdefault.jpg,NuggetsLibrary,UUe6oMZVDREi-bHCG7eeGUrQ,55,eNyfhwDqY2I,NuggetsLibrary,UCe6oMZVDREi-bHCG7eeGUrQ,Y
youtube#playlistItem,IBmwHMHN3HUVSGJREI5jlyOSTGQ,VVVlNm9NWlZEUkVpLWJIQ0c3ZWVHVXJRLm54dy1ITmRSUHQw,2020-05-06T23:47:37Z,UCe6oMZVDREi-bHCG7eeGUrQ,This Side Up - Yaah,"Track: Yaah
Artist: This Side Up
EP Title: Up Side Down EP
Label: Stealth Records
Catalog #: STR 4292
Genre: House
Year: 1992

Discogs: https://www.discogs.com/This-Side-Up-Up-Side-Down-EP/release/121602

Our intentions is to promote the music and only the music, if you want some content to be removed, contact us at : Nuggetslibrary@gmail.com.",https://i.ytimg.com/vi/nxw-HNdRPt0/hqdefault.jpg,NuggetsLibrary,UUe6oMZVDREi-bHCG7eeGUrQ,56,nxw-HNdRPt0,NuggetsLibrary,UCe6oMZVDREi-bHCG7eeGUrQ,Y
youtube#video,VlV6M4vnZnYEnvlR0VW-mgBW_9Q,VVVlNm9NWlZEUkVpLWJIQ0c3ZWVHVXJRLlRtUm9nemxfN0RN,2020-05-06T23:34:48Z,UCe6oMZVDREi-bHCG7eeGUrQ,Gabriel Thomas - IAYM,"Track: IAYM
Artist: Gabriel Thomas
EP Title: Various - Winter Sampler Vol.1
Label: Fiberline Audio
Catalog #: FLAR-001
Genre: Progressive House, Breaks
Year: March 2005

Discogs: https://www.discogs.com/Various-Winter-Sampler-Vol-1/release/433848

Our intentions is to promote the music and only the music, if you want some content to be removed, contact us at . Nuggetslibrary@gmail.com.",https://i.ytimg.com/vi/TmRogzl_7DM/hqdefault.jpg,NuggetsLibrary,UUe6oMZVDREi-bHCG7eeGUrQ,57,TmRogzl_7DM,NuggetsLibrary,UCe6oMZVDREi-bHCG7eeGUrQ,Y
youtube#playlistItem,Z83FjPPwGActG9_HBX5MUZ7ANE4,VVVlNm9NWlZEUkVpLWJIQ0c3ZWVHVXJRLklQbWxXN21ZWG00,2017-02-16T19:43:28Z,UCe6oMZVDREi-bHCG7eeGUrQ,OddJohn - Tribute To Jay (Long Mix),"BUY IT!
Bandcamp :
https://oddjohnfr.bandcamp.com/album/johns-grooves-moods

LISTEN MORE!
OddJohn :
https://soundcloud.com/oddjohnofficial

The channel uploaded this track without own any rights. Our intention are to promote & support the work of artists we love.
Contact us at nuggetslibrary@gmail.com for any problem of Copyrights, we will remove what you want.",https://i.ytimg.com/vi/IPmlW7mYXm4/hqdefault.jpg,NuggetsLibrary,UUe6oMZVDREi-bHCG7eeGUrQ,58,IPmlW7mYXm4,NuggetsLibrary,UCe6oMZVDREi-bHCG7eeGUrQ,Y
youtube#video,ECNU1NvRGJ0fhSf5bGjIrkP2-xA,VVVlNm9NWlZEUkVpLWJIQ0c3ZWVHVXJRLmN3bDh3MTJHRS1V,2017-02-16T19:43:23Z,UCe6oMZVDREi-bHCG7eeGUrQ,OddJohn - Long Story,"BUY IT!
Bandcamp :
https://oddjohnfr.bandcamp.com/album/johns-grooves-moods

LISTEN MORE!
OddJohn :
https://soundcloud.com/oddjohnofficial

The channel uploaded this track without own any rights. Our intention are to promote & support the work of artists we love.
Contact us at nuggetslibrary@gmail.com for any problem of Copyrights, we will remove what you want.",https://i.ytimg.com/vi/cwl8w12GE-U/hqdefault.jpg,NuggetsLibrary,UUe6oMZVDREi-bHCG7eeGUrQ,59,cwl8w12GE-U,NuggetsLibrary,UCe6oMZVDREi-bHCG7eeGUrQ,Y
youtube#playlistItem,fbdyN4n9ip8eyB8YzARhO5UwSK8,VVVlNm9NWlZEUkVpLWJIQ0c3ZWVHVXJRLml1U0dvd3NObl80,2017-02-16T19:43:19Z,UCe6oMZVDREi-bHCG7eeGUrQ,OddJohn - Sex Work,"BUY IT!
Bandcamp :
https://oddjohnfr.bandcamp.com/album/johns-grooves-moods

LISTEN MORE!
OddJohn :
https://soundcloud.com/oddjohnofficial

The channel uploaded this track without own any rights. Our intention are to promote & support the work of artists we love.
Contact us at nuggetslibrary@gmail.com for any problem of Copyrights, we will remove what you want.",https://i.ytimg.com/vi/iuSGowsNn_4/hqdefault.jpg,NuggetsLibrary,UUe6oMZVDREi-bHCG7eeGUrQ,60,iuSGowsNn_4,NuggetsLibrary,UCe6oMZVDREi-bHCG7eeGUrQ,Y
youtube#video,ErSWiRnpbWCQXyA4jSMvH-8Xi0Y,VVVlNm9NWlZEUkVpLWJIQ0c3ZWVHVXJRLk9WX08xdldDaHQw,2017-02-16T19:43:07Z,UCe6oMZVDREi-bHCG7eeGUrQ,OddJohn - I Feel Music,"BUY IT!
Bandcamp :
https://oddjohnfr.bandcamp.com/album/johns-grooves-moods

LISTEN MORE!
OddJohn :
https://soundcloud.com/oddjohnofficial

The channel uploaded this track without own any rights. Our intention are to promote & support the work of artists we love.
Contact us at nuggetslibrary@gmail.com for any problem of Copyrights, we will remove what you want.",https://i.ytimg.com/vi/OV_O1vWCht0/hqdefault.jpg,NuggetsLibrary,UUe6oMZVDREi-bHCG7eeGUrQ,61,OV_O1vWCht0,NuggetsLibrary,UCe6oMZVDREi-bHCG7eeGUrQ,Y
youtube#playlistItem,fPutIEl5c68rsPBfMDQPmzaCF8Y,VVVlNm9NWlZEUkVpLWJIQ0c3ZWVHVXJRLktwSjh1bkxXTDU4,2017-02-11T12:23:31Z,UCe6oMZVDREi-bHCG7eeGUrQ,Nu Era - Beta Waves,"BUY IT!
Bandcamp : 
https://nu-era.bandcamp.com/album/nouveau-synthetic-compositions

LISTEN MORE!
Nu Era : 
https://soundcloud.com/marc-mac

The channel uploaded this track without own any rights. Our intention are to promote & support the work of artists we love.
Contact us at nuggetslibrary@gmail.com for any problem of Copyrights, we will remove what you want.",https://i.ytimg.com/vi/KpJ8unLWL58/hqdefault.jpg,NuggetsLibrary,UUe6oMZVDREi-bHCG7eeGUrQ,62,KpJ8unLWL58,NuggetsLibrary,UCe6oMZVDREi-bHCG7eeGUrQ,Y
youtube#video,Bw_BjDyqzTWVYKo496Mv3xTF20s,VVVlNm9NWlZEUkVpLWJIQ0c3ZWVHVXJRLkx2clNpbFdTVmdN,2017-02-11T12:23:31Z,UCe6oMZVDREi-bHCG7eeGUrQ,Nu Era - Kaleidoscope,"BUY IT!
Bandcamp : 
https://nu-era.bandcamp.com/album/nouveau-synthetic-compositions

LISTEN MORE!
Nu Era : 
https://soundcloud.com/marc-mac

The channel uploaded this track without own any rights. Our intention are to promote & support the work of artists we love.
Contact us at nuggetslibrary@gmail.com for any problem of Copyrights, we will remove what you want.",https://i.ytimg.com/vi/LvrSilWSVgM/hqdefault.jpg,NuggetsLibrary,UUe6oMZVDREi-bHCG7eeGUrQ,63,LvrSilWSVgM,NuggetsLibrary,UCe6oMZVDREi-bHCG7eeGUrQ,Y
youtube#playlistItem,pE0sz4-niFMEl0oH3_Wzp_Bnvng,VVVlNm9NWlZEUkVpLWJIQ0c3ZWVHVXJRLlpPTDlsS0p5MndV,2017-02-11T12:23:31Z,UCe6oMZVDREi-bHCG7eeGUrQ,Nu Era - Nu Romantic Soul,"BUY IT!
Bandcamp : 
https://nu-era.bandcamp.com/album/nouveau-synthetic-compositions

LISTEN MORE!
Nu Era : 
https://soundcloud.com/marc-mac

The channel uploaded this track without own any rights. Our intention are to promote & support the work of artists we love.
Contact us at nuggetslibrary@gmail.com for any problem of Copyrights, we will remove what you want.",https://i.ytimg.com/vi/ZOL9lKJy2wU/hqdefault.jpg,NuggetsLibrary,UUe6oMZVDREi-bHCG7eeGUrQ,64,ZOL9lKJy2wU,NuggetsLibrary,UCe6oMZVDREi-bHCG7eeGUrQ,Y
youtube#video,1Epb1AYkzKJgbXXphAFz8PFtyBM,VVVlNm9NWlZEUkVpLWJIQ0c3ZWVHVXJRLnpzTVBIVy1mRE1F,2017-02-11T12:23:31Z,UCe6oMZVDREi-bHCG7eeGUrQ,Nu Era - Changing Form,"BUY IT!
Bandcamp : 
https://nu-era.bandcamp.com/album/nouveau-synthetic-compositions

LISTEN MORE!
Nu Era : 
https://soundcloud.com/marc-mac

The channel uploaded this track without own any rights. Our intention are to promote & support the work of artists we love.
Contact us at nuggetslibrary@gmail.com for any problem of Copyrights, we will remove what you want.",https://i.ytimg.com/vi/zsMPHW-fDME/hqdefault.jpg,NuggetsLibrary,UUe6oMZVDREi-bHCG7eeGUrQ,65,zsMPHW-fDME,NuggetsLibrary,UCe6oMZVDREi-bHCG7eeGUrQ,Y
youtube#playlistItem,PD-mOMWVxDjLhzcIP0r1xAJrDaA,VVVlNm9NWlZEUkVpLWJIQ0c3ZWVHVXJRLk04NXhlQmdEYm9N,2017-02-11T12:14:11Z,UCe6oMZVDREi-bHCG7eeGUrQ,Tilman - Believe,"BUY IT!
Bandcamp : 
https://tilmans.bandcamp.com/album/little-jams

LISTEN MORE!
Tilman : 
https://soundcloud.com/tilman

The channel uploaded this track without own any rights. Our intention are to promote & support the work of artists we love.
Contact us at nuggetslibrary@gmail.com for any problem of Copyrights, we will remove what you want.",https://i.ytimg.com/vi/M85xeBgDboM/hqdefault.jpg,NuggetsLibrary,UUe6oMZVDREi-bHCG7eeGUrQ,66,M85xeBgDboM,NuggetsLibrary,UCe6oMZVDREi-bHCG7eeGUrQ,Y
youtube#video,tQn65-whO7WzWr7Por5dxFqAj88,VVVlNm9NWlZEUkVpLWJIQ0c3ZWVHVXJRLkhod3RVbzV3SDhN,2017-02-05T23:06:48Z,UCe6oMZVDREi-bHCG7eeGUrQ,Tilman - Spoiled Universe,"BUY IT!
Bandcamp : 
https://tilmans.bandcamp.com/album/little-jams

LISTEN MORE!
Tilman : 
https://soundcloud.com/tilman

The channel uploaded this track without own any rights. Our intention are to promote & support the work of artists we love.
Contact us at nuggetslibrary@gmail.com for any problem of Copyrights, we will remove what you want.",https://i.ytimg.com/vi/HhwtUo5wH8M/hqdefault.jpg,NuggetsLibrary,UUe6oMZVDREi-bHCG7eeGUrQ,67,HhwtUo5wH8M,NuggetsLibrary,UCe6oMZVDREi-bHCG7eeGUrQ,Y
youtube#playlistItem,I8RPkbrot8UJlBiIX70TF4expNU,VVVlNm9NWlZEUkVpLWJIQ0c3ZWVHVXJRLjBXYWVXNm9PLWE0,2017-02-05T22:51:54Z,UCe6oMZVDREi-bHCG7eeGUrQ,Tilman - Little Things,"BUY IT!
Bandcamp : 
https://tilmans.bandcamp.com/album/little-jams

LISTEN MORE!
Tilman : 
https://soundcloud.com/tilman

The channel uploaded this track without own any rights. Our intention are to promote & support the work of artists we love.
Contact us at nuggetslibrary@gmail.com for any problem of Copyrights, we will remove what you want.",https://i.ytimg.com/vi/0WaeW6oO-a4/hqdefault.jpg,NuggetsLibrary,UUe6oMZVDREi-bHCG7eeGUrQ,68,0WaeW6oO-a4,NuggetsLibrary,UCe6oMZVDREi-bHCG7eeGUrQ,Y
youtube#video,S6UBcc1SZ5mEFStRo33G2DQmnyY,VVVlNm9NWlZEUkVpLWJIQ0c3ZWVHVXJRLk42UEszN2tBQ0U0,2017-02-05T22:36:43Z,UCe6oMZVDREi-bHCG7eeGUrQ,Tilman - Reconsideration of Deeply Felt Notion,"BUY IT!
Bandcamp : 
https://tilmans.bandcamp.com/album/little-jams

LISTEN MORE!
Tilman : 
https://soundcloud.com/tilman

The channel uploaded this track without own any rights. Our intention are to promote & support the work of artists we love.
Contact us at nuggetslibrary@gmail.com for any problem of Copyrights, we will remove what you want.",https://i.ytimg.com/vi/N6PK37kACE4/hqdefault.jpg,NuggetsLibrary,UUe6oMZVDREi-bHCG7eeGUrQ,69,N6PK37kACE4,NuggetsLibrary,UCe6oMZVDREi-bHCG7eeGUrQ,Y
youtube#playlistItem,j_XecX7oq2SjKUs8aRzXKR9GbQA,VVVlNm9NWlZEUkVpLWJIQ0c3ZWVHVXJRLklsdmtlQ0MxV2xj,2017-02-05T21:47:57Z,UCe6oMZVDREi-bHCG7eeGUrQ,Mathis Ruffing - Salzgitter,"BUY IT!
Bandcamp : https://interstate12recs.bandcamp.com/album/120x

LISTEN MORE!
Mathis Ruffing : https://soundcloud.com/mruffing

The channel uploaded this track without own any rights. Our intention are to promote & support the work of artists we love.
Contact us at nuggetslibrary@gmail.com for any problem of Copyrights, we will remove what you want.",https://i.ytimg.com/vi/IlvkeCC1Wlc/hqdefault.jpg,NuggetsLibrary,UUe6oMZVDREi-bHCG7eeGUrQ,70,IlvkeCC1Wlc,NuggetsLibrary,UCe6oMZVDREi-bHCG7eeGUrQ,Y
youtube#video,-gh8xldmtw5eoFkVJjqFUk93iNk,VVVlNm9NWlZEUkVpLWJIQ0c3ZWVHVXJRLnhXVmVXRFY3V1c4,2017-02-05T21:16:08Z,UCe6oMZVDREi-bHCG7eeGUrQ,Mathis Ruffing - Bronki,"BUY IT!
Bandcamp : https://interstate12recs.bandcamp.com/album/120x

LISTEN MORE!
Mathis Ruffing : https://soundcloud.com/mruffing

The channel uploaded this track without own any rights. Our intention are to promote & support the work of artists we love.
Contact us at nuggetslibrary@gmail.com for any problem of Copyrights, we will remove what you want.",https://i.ytimg.com/vi/xWVeWDV7WW8/hqdefault.jpg,NuggetsLibrary,UUe6oMZVDREi-bHCG7eeGUrQ,71,xWVeWDV7WW8,NuggetsLibrary,UCe6oMZVDREi-bHCG7eeGUrQ,Y
youtube#playlistItem,pk5_dRpvIxjmVRgvz11klL69snU,VVVlNm9NWlZEUkVpLWJIQ0c3ZWVHVXJRLmtpNnAwUEttbzVz,2017-02-05T20:32:33Z,UCe6oMZVDREi-bHCG7eeGUrQ,Mathis ruffing - Ranch Me 520,"BUY IT!
Bandcamp : 
https://interstate12recs.bandcamp.com/album/120x

LISTEN MORE!
Mathis Ruffing : 
https://soundcloud.com/mruffing

The channel uploaded this track without own any rights. Our intention are to promote & support the work of artists we love.
Contact us at nuggetslibrary@gmail.com for any problem of Copyrights, we will remove what you want.",https://i.ytimg.com/vi/ki6p0PKmo5s/hqdefault.jpg,NuggetsLibrary,UUe6oMZVDREi-bHCG7eeGUrQ,72,ki6p0PKmo5s,NuggetsLibrary,UCe6oMZVDREi-bHCG7eeGUrQ,Y
youtube#video,VCugp0bGCskQOH-uLIO4gEPum_o,VVVlNm9NWlZEUkVpLWJIQ0c3ZWVHVXJRLktGanBieDNwQm1B,2017-02-05T20:09:21Z,UCe6oMZVDREi-bHCG7eeGUrQ,Mathis Ruffing - Black Finger Jam,"BUY IT!
Bandcamp : 
https://interstate12recs.bandcamp.com/album/120x

LISTEN MORE!
Mathis Ruffing : 
https://soundcloud.com/mruffing

The channel uploaded this track without own any rights. Our intention are to promote & support the work of artists we love.
Contact us at nuggetslibrary@gmail.com for any problem of Copyrights, we will remove what you want.",https://i.ytimg.com/vi/KFjpbx3pBmA/hqdefault.jpg,NuggetsLibrary,UUe6oMZVDREi-bHCG7eeGUrQ,73,KFjpbx3pBmA,NuggetsLibrary,UCe6oMZVDREi-bHCG7eeGUrQ,Y
