id_main,position,type_,title,duration,artists,extraartists
100030,A,track,Battle Of The Beats,,,
100030,AA,track,Rockin' The Best,,,
100036,A1,track,Innocent,,,
100036,A2,track,Desire,,,
100036,B1,track,You & I,,,
100036,B2,track,Power,,,
100050,A1,track,I Need A Man (Original Mix),6:44,,"[{""name"": ""Disscode"", ""anv"": """", ""join"": """", ""role"": ""Remix"", ""tracks"": """", ""id"": 63146, ""resource_url"": ""https://api.discogs.com/artists/63146""}]"
100050,A2,track,I Need A Man (Disscode's Nu Nrg Remix),5:28,,"[{""name"": ""Hard 2 Dance"", ""anv"": """", ""join"": """", ""role"": ""Remix"", ""tracks"": """", ""id"": 25194, ""resource_url"": ""https://api.discogs.com/artists/25194""}]"
100050,AA1,track,I Need A Man (Hard 2 Dance Wizz'ard Remix),7:06,,"[{""name"": ""Dr. Magic"", ""anv"": """", ""join"": """", ""role"": ""Featuring"", ""tracks"": """", ""id"": 157293, ""resource_url"": ""https://api.discogs.com/artists/157293""}]"
100050,AA2,track,Get It On,6:20,,
10028704,A1,track,Fun Time,2:36,,"[{""name"": ""Hank Crawford"", ""anv"": """", ""join"": """", ""role"": ""Alto Saxophone"", ""tracks"": """", ""id"": 22855, ""resource_url"": ""https://api.discogs.com/artists/22855""}, {""name"": ""Leroy Cooper"", ""anv"": """", ""join"": """", ""role"": ""Baritone Saxophone"", ""tracks"": """", ""id"": 355577, ""resource_url"": ""https://api.discogs.com/artists/355577""}, {""name"": ""Howie Hersh"", ""anv"": """", ""join"": """", ""role"": ""Bass"", ""tracks"": """", ""id"": 98819, ""resource_url"": ""https://api.discogs.com/artists/98819""}, {""name"": ""John Riley (2)"", ""anv"": """", ""join"": """", ""role"": ""Drums"", ""tracks"": """", ""id"": 1646047, ""resource_url"": ""https://api.discogs.com/artists/1646047""}, {""name"": ""Cliff Goodwin"", ""anv"": """", ""join"": """", ""role"": ""Guitar"", ""tracks"": """", ""id"": 957856, ""resource_url"": ""https://api.discogs.com/artists/957856""}, {""name"": ""Mitch Chakour"", ""anv"": """", ""join"": """", ""role"": ""Guitar"", ""tracks"": """", ""id"": 1588054, ""resource_url"": ""https://api.discogs.com/artists/1588054""}, {""name"": ""Barry Beckett"", ""anv"": ""Barry E. Beckett"", ""join"": """", ""role"": ""Piano [Acoustic], Clavinet"", ""tracks"": """", ""id"": 255430, ""resource_url"": ""https://api.discogs.com/artists/255430""}, {""name"": ""David \""Fathead\"" Newman"", ""anv"": """", ""join"": """", ""role"": ""Tenor Saxophone"", ""tracks"": """", ""id"": 328137, ""resource_url"": ""https://api.discogs.com/artists/328137""}, {""name"": ""Gary Brown (2)"", ""anv"": """", ""join"": """", ""role"": ""Tenor Saxophone [Solo], Soloist"", ""tracks"": """", ""id"": 363432, ""resource_url"": ""https://api.discogs.com/artists/363432""}, {""name"": ""Marcus Belgrave"", ""anv"": """", ""join"": """", ""role"": ""Trumpet"", ""tracks"": """", ""id"": 230694, ""resource_url"": ""https://api.discogs.com/artists/230694""}, {""name"": ""Phillip Guilbeau"", ""anv"": ""Philip Guilbeau"", ""join"": """", ""role"": ""Trumpet"", ""tracks"": """", ""id"": 355571, ""resource_url"": ""https://api.discogs.com/artists/355571""}, {""name"": ""Allen Toussaint"", ""anv"": """", ""join"": """", ""role"": ""Written-By"", ""tracks"": """", ""id"": 136135, ""resource_url"": ""https://api.discogs.com/artists/136135""}]"
10028704,A2,track,Watching The River Flow,3:12,,"[{""name"": ""Ronald Eades"", ""anv"": ""Ronnie Eades"", ""join"": """", ""role"": ""Baritone Saxophone"", ""tracks"": """", ""id"": 566996, ""resource_url"": ""https://api.discogs.com/artists/566996""}, {""name"": ""Chuck Rainey"", ""anv"": """", ""join"": """", ""role"": ""Bass"", ""tracks"": """", ""id"": 252913, ""resource_url"": ""https://api.discogs.com/artists/252913""}, {""name"": ""Allen Toussaint"", ""anv"": """", ""join"": """", ""role"": ""Electric Piano [Fender Rhodes]"", ""tracks"": """", ""id"": 136135, ""resource_url"": ""https://api.discogs.com/artists/136135""}, {""name"": ""Cornell Dupree"", ""anv"": """", ""join"": """", ""role"": ""Guitar"", ""tracks"": """", ""id"": 211619, ""resource_url"": ""https://api.discogs.com/artists/211619""}, {""name"": ""Richard Tee"", ""anv"": """", ""join"": """", ""role"": ""Piano [Acoustic]"", ""tracks"": """", ""id"": 255276, ""resource_url"": ""https://api.discogs.com/artists/255276""}, {""name"": ""Pete Carr"", ""anv"": """", ""join"": """", ""role"": ""Slide Guitar, Lead Guitar"", ""tracks"": """", ""id"": 301107, ""resource_url"": ""https://api.discogs.com/artists/301107""}, {""name"": ""Harvey Thompson"", ""anv"": """", ""join"": """", ""role"": ""Tenor Saxophone [Solo], Soloist"", ""tracks"": """", ""id"": 255410, ""resource_url"": ""https://api.discogs.com/artists/255410""}, {""name"": ""Charles Rose"", ""anv"": """", ""join"": """", ""role"": ""Trombone"", ""tracks"": """", ""id"": 423729, ""resource_url"": ""https://api.discogs.com/artists/423729""}, {""name"": ""Harrison Calloway"", ""anv"": ""Harrison Calloway Jr."", ""join"": """", ""role"": ""Trumpet"", ""tracks"": """", ""id"": 384184, ""resource_url"": ""https://api.discogs.com/artists/384184""}, {""name"": ""Wayne Jackson"", ""anv"": """", ""join"": """", ""role"": ""Trumpet"", ""tracks"": """", ""id"": 255405, ""resource_url"": ""https://api.discogs.com/artists/255405""}, {""name"": ""Bob Dylan"", ""anv"": """", ""join"": """", ""role"": ""Written-By"", ""tracks"": """", ""id"": 59792, ""resource_url"": ""https://api.discogs.com/artists/59792""}]"
10028704,A3,track,Boogie Baby,3:50,,"[{""name"": ""Howie Hersh"", ""anv"": """", ""join"": """", ""role"": ""Bass"", ""tracks"": """", ""id"": 98819, ""resource_url"": ""https://api.discogs.com/artists/98819""}, {""name"": ""John Riley (2)"", ""anv"": """", ""join"": """", ""role"": ""Drums"", ""tracks"": """", ""id"": 1646047, ""resource_url"": ""https://api.discogs.com/artists/1646047""}, {""name"": ""Allen Toussaint"", ""anv"": """", ""join"": """", ""role"": ""Electric Piano [Fender Rhodes]"", ""tracks"": """", ""id"": 136135, ""resource_url"": ""https://api.discogs.com/artists/136135""}, {""name"": ""Barry Beckett"", ""anv"": ""Barry E. Beckett"", ""join"": """", ""role"": ""Electric Piano [Fender Rhodes], Organ, Synthesizer [Mini Moog, String Ensemble]"", ""tracks"": """", ""id"": 255430, ""resource_url"": ""https://api.discogs.com/artists/255430""}, {""name"": ""Cliff Goodwin"", ""anv"": """", ""join"": """", ""role"": ""Guitar"", ""tracks"": """", ""id"": 957856, ""resource_url"": ""https://api.discogs.com/artists/957856""}, {""name"": ""Pete Carr"", ""anv"": """", ""join"": """", ""role"": ""Guitar"", ""tracks"": """", ""id"": 301107, ""resource_url"": ""https://api.discogs.com/artists/301107""}, {""name"": ""Mitch Chakour"", ""anv"": """", ""join"": """", ""role"": ""Piano [Acoustic]"", ""tracks"": """", ""id"": 1588054, ""resource_url"": ""https://api.discogs.com/artists/1588054""}, {""name"": ""Bobby Keys"", ""anv"": """", ""join"": """", ""role"": ""Tenor Saxophone [Solo], Soloist"", ""tracks"": """", ""id"": 255176, ""resource_url"": ""https://api.discogs.com/artists/255176""}, {""name"": ""Phil Driscoll"", ""anv"": """", ""join"": """", ""role"": ""Written-By"", ""tracks"": """", ""id"": 1194848, ""resource_url"": ""https://api.discogs.com/artists/1194848""}]"
10028704,A4,track,A Whiter Shade Of Pale,5:22,,"[{""name"": ""David Hood"", ""anv"": """", ""join"": """", ""role"": ""Bass"", ""tracks"": """", ""id"": 301096, ""resource_url"": ""https://api.discogs.com/artists/301096""}, {""name"": ""Roger Hawkins"", ""anv"": """", ""join"": """", ""role"": ""Drums"", ""tracks"": """", ""id"": 301100, ""resource_url"": ""https://api.discogs.com/artists/301100""}, {""name"": ""Randy McCormick"", ""anv"": """", ""join"": """", ""role"": ""Electric Piano [Fender Rhodes]"", ""tracks"": """", ""id"": 332574, ""resource_url"": ""https://api.discogs.com/artists/332574""}, {""name"": ""Larry Byrom"", ""anv"": """", ""join"": """", ""role"": ""Lead Guitar"", ""tracks"": """", ""id"": 395164, ""resource_url"": ""https://api.discogs.com/artists/395164""}, {""name"": ""Billy Preston"", ""anv"": """", ""join"": """", ""role"": ""Organ"", ""tracks"": """", ""id"": 46767, ""resource_url"": ""https://api.discogs.com/artists/46767""}, {""name"": ""Barry Beckett"", ""anv"": ""Barry E. Beckett"", ""join"": """", ""role"": ""Piano [Acoustic], Synthesizer [Mini Moog], Synthesizer [String Ensemble]"", ""tracks"": """", ""id"": 255430, ""resource_url"": ""https://api.discogs.com/artists/255430""}, {""name"": ""Jimmy Johnson (4)"", ""anv"": ""Jimmy R. Johnson"", ""join"": """", ""role"": ""Rhythm Guitar"", ""tracks"": """", ""id"": 322421, ""resource_url"": ""https://api.discogs.com/artists/322421""}, {""name"": ""Gary Brooker"", ""anv"": """", ""join"": """", ""role"": ""Written-By"", ""tracks"": """", ""id"": 257412, ""resource_url"": ""https://api.discogs.com/artists/257412""}, {""name"": ""Keith Reid"", ""anv"": """", ""join"": """", ""role"": ""Written-By"", ""tracks"": """", ""id"": 522427, ""resource_url"": ""https://api.discogs.com/artists/522427""}]"
10028704,A5,track,I Can't Say No,2:49,,"[{""name"": ""Ronald Eades"", ""anv"": ""Ronnie Eades"", ""join"": """", ""role"": ""Baritone Saxophone"", ""tracks"": """", ""id"": 566996, ""resource_url"": ""https://api.discogs.com/artists/566996""}, {""name"": ""Chuck Rainey"", ""anv"": """", ""join"": """", ""role"": ""Bass"", ""tracks"": """", ""id"": 252913, ""resource_url"": ""https://api.discogs.com/artists/252913""}, {""name"": ""Steve Gadd"", ""anv"": ""Stephen Gadd"", ""join"": """", ""role"": ""Drums"", ""tracks"": """", ""id"": 258118, ""resource_url"": ""https://api.discogs.com/artists/258118""}, {""name"": ""Cornell Dupree"", ""anv"": """", ""join"": """", ""role"": ""Guitar"", ""tracks"": """", ""id"": 211619, ""resource_url"": ""https://api.discogs.com/artists/211619""}, {""name"": ""Joey Murcia"", ""anv"": """", ""join"": """", ""role"": ""Guitar"", ""tracks"": """", ""id"": 377124, ""resource_url"": ""https://api.discogs.com/artists/377124""}, {""name"": ""Joe Cocker"", ""anv"": """", ""join"": """", ""role"": ""Harmonica"", ""tracks"": """", ""id"": 124497, ""resource_url"": ""https://api.discogs.com/artists/124497""}, {""name"": ""Allen Toussaint"", ""anv"": """", ""join"": """", ""role"": ""Organ, Clavinet"", ""tracks"": """", ""id"": 136135, ""resource_url"": ""https://api.discogs.com/artists/136135""}, {""name"": ""Richard Tee"", ""anv"": """", ""join"": """", ""role"": ""Piano [Acoustic]"", ""tracks"": """", ""id"": 255276, ""resource_url"": ""https://api.discogs.com/artists/255276""}, {""name"": ""Harvey Thompson"", ""anv"": """", ""join"": """", ""role"": ""Tenor Saxophone"", ""tracks"": """", ""id"": 255410, ""resource_url"": ""https://api.discogs.com/artists/255410""}, {""name"": ""Charles Rose"", ""anv"": """", ""join"": """", ""role"": ""Trombone"", ""tracks"": """", ""id"": 423729, ""resource_url"": ""https://api.discogs.com/artists/423729""}, {""name"": ""Harrison Calloway"", ""anv"": ""Harrison Calloway Jr."", ""join"": """", ""role"": ""Trumpet"", ""tracks"": """", ""id"": 384184, ""resource_url"": ""https://api.discogs.com/artists/384184""}, {""name"": ""Wayne Jackson"", ""anv"": """", ""join"": """", ""role"": ""Trumpet"", ""tracks"": """", ""id"": 255405, ""resource_url"": ""https://api.discogs.com/artists/255405""}, {""name"": ""Daniel Moore"", ""anv"": """", ""join"": """", ""role"": ""Written-By"", ""tracks"": """", ""id"": 315760, ""resource_url"": ""https://api.discogs.com/artists/315760""}, {""name"": ""John Bettis"", ""anv"": """", ""join"": """", ""role"": ""Written-By"", ""tracks"": """", ""id"": 617010, ""resource_url"": ""https://api.discogs.com/artists/617010""}]"
10028704,A6,track,Southern Lady,3:13,,"[{""name"": ""Chuck Rainey"", ""anv"": """", ""join"": """", ""role"": ""Bass"", ""tracks"": """", ""id"": 252913, ""resource_url"": ""https://api.discogs.com/artists/252913""}, {""name"": ""Bernard Purdie"", ""anv"": """", ""join"": """", ""role"": ""Drums"", ""tracks"": """", ""id"": 44138, ""resource_url"": ""https://api.discogs.com/artists/44138""}, {""name"": ""Dr. John"", ""anv"": """", ""join"": """", ""role"": ""Electric Piano [Fender Rhodes]"", ""tracks"": """", ""id"": 15152, ""resource_url"": ""https://api.discogs.com/artists/15152""}, {""name"": ""Cornell Dupree"", ""anv"": """", ""join"": """", ""role"": ""Guitar"", ""tracks"": """", ""id"": 211619, ""resource_url"": ""https://api.discogs.com/artists/211619""}, {""name"": ""Allen Toussaint"", ""anv"": """", ""join"": """", ""role"": ""Organ"", ""tracks"": """", ""id"": 136135, ""resource_url"": ""https://api.discogs.com/artists/136135""}, {""name"": ""Richard Tee"", ""anv"": """", ""join"": """", ""role"": ""Piano [Acoustic]"", ""tracks"": """", ""id"": 255276, ""resource_url"": ""https://api.discogs.com/artists/255276""}, {""name"": ""Phil Driscoll"", ""anv"": """", ""join"": """", ""role"": ""Written-By"", ""tracks"": """", ""id"": 1194848, ""resource_url"": ""https://api.discogs.com/artists/1194848""}]"
10028704,B1,track,I Know (You Don't Want Me No More),3:06,,"[{""name"": ""Ronald Eades"", ""anv"": ""Ronnie Eades"", ""join"": """", ""role"": ""Baritone Saxophone"", ""tracks"": """", ""id"": 566996, ""resource_url"": ""https://api.discogs.com/artists/566996""}, {""name"": ""David Hood"", ""anv"": """", ""join"": """", ""role"": ""Bass"", ""tracks"": """", ""id"": 301096, ""resource_url"": ""https://api.discogs.com/artists/301096""}, {""name"": ""Roger Hawkins"", ""anv"": """", ""join"": """", ""role"": ""Drums"", ""tracks"": """", ""id"": 301100, ""resource_url"": ""https://api.discogs.com/artists/301100""}, {""name"": ""Randy McCormick"", ""anv"": """", ""join"": """", ""role"": ""Electric Piano [Fender Rhodes]"", ""tracks"": """", ""id"": 332574, ""resource_url"": ""https://api.discogs.com/artists/332574""}, {""name"": ""Larry Byrom"", ""anv"": """", ""join"": """", ""role"": ""Lead Guitar"", ""tracks"": """", ""id"": 395164, ""resource_url"": ""https://api.discogs.com/artists/395164""}, {""name"": ""Barry Beckett"", ""anv"": ""Barry E. Beckett"", ""join"": """", ""role"": ""Piano [Acoustic]"", ""tracks"": """", ""id"": 255430, ""resource_url"": ""https://api.discogs.com/artists/255430""}, {""name"": ""Jimmy Johnson (4)"", ""anv"": ""Jimmy R. Johnson"", ""join"": """", ""role"": ""Rhythm Guitar"", ""tracks"": """", ""id"": 322421, ""resource_url"": ""https://api.discogs.com/artists/322421""}, {""name"": ""Harvey Thompson"", ""anv"": """", ""join"": """", ""role"": ""Tenor Saxophone"", ""tracks"": """", ""id"": 255410, ""resource_url"": ""https://api.discogs.com/artists/255410""}, {""name"": ""Charles Rose"", ""anv"": """", ""join"": """", ""role"": ""Trombone"", ""tracks"": """", ""id"": 423729, ""resource_url"": ""https://api.discogs.com/artists/423729""}, {""name"": ""Harrison Calloway"", ""anv"": ""Harrison Calloway Jr."", ""join"": """", ""role"": ""Trumpet"", ""tracks"": """", ""id"": 384184, ""resource_url"": ""https://api.discogs.com/artists/384184""}, {""name"": ""Wayne Jackson"", ""anv"": """", ""join"": """", ""role"": ""Trumpet"", ""tracks"": """", ""id"": 255405, ""resource_url"": ""https://api.discogs.com/artists/255405""}, {""name"": ""Clyde Kerr Jr."", ""anv"": ""Clyde Kerr"", ""join"": """", ""role"": ""Trumpet [Solo], Soloist"", ""tracks"": """", ""id"": 398369, ""resource_url"": ""https://api.discogs.com/artists/398369""}, {""name"": ""Barbara George"", ""anv"": """", ""join"": """", ""role"": ""Written-By"", ""tracks"": """", ""id"": 739493, ""resource_url"": ""https://api.discogs.com/artists/739493""}]"
10028704,B2,track,What You Did To Me Last Night,3:25,,"[{""name"": ""Ronald Eades"", ""anv"": ""Ronnie Eades"", ""join"": """", ""role"": ""Baritone Saxophone"", ""tracks"": """", ""id"": 566996, ""resource_url"": ""https://api.discogs.com/artists/566996""}, {""name"": ""Chuck Rainey"", ""anv"": """", ""join"": """", ""role"": ""Bass"", ""tracks"": """", ""id"": 252913, ""resource_url"": ""https://api.discogs.com/artists/252913""}, {""name"": ""Bernard Purdie"", ""anv"": """", ""join"": """", ""role"": ""Drums"", ""tracks"": """", ""id"": 44138, ""resource_url"": ""https://api.discogs.com/artists/44138""}, {""name"": ""Allen Toussaint"", ""anv"": """", ""join"": """", ""role"": ""Electric Piano [Fender Rhodes]"", ""tracks"": """", ""id"": 136135, ""resource_url"": ""https://api.discogs.com/artists/136135""}, {""name"": ""Cornell Dupree"", ""anv"": """", ""join"": """", ""role"": ""Guitar"", ""tracks"": """", ""id"": 211619, ""resource_url"": ""https://api.discogs.com/artists/211619""}, {""name"": ""Dr. John"", ""anv"": """", ""join"": """", ""role"": ""Organ"", ""tracks"": """", ""id"": 15152, ""resource_url"": ""https://api.discogs.com/artists/15152""}, {""name"": ""Richard Tee"", ""anv"": """", ""join"": """", ""role"": ""Piano [Acoustic]"", ""tracks"": """", ""id"": 255276, ""resource_url"": ""https://api.discogs.com/artists/255276""}, {""name"": ""Harvey Thompson"", ""anv"": """", ""join"": """", ""role"": ""Tenor Saxophone"", ""tracks"": """", ""id"": 255410, ""resource_url"": ""https://api.discogs.com/artists/255410""}, {""name"": ""Charles Rose"", ""anv"": """", ""join"": """", ""role"": ""Trombone"", ""tracks"": """", ""id"": 423729, ""resource_url"": ""https://api.discogs.com/artists/423729""}, {""name"": ""Harrison Calloway"", ""anv"": ""Harrison Calloway Jr."", ""join"": """", ""role"": ""Trumpet"", ""tracks"": """", ""id"": 384184, ""resource_url"": ""https://api.discogs.com/artists/384184""}, {""name"": ""Wayne Jackson"", ""anv"": """", ""join"": """", ""role"": ""Trumpet"", ""tracks"": """", ""id"": 255405, ""resource_url"": ""https://api.discogs.com/artists/255405""}, {""name"": ""Bettye Crutcher"", ""anv"": """", ""join"": """", ""role"": ""Written-By"", ""tracks"": """", ""id"": 155329, ""resource_url"": ""https://api.discogs.com/artists/155329""}]"
10028704,B3,track,Lady Put The Light Out,4:45,,"[{""name"": ""Hank Crawford"", ""anv"": """", ""join"": """", ""role"": ""Alto Saxophone"", ""tracks"": """", ""id"": 22855, ""resource_url"": ""https://api.discogs.com/artists/22855""}, {""name"": ""Leroy Cooper"", ""anv"": """", ""join"": """", ""role"": ""Baritone Saxophone"", ""tracks"": """", ""id"": 355577, ""resource_url"": ""https://api.discogs.com/artists/355577""}, {""name"": ""Chuck Rainey"", ""anv"": """", ""join"": """", ""role"": ""Bass"", ""tracks"": """", ""id"": 252913, ""resource_url"": ""https://api.discogs.com/artists/252913""}, {""name"": ""Steve Gadd"", ""anv"": ""Stephen Gadd"", ""join"": """", ""role"": ""Drums"", ""tracks"": """", ""id"": 258118, ""resource_url"": ""https://api.discogs.com/artists/258118""}, {""name"": ""Donny Hathaway"", ""anv"": """", ""join"": """", ""role"": ""Electric Piano [Fender Rhodes]"", ""tracks"": """", ""id"": 9746, ""resource_url"": ""https://api.discogs.com/artists/9746""}, {""name"": ""Cornell Dupree"", ""anv"": """", ""join"": """", ""role"": ""Guitar"", ""tracks"": """", ""id"": 211619, ""resource_url"": ""https://api.discogs.com/artists/211619""}, {""name"": ""Richard Tee"", ""anv"": """", ""join"": """", ""role"": ""Piano [Acoustic]"", ""tracks"": """", ""id"": 255276, ""resource_url"": ""https://api.discogs.com/artists/255276""}, {""name"": ""David \""Fathead\"" Newman"", ""anv"": """", ""join"": """", ""role"": ""Tenor Saxophone"", ""tracks"": """", ""id"": 328137, ""resource_url"": ""https://api.discogs.com/artists/328137""}, {""name"": ""Harvey Thompson"", ""anv"": """", ""join"": """", ""role"": ""Tenor Saxophone [Solo], Soloist"", ""tracks"": """", ""id"": 255410, ""resource_url"": ""https://api.discogs.com/artists/255410""}, {""name"": ""Marcus Belgrave"", ""anv"": """", ""join"": """", ""role"": ""Trumpet"", ""tracks"": """", ""id"": 230694, ""resource_url"": ""https://api.discogs.com/artists/230694""}, {""name"": ""Phillip Guilbeau"", ""anv"": ""Philip Guilbeau"", ""join"": """", ""role"": ""Trumpet"", ""tracks"": """", ""id"": 355571, ""resource_url"": ""https://api.discogs.com/artists/355571""}, {""name"": ""Fletcher & Flett"", ""anv"": ""Guy Fletcher/Doug Flett"", ""join"": """", ""role"": ""Written-By"", ""tracks"": """", ""id"": 1350168, ""resource_url"": ""https://api.discogs.com/artists/1350168""}]"
10028704,B4,track,Wasted Years,4:45,,"[{""name"": ""Chuck Rainey"", ""anv"": """", ""join"": """", ""role"": ""Bass"", ""tracks"": """", ""id"": 252913, ""resource_url"": ""https://api.discogs.com/artists/252913""}, {""name"": ""Steve Gadd"", ""anv"": ""Stephen Gadd"", ""join"": """", ""role"": ""Drums"", ""tracks"": """", ""id"": 258118, ""resource_url"": ""https://api.discogs.com/artists/258118""}, {""name"": ""Richard Tee"", ""anv"": """", ""join"": """", ""role"": ""Electric Piano [Fender Rhodes]"", ""tracks"": """", ""id"": 255276, ""resource_url"": ""https://api.discogs.com/artists/255276""}, {""name"": ""Cornell Dupree"", ""anv"": """", ""join"": """", ""role"": ""Guitar"", ""tracks"": """", ""id"": 211619, ""resource_url"": ""https://api.discogs.com/artists/211619""}, {""name"": ""Joey Murcia"", ""anv"": """", ""join"": """", ""role"": ""Guitar"", ""tracks"": """", ""id"": 377124, ""resource_url"": ""https://api.discogs.com/artists/377124""}, {""name"": ""Pete Carr"", ""anv"": """", ""join"": """", ""role"": ""Lead Guitar"", ""tracks"": """", ""id"": 301107, ""resource_url"": ""https://api.discogs.com/artists/301107""}, {""name"": ""Donny Hathaway"", ""anv"": """", ""join"": """", ""role"": ""Piano [Acoustic]"", ""tracks"": """", ""id"": 9746, ""resource_url"": ""https://api.discogs.com/artists/9746""}, {""name"": ""Phil Driscoll"", ""anv"": """", ""join"": """", ""role"": ""Written-By"", ""tracks"": """", ""id"": 1194848, ""resource_url"": ""https://api.discogs.com/artists/1194848""}]"
10028704,B5,track,I Heard It Through The Grapevine,4:30,,"[{""name"": ""Ronald Eades"", ""anv"": ""Ronnie Eades"", ""join"": """", ""role"": ""Baritone Saxophone"", ""tracks"": """", ""id"": 566996, ""resource_url"": ""https://api.discogs.com/artists/566996""}, {""name"": ""Rick Danko"", ""anv"": """", ""join"": """", ""role"": ""Bass"", ""tracks"": """", ""id"": 303351, ""resource_url"": ""https://api.discogs.com/artists/303351""}, {""name"": ""Randy McCormick"", ""anv"": """", ""join"": """", ""role"": ""Clavinet"", ""tracks"": """", ""id"": 332574, ""resource_url"": ""https://api.discogs.com/artists/332574""}, {""name"": ""Roger Hawkins"", ""anv"": """", ""join"": """", ""role"": ""Drums"", ""tracks"": """", ""id"": 301100, ""resource_url"": ""https://api.discogs.com/artists/301100""}, {""name"": ""Pete Carr"", ""anv"": """", ""join"": """", ""role"": ""Lead Guitar"", ""tracks"": """", ""id"": 301107, ""resource_url"": ""https://api.discogs.com/artists/301107""}, {""name"": ""Billy Preston"", ""anv"": """", ""join"": """", ""role"": ""Organ"", ""tracks"": """", ""id"": 46767, ""resource_url"": ""https://api.discogs.com/artists/46767""}, {""name"": ""Barry Beckett"", ""anv"": ""Barry E. Beckett"", ""join"": """", ""role"": ""Piano [Acoustic]"", ""tracks"": """", ""id"": 255430, ""resource_url"": ""https://api.discogs.com/artists/255430""}, {""name"": ""Jimmy Johnson (4)"", ""anv"": ""Jimmy R. Johnson"", ""join"": """", ""role"": ""Rhythm Guitar"", ""tracks"": """", ""id"": 322421, ""resource_url"": ""https://api.discogs.com/artists/322421""}, {""name"": ""Harvey Thompson"", ""anv"": """", ""join"": """", ""role"": ""Tenor Saxophone"", ""tracks"": """", ""id"": 255410, ""resource_url"": ""https://api.discogs.com/artists/255410""}, {""name"": ""Charles Rose"", ""anv"": """", ""join"": """", ""role"": ""Trombone"", ""tracks"": """", ""id"": 423729, ""resource_url"": ""https://api.discogs.com/artists/423729""}, {""name"": ""Harrison Calloway"", ""anv"": ""Harrison Calloway Jr."", ""join"": """", ""role"": ""Trumpet"", ""tracks"": """", ""id"": 384184, ""resource_url"": ""https://api.discogs.com/artists/384184""}, {""name"": ""Wayne Jackson"", ""anv"": """", ""join"": """", ""role"": ""Trumpet"", ""tracks"": """", ""id"": 255405, ""resource_url"": ""https://api.discogs.com/artists/255405""}, {""name"": ""Barrett Strong"", ""anv"": """", ""join"": """", ""role"": ""Written-By"", ""tracks"": """", ""id"": 268137, ""resource_url"": ""https://api.discogs.com/artists/268137""}, {""name"": ""Norman Whitfield"", ""anv"": """", ""join"": """", ""role"": ""Written-By"", ""tracks"": """", ""id"": 101822, ""resource_url"": ""https://api.discogs.com/artists/101822""}]"
10028974,,heading,Face Sexuelle,,"[{""name"": ""Minmerme Le Mot Dit"", ""anv"": """", ""join"": """", ""role"": """", ""tracks"": """", ""id"": 5646893, ""resource_url"": ""https://api.discogs.com/artists/5646893""}]",
10028974,A1,track,Slamopsis,,"[{""name"": ""Captaincorps Caverneux"", ""anv"": """", ""join"": "","", ""role"": """", ""tracks"": """", ""id"": 5646889, ""resource_url"": ""https://api.discogs.com/artists/5646889""}, {""name"": ""Don Canabinol"", ""anv"": """", ""join"": "","", ""role"": """", ""tracks"": """", ""id"": 5646888, ""resource_url"": ""https://api.discogs.com/artists/5646888""}, {""name"": ""Z33 (2)"", ""anv"": """", ""join"": "","", ""role"": """", ""tracks"": """", ""id"": 5646886, ""resource_url"": ""https://api.discogs.com/artists/5646886""}, {""name"": ""Z21"", ""anv"": """", ""join"": "","", ""role"": """", ""tracks"": """", ""id"": 5646877, ""resource_url"": ""https://api.discogs.com/artists/5646877""}, {""name"": ""Dj Stiff (2)"", ""anv"": """", ""join"": """", ""role"": """", ""tracks"": """", ""id"": 5646885, ""resource_url"": ""https://api.discogs.com/artists/5646885""}]",
10028974,A2,track,Intro Pourrie,,"[{""name"": ""Al Peco"", ""anv"": """", ""join"": "","", ""role"": """", ""tracks"": """", ""id"": 473426, ""resource_url"": ""https://api.discogs.com/artists/473426""}, {""name"": ""Brahms (4)"", ""anv"": """", ""join"": "","", ""role"": """", ""tracks"": """", ""id"": 2567169, ""resource_url"": ""https://api.discogs.com/artists/2567169""}, {""name"": ""Sashem"", ""anv"": """", ""join"": """", ""role"": """", ""tracks"": """", ""id"": 2583560, ""resource_url"": ""https://api.discogs.com/artists/2583560""}]",
10028974,A3,track,Bisso Canabisso,,"[{""name"": ""Mucho Mu"", ""anv"": """", ""join"": "","", ""role"": """", ""tracks"": """", ""id"": 26944, ""resource_url"": ""https://api.discogs.com/artists/26944""}, {""name"": ""Kamikaze (7)"", ""anv"": """", ""join"": "","", ""role"": """", ""tracks"": """", ""id"": 361438, ""resource_url"": ""https://api.discogs.com/artists/361438""}, {""name"": ""Supernafamacho"", ""anv"": """", ""join"": """", ""role"": """", ""tracks"": """", ""id"": 279541, ""resource_url"": ""https://api.discogs.com/artists/279541""}]",
10028974,A4,track,Malagente Con Mas,,"[{""name"": ""Frenchy L'obsédé"", ""anv"": """", ""join"": """", ""role"": """", ""tracks"": """", ""id"": 5646881, ""resource_url"": ""https://api.discogs.com/artists/5646881""}]",
10028974,A5,track,J'pète Des Fions,,"[{""name"": ""Fuzati"", ""anv"": """", ""join"": """", ""role"": """", ""tracks"": """", ""id"": 293664, ""resource_url"": ""https://api.discogs.com/artists/293664""}]",
10028974,A6,track,Chacun Cherche Son Chat,,"[{""name"": ""Senor Chupachocha"", ""anv"": """", ""join"": "","", ""role"": """", ""tracks"": """", ""id"": 5646884, ""resource_url"": ""https://api.discogs.com/artists/5646884""}, {""name"": ""Jacky Show"", ""anv"": """", ""join"": """", ""role"": """", ""tracks"": """", ""id"": 5646879, ""resource_url"": ""https://api.discogs.com/artists/5646879""}]",
10028974,A7,track,AQQQQP,,"[{""name"": ""Boozy L"", ""anv"": """", ""join"": """", ""role"": """", ""tracks"": """", ""id"": 5646890, ""resource_url"": ""https://api.discogs.com/artists/5646890""}]",
10028974,A8,track,Du Coq A L'âne,,"[{""name"": ""4th Pyramid"", ""anv"": """", ""join"": """", ""role"": """", ""tracks"": """", ""id"": 149309, ""resource_url"": ""https://api.discogs.com/artists/149309""}]",
10028974,A9,track,The Frizznatic,,"[{""name"": ""Bacinedo"", ""anv"": """", ""join"": "","", ""role"": """", ""tracks"": """", ""id"": 5646892, ""resource_url"": ""https://api.discogs.com/artists/5646892""}, {""name"": ""Misantropical"", ""anv"": """", ""join"": """", ""role"": """", ""tracks"": """", ""id"": 5646880, ""resource_url"": ""https://api.discogs.com/artists/5646880""}]",
10028974,A10,track,Hardcore Sexuel,,"[{""name"": ""Sycke"", ""anv"": """", ""join"": """", ""role"": """", ""tracks"": """", ""id"": 3442377, ""resource_url"": ""https://api.discogs.com/artists/3442377""}]",
10028974,A11,track,Interlude Beatbox,,"[{""name"": ""Empirik"", ""anv"": """", ""join"": ""&"", ""role"": """", ""tracks"": """", ""id"": 4947863, ""resource_url"": ""https://api.discogs.com/artists/4947863""}, {""name"": ""Hermanos Gangbang"", ""anv"": """", ""join"": """", ""role"": """", ""tracks"": """", ""id"": 5646894, ""resource_url"": ""https://api.discogs.com/artists/5646894""}]",
10028974,A12,track,Histoire D'o (Laeticia),,"[{""name"": ""Animal Factory"", ""anv"": """", ""join"": """", ""role"": """", ""tracks"": """", ""id"": 171669, ""resource_url"": ""https://api.discogs.com/artists/171669""}]",
10028974,A13,track,Battle Royal,,"[{""name"": ""Le Jouage"", ""anv"": """", ""join"": """", ""role"": """", ""tracks"": """", ""id"": 293675, ""resource_url"": ""https://api.discogs.com/artists/293675""}]",
10028974,A14,track,Terror Dome,,"[{""name"": ""DJ Stiff (2)"", ""anv"": """", ""join"": """", ""role"": """", ""tracks"": """", ""id"": 5646885, ""resource_url"": ""https://api.discogs.com/artists/5646885""}]",
10028974,A15,track,Outro,,"[{""name"": ""Pervelitic L'humanoide"", ""anv"": """", ""join"": "","", ""role"": """", ""tracks"": """", ""id"": 5646878, ""resource_url"": ""https://api.discogs.com/artists/5646878""}, {""name"": ""Balaskovic"", ""anv"": """", ""join"": ""&"", ""role"": """", ""tracks"": """", ""id"": 5646891, ""resource_url"": ""https://api.discogs.com/artists/5646891""}, {""name"": ""DJ Stiff (2)"", ""anv"": """", ""join"": """", ""role"": """", ""tracks"": """", ""id"": 5646885, ""resource_url"": ""https://api.discogs.com/artists/5646885""}]",
10028974,,heading,Face Groove - RN'B,,"[{""name"": ""Boulabax"", ""anv"": """", ""join"": """", ""role"": """", ""tracks"": """", ""id"": 2285811, ""resource_url"": ""https://api.discogs.com/artists/2285811""}]",
10028974,B1,track,Matrushka,,"[{""name"": ""D'Oz"", ""anv"": """", ""join"": """", ""role"": """", ""tracks"": """", ""id"": 41119, ""resource_url"": ""https://api.discogs.com/artists/41119""}]",
10028974,B2,track,L'église,,"[{""name"": ""6000 R"", ""anv"": ""6000R"", ""join"": """", ""role"": """", ""tracks"": """", ""id"": 1456714, ""resource_url"": ""https://api.discogs.com/artists/1456714""}]",
10028974,B3,track,Exsangue,,"[{""name"": ""Sept (2)"", ""anv"": """", ""join"": "","", ""role"": """", ""tracks"": """", ""id"": 610983, ""resource_url"": ""https://api.discogs.com/artists/610983""}, {""name"": ""Rhymka"", ""anv"": """", ""join"": """", ""role"": """", ""tracks"": """", ""id"": 5646887, ""resource_url"": ""https://api.discogs.com/artists/5646887""}]",
10028974,B4,track,Freestyle,,"[{""name"": ""La Menagerie"", ""anv"": ""La Ménagerie"", ""join"": """", ""role"": """", ""tracks"": """", ""id"": 755099, ""resource_url"": ""https://api.discogs.com/artists/755099""}]",
10028974,B5,track,C'est L'invasion Des Profanateurs De Sépultures,,"[{""name"": ""Boulabax"", ""anv"": """", ""join"": """", ""role"": """", ""tracks"": """", ""id"": 2285811, ""resource_url"": ""https://api.discogs.com/artists/2285811""}]",
10028974,B6,track,L'arroseur Arrosé,,"[{""name"": ""Boulabax"", ""anv"": """", ""join"": """", ""role"": """", ""tracks"": """", ""id"": 2285811, ""resource_url"": ""https://api.discogs.com/artists/2285811""}]",
10028974,B7,track,Interlude Grec De La Nationale 20,,"[{""name"": ""Private Joke (3)"", ""anv"": """", ""join"": """", ""role"": """", ""tracks"": """", ""id"": 5646883, ""resource_url"": ""https://api.discogs.com/artists/5646883""}]",
10028974,B8,track,Cui Cui,,"[{""name"": ""Boulabax"", ""anv"": """", ""join"": """", ""role"": """", ""tracks"": """", ""id"": 2285811, ""resource_url"": ""https://api.discogs.com/artists/2285811""}]",
10028974,B9,track,Psykotic Kannibal,,"[{""name"": ""Gershwin Blx"", ""anv"": """", ""join"": """", ""role"": """", ""tracks"": """", ""id"": 931888, ""resource_url"": ""https://api.discogs.com/artists/931888""}]",
10028974,B10,track,Mamie Siter,,"[{""name"": ""Dazin"", ""anv"": """", ""join"": """", ""role"": """", ""tracks"": """", ""id"": 4742320, ""resource_url"": ""https://api.discogs.com/artists/4742320""}]",
10028974,B11,track,Fuck A Chorris,,"[{""name"": ""Butagaz"", ""anv"": ""Butagaz (Djinns)"", ""join"": """", ""role"": """", ""tracks"": """", ""id"": 1518241, ""resource_url"": ""https://api.discogs.com/artists/1518241""}]",
10028974,B12,track,Bad Trip,,"[{""name"": ""Tekilatex"", ""anv"": """", ""join"": "","", ""role"": """", ""tracks"": """", ""id"": 247176, ""resource_url"": ""https://api.discogs.com/artists/247176""}, {""name"": ""Fuzati"", ""anv"": """", ""join"": """", ""role"": """", ""tracks"": """", ""id"": 293664, ""resource_url"": ""https://api.discogs.com/artists/293664""}]",
10028974,B13,track,La Bouée,,"[{""name"": ""Donkishot"", ""anv"": """", ""join"": """", ""role"": """", ""tracks"": """", ""id"": 197983, ""resource_url"": ""https://api.discogs.com/artists/197983""}]",
10028974,B14,track,Expérience De Groupe,,,
10028974,B15,track,Professeur DKS,,,
10039902,1-1,track,Pruszków-Wołomin,3:35,"[{""name"": ""Franek Kimono"", ""anv"": ""Pan Kimono"", ""join"": """", ""role"": """", ""tracks"": """", ""id"": 435869, ""resource_url"": ""https://api.discogs.com/artists/435869""}]",
10039902,1-2,track,I Love Football (Long Version),4:40,"[{""name"": ""Wes"", ""anv"": """", ""join"": """", ""role"": """", ""tracks"": """", ""id"": 68127, ""resource_url"": ""https://api.discogs.com/artists/68127""}]",
10039902,1-3,track,Mama Konda (Original Long Radio Edit),4:06,"[{""name"": ""Orinoko"", ""anv"": """", ""join"": """", ""role"": """", ""tracks"": """", ""id"": 1013, ""resource_url"": ""https://api.discogs.com/artists/1013""}]",
10039902,1-4,track,Club Montepulciano (Radio Edit),3:20,"[{""name"": ""Hooverphonic"", ""anv"": """", ""join"": """", ""role"": """", ""tracks"": """", ""id"": 3922, ""resource_url"": ""https://api.discogs.com/artists/3922""}]",
10039902,1-5,track,Flat-29 (7'' Radio Strategy),3:41,"[{""name"": ""Bedlam Ago Go"", ""anv"": """", ""join"": """", ""role"": """", ""tracks"": """", ""id"": 83898, ""resource_url"": ""https://api.discogs.com/artists/83898""}]",
10039902,1-6,track,Rendez-Vous 98,3:41,"[{""name"": ""Jean-Michel Jarre"", ""anv"": ""Jean Michel Jarre"", ""join"": ""&"", ""role"": """", ""tracks"": """", ""id"": 209415, ""resource_url"": ""https://api.discogs.com/artists/209415""}, {""name"": ""Apollo 440"", ""anv"": """", ""join"": """", ""role"": """", ""tracks"": """", ""id"": 5129, ""resource_url"": ""https://api.discogs.com/artists/5129""}]",
10039902,1-7,track,A Rose In The Wind (Album Version),4:24,"[{""name"": ""Anggun"", ""anv"": """", ""join"": """", ""role"": """", ""tracks"": """", ""id"": 51395, ""resource_url"": ""https://api.discogs.com/artists/51395""}]",
10039902,1-8,track,This Is How We Party (Album Version),3:18,"[{""name"": ""S.O.A.P."", ""anv"": """", ""join"": """", ""role"": """", ""tracks"": """", ""id"": 115673, ""resource_url"": ""https://api.discogs.com/artists/115673""}]",
10039902,1-9,track,Can't Keep My Hands Off You (Radio Mix),3:38,"[{""name"": ""React (3)"", ""anv"": """", ""join"": """", ""role"": """", ""tracks"": """", ""id"": 670788, ""resource_url"": ""https://api.discogs.com/artists/670788""}]",
10039902,1-10,track,Celebration (Album Version),3:37,"[{""name"": ""Silver Don"", ""anv"": """", ""join"": """", ""role"": """", ""tracks"": """", ""id"": 523283, ""resource_url"": ""https://api.discogs.com/artists/523283""}]",
10039902,1-11,track,Video Killed The Radio Star,3:23,"[{""name"": ""The Presidents Of The United States Of America"", ""anv"": ""The Presidents Of The USA"", ""join"": """", ""role"": """", ""tracks"": """", ""id"": 252065, ""resource_url"": ""https://api.discogs.com/artists/252065""}]",
10039902,1-12,track,Zwykły Dzień (Radio Edit),2:15,"[{""name"": ""Myslovitz"", ""anv"": """", ""join"": """", ""role"": """", ""tracks"": """", ""id"": 580561, ""resource_url"": ""https://api.discogs.com/artists/580561""}]",
10039902,1-13,track,I Will Still Be Laughing (Album Version),3:45,"[{""name"": ""Soul Asylum (2)"", ""anv"": """", ""join"": """", ""role"": """", ""tracks"": """", ""id"": 251941, ""resource_url"": ""https://api.discogs.com/artists/251941""}]",
10039902,1-14,track,Ordinary Black And White,3:12,"[{""name"": ""The Jason Bonham Band"", ""anv"": """", ""join"": """", ""role"": """", ""tracks"": """", ""id"": 1670262, ""resource_url"": ""https://api.discogs.com/artists/1670262""}]",
10039902,1-15,track,Breath From Another (Album Version),4:47,"[{""name"": ""Esthero"", ""anv"": """", ""join"": """", ""role"": """", ""tracks"": """", ""id"": 12185, ""resource_url"": ""https://api.discogs.com/artists/12185""}]",
10039902,1-16,track,Sylvie (Album Version),4:48,"[{""name"": ""Saint Etienne"", ""anv"": """", ""join"": """", ""role"": """", ""tracks"": """", ""id"": 2807, ""resource_url"": ""https://api.discogs.com/artists/2807""}]",
10039902,1-17,track,San Francisco (Funky Flow Radio Edit),4:06,"[{""name"": ""Mike Stone & Steve Heller"", ""anv"": """", ""join"": """", ""role"": """", ""tracks"": """", ""id"": 64495, ""resource_url"": ""https://api.discogs.com/artists/64495""}]",
10039902,1-18,track,Single Minded People (Radio Edit 1),3:11,"[{""name"": ""The Sunclub"", ""anv"": """", ""join"": """", ""role"": """", ""tracks"": """", ""id"": 9736, ""resource_url"": ""https://api.discogs.com/artists/9736""}]",
10039902,2-1,track,Slang Editorial (Album Version),4:45,"[{""name"": ""Cappadonna"", ""anv"": """", ""join"": """", ""role"": """", ""tracks"": """", ""id"": 45241, ""resource_url"": ""https://api.discogs.com/artists/45241""}]",
10039902,2-2,track,I'm A Tree (Radio Mix),3:25,"[{""name"": ""Imani Coppola"", ""anv"": """", ""join"": """", ""role"": """", ""tracks"": """", ""id"": 108645, ""resource_url"": ""https://api.discogs.com/artists/108645""}]",
10039902,2-3,track,La Cour Des Grands,3:34,"[{""name"": ""Youssou N'Dour"", ""anv"": """", ""join"": ""&"", ""role"": """", ""tracks"": """", ""id"": 17590, ""resource_url"": ""https://api.discogs.com/artists/17590""}, {""name"": ""Axelle Red"", ""anv"": """", ""join"": """", ""role"": """", ""tracks"": """", ""id"": 40528, ""resource_url"": ""https://api.discogs.com/artists/40528""}]",
10039902,2-4,track,Media Luna (Edit Single),3:52,"[{""name"": ""Deep Forest"", ""anv"": """", ""join"": """", ""role"": """", ""tracks"": """", ""id"": 5116, ""resource_url"": ""https://api.discogs.com/artists/5116""}]",
10039902,2-5,track,Rzeka (Radio Edit),4:29,"[{""name"": ""Atmosphere (10)"", ""anv"": """", ""join"": """", ""role"": """", ""tracks"": """", ""id"": 1335608, ""resource_url"": ""https://api.discogs.com/artists/1335608""}]",
10039902,2-6,track,Raise Your Voice,2:54,"[{""name"": ""Bad Religion"", ""anv"": """", ""join"": ""feat"", ""role"": """", ""tracks"": """", ""id"": 17479, ""resource_url"": ""https://api.discogs.com/artists/17479""}, {""name"": ""Campino (2)"", ""anv"": """", ""join"": """", ""role"": """", ""tracks"": """", ""id"": 361388, ""resource_url"": ""https://api.discogs.com/artists/361388""}]",
10039902,2-7,track,Cracking Up,4:42,"[{""name"": ""The Jesus And Mary Chain"", ""anv"": """", ""join"": """", ""role"": """", ""tracks"": """", ""id"": 243280, ""resource_url"": ""https://api.discogs.com/artists/243280""}]",
10039902,2-8,track,Fleas Don't Fly,3:11,"[{""name"": ""Arnold (2)"", ""anv"": """", ""join"": """", ""role"": """", ""tracks"": """", ""id"": 405201, ""resource_url"": ""https://api.discogs.com/artists/405201""}]",
10039902,2-9,track,Wishlist,3:26,"[{""name"": ""Pearl Jam"", ""anv"": """", ""join"": """", ""role"": """", ""tracks"": """", ""id"": 175395, ""resource_url"": ""https://api.discogs.com/artists/175395""}]",
10039902,2-10,track,Może Czas,3:26,"[{""name"": ""Crew (4)"", ""anv"": """", ""join"": """", ""role"": """", ""tracks"": """", ""id"": 2061052, ""resource_url"": ""https://api.discogs.com/artists/2061052""}]",
10039902,2-11,track,Everything I Touch,3:23,"[{""name"": ""Stabbing Westward"", ""anv"": """", ""join"": """", ""role"": """", ""tracks"": """", ""id"": 18840, ""resource_url"": ""https://api.discogs.com/artists/18840""}]",
10039902,2-12,track,Najtrudniej (Short Version),4:50,"[{""name"": ""o.n.a."", ""anv"": """", ""join"": """", ""role"": """", ""tracks"": """", ""id"": 554371, ""resource_url"": ""https://api.discogs.com/artists/554371""}]",
10039902,2-13,track,Everything My Heart Desires,3:59,"[{""name"": ""Danielle Brisebois"", ""anv"": """", ""join"": """", ""role"": """", ""tracks"": """", ""id"": 289221, ""resource_url"": ""https://api.discogs.com/artists/289221""}]",
10039902,2-14,track,Personne,4:20,"[{""name"": ""Pascal Obispo"", ""anv"": """", ""join"": """", ""role"": """", ""tracks"": """", ""id"": 307090, ""resource_url"": ""https://api.discogs.com/artists/307090""}]",
10039902,2-15,track,Cut You In,3:23,"[{""name"": ""Jerry Cantrell"", ""anv"": """", ""join"": """", ""role"": """", ""tracks"": """", ""id"": 252154, ""resource_url"": ""https://api.discogs.com/artists/252154""}]",
10039902,2-16,track,Kangaroo Kourt,3:30,"[{""name"": ""The Din Pedals"", ""anv"": """", ""join"": """", ""role"": """", ""tracks"": """", ""id"": 290770, ""resource_url"": ""https://api.discogs.com/artists/290770""}]",
10039902,2-17,track,Monkey Dead,3:41,"[{""name"": ""Sunhouse (2)"", ""anv"": """", ""join"": """", ""role"": """", ""tracks"": """", ""id"": 383778, ""resource_url"": ""https://api.discogs.com/artists/383778""}]",
10039902,2-18,track,Believe,3:30,"[{""name"": ""K's Choice"", ""anv"": """", ""join"": """", ""role"": """", ""tracks"": """", ""id"": 252300, ""resource_url"": ""https://api.discogs.com/artists/252300""}]",
10039902,2-19,track,Somebody (Radio Mix),4:21,"[{""name"": ""Close II You"", ""anv"": """", ""join"": """", ""role"": """", ""tracks"": """", ""id"": 293465, ""resource_url"": ""https://api.discogs.com/artists/293465""}]",
10045492,A1,track,Hurry Up And Wait,5:22,,"[{""name"": ""Dale Warren"", ""anv"": """", ""join"": """", ""role"": ""Arranged By"", ""tracks"": """", ""id"": 291526, ""resource_url"": ""https://api.discogs.com/artists/291526""}, {""name"": ""Robert Manchurian"", ""anv"": ""Bobby Manchurian"", ""join"": """", ""role"": ""Arranged By"", ""tracks"": """", ""id"": 1528879, ""resource_url"": ""https://api.discogs.com/artists/1528879""}, {""name"": ""James Jamerson"", ""anv"": """", ""join"": """", ""role"": ""Bass"", ""tracks"": """", ""id"": 211637, ""resource_url"": ""https://api.discogs.com/artists/211637""}, {""name"": ""James Jamerson Jr."", ""anv"": ""James Jamerson, Jr."", ""join"": """", ""role"": ""Bass"", ""tracks"": """", ""id"": 268225, ""resource_url"": ""https://api.discogs.com/artists/268225""}, {""name"": ""James Gadson"", ""anv"": """", ""join"": """", ""role"": ""Drums"", ""tracks"": """", ""id"": 211643, ""resource_url"": ""https://api.discogs.com/artists/211643""}, {""name"": ""Reginald Dozier"", ""anv"": ""Reggie Dozier"", ""join"": """", ""role"": ""Engineer"", ""tracks"": """", ""id"": 322230, ""resource_url"": ""https://api.discogs.com/artists/322230""}, {""name"": ""Ben Benay"", ""anv"": """", ""join"": """", ""role"": ""Guitar"", ""tracks"": """", ""id"": 336762, ""resource_url"": ""https://api.discogs.com/artists/336762""}, {""name"": ""Greg Poree"", ""anv"": """", ""join"": """", ""role"": ""Guitar"", ""tracks"": """", ""id"": 332619, ""resource_url"": ""https://api.discogs.com/artists/332619""}, {""name"": ""Robert Manchurian"", ""anv"": ""Bobby Manchurian"", ""join"": """", ""role"": ""Keyboards"", ""tracks"": """", ""id"": 1528879, ""resource_url"": ""https://api.discogs.com/artists/1528879""}, {""name"": ""Bob Zimmitti"", ""anv"": """", ""join"": """", ""role"": ""Percussion"", ""tracks"": """", ""id"": 411892, ""resource_url"": ""https://api.discogs.com/artists/411892""}, {""name"": ""The Originals"", ""anv"": """", ""join"": """", ""role"": ""Producer"", ""tracks"": """", ""id"": 15877, ""resource_url"": ""https://api.discogs.com/artists/15877""}, {""name"": ""Freddie Gorman"", ""anv"": """", ""join"": """", ""role"": ""Producer, Written-By, Keyboards"", ""tracks"": """", ""id"": 611741, ""resource_url"": ""https://api.discogs.com/artists/611741""}, {""name"": ""Edotha Croom"", ""anv"": ""E. Croom"", ""join"": """", ""role"": ""Written-By"", ""tracks"": """", ""id"": 1655429, ""resource_url"": ""https://api.discogs.com/artists/1655429""}, {""name"": ""Janie Bradford"", ""anv"": """", ""join"": """", ""role"": ""Written-By"", ""tracks"": """", ""id"": 635088, ""resource_url"": ""https://api.discogs.com/artists/635088""}]"
10045492,A2,track,Down To Love Town,5:57,,"[{""name"": ""Greg Poree"", ""anv"": """", ""join"": """", ""role"": ""Arranged By"", ""tracks"": """", ""id"": 332619, ""resource_url"": ""https://api.discogs.com/artists/332619""}, {""name"": ""Michael B. Sutton"", ""anv"": ""Michael Sutton"", ""join"": """", ""role"": ""Arranged By, Keyboards"", ""tracks"": """", ""id"": 391752, ""resource_url"": ""https://api.discogs.com/artists/391752""}, {""name"": ""James Jamerson"", ""anv"": """", ""join"": """", ""role"": ""Bass"", ""tracks"": """", ""id"": 211637, ""resource_url"": ""https://api.discogs.com/artists/211637""}, {""name"": ""Eddie \""Bongo\"" Brown"", ""anv"": """", ""join"": """", ""role"": ""Congas"", ""tracks"": """", ""id"": 319198, ""resource_url"": ""https://api.discogs.com/artists/319198""}, {""name"": ""King Errisson"", ""anv"": """", ""join"": """", ""role"": ""Congas"", ""tracks"": """", ""id"": 131975, ""resource_url"": ""https://api.discogs.com/artists/131975""}, {""name"": ""Alvin Taylor"", ""anv"": """", ""join"": """", ""role"": ""Drums"", ""tracks"": """", ""id"": 372153, ""resource_url"": ""https://api.discogs.com/artists/372153""}, {""name"": ""Jeff Porcaro"", ""anv"": """", ""join"": """", ""role"": ""Drums"", ""tracks"": """", ""id"": 332625, ""resource_url"": ""https://api.discogs.com/artists/332625""}, {""name"": ""Andrew Berliner"", ""anv"": """", ""join"": """", ""role"": ""Engineer [Recording]"", ""tracks"": """", ""id"": 386821, ""resource_url"": ""https://api.discogs.com/artists/386821""}, {""name"": ""Kevin Beamish"", ""anv"": """", ""join"": """", ""role"": ""Engineer [Recording], Engineer [Mixing]"", ""tracks"": """", ""id"": 284119, ""resource_url"": ""https://api.discogs.com/artists/284119""}, {""name"": ""Billy Cooper"", ""anv"": """", ""join"": """", ""role"": ""Guitar"", ""tracks"": """", ""id"": 389298, ""resource_url"": ""https://api.discogs.com/artists/389298""}, {""name"": ""Dean Parks"", ""anv"": ""Weldon Dean Parks"", ""join"": """", ""role"": ""Guitar"", ""tracks"": """", ""id"": 253490, ""resource_url"": ""https://api.discogs.com/artists/253490""}, {""name"": ""Jay Graydon"", ""anv"": """", ""join"": """", ""role"": ""Guitar"", ""tracks"": """", ""id"": 112808, ""resource_url"": ""https://api.discogs.com/artists/112808""}, {""name"": ""Melvin Ragin"", ""anv"": ""Melvin \""Wah-Wah\"" Ragin"", ""join"": """", ""role"": ""Guitar"", ""tracks"": """", ""id"": 119161, ""resource_url"": ""https://api.discogs.com/artists/119161""}, {""name"": ""Ray Parker Jr."", ""anv"": ""Ray Parker, Jr."", ""join"": """", ""role"": ""Guitar"", ""tracks"": """", ""id"": 169574, ""resource_url"": ""https://api.discogs.com/artists/169574""}, {""name"": ""Steve Beckmeier"", ""anv"": ""Stephen Beckmeier"", ""join"": """", ""role"": ""Guitar"", ""tracks"": """", ""id"": 656797, ""resource_url"": ""https://api.discogs.com/artists/656797""}, {""name"": ""John Barnes"", ""anv"": """", ""join"": """", ""role"": ""Keyboards"", ""tracks"": """", ""id"": 293896, ""resource_url"": ""https://api.discogs.com/artists/293896""}, {""name"": ""Michael B. Sutton"", ""anv"": """", ""join"": """", ""role"": ""Producer"", ""tracks"": """", ""id"": 391752, ""resource_url"": ""https://api.discogs.com/artists/391752""}, {""name"": ""Frank Wilson"", ""anv"": """", ""join"": """", ""role"": ""Producer, Arranged By, Engineer [Mixing]"", ""tracks"": """", ""id"": 3468, ""resource_url"": ""https://api.discogs.com/artists/3468""}, {""name"": ""Don Daniels"", ""anv"": ""D. Daniels"", ""join"": """", ""role"": ""Written-By"", ""tracks"": """", ""id"": 225486, ""resource_url"": ""https://api.discogs.com/artists/225486""}, {""name"": ""Kathy Wakefield"", ""anv"": ""K. Wakefield"", ""join"": """", ""role"": ""Written-By"", ""tracks"": """", ""id"": 280082, ""resource_url"": ""https://api.discogs.com/artists/280082""}, {""name"": ""Michael B. Sutton"", ""anv"": ""M.B. Sutton"", ""join"": """", ""role"": ""Written-By"", ""tracks"": """", ""id"": 391752, ""resource_url"": ""https://api.discogs.com/artists/391752""}]"
10045492,A3,track,You Are A Blessing To Me,6:02,,"[{""name"": ""Brenda Sutton"", ""anv"": ""B. Sutton"", ""join"": """", ""role"": ""Written-By"", ""tracks"": """", ""id"": 319988, ""resource_url"": ""https://api.discogs.com/artists/319988""}, {""name"": ""Michael B. Sutton"", ""anv"": ""M. Sutton"", ""join"": """", ""role"": ""Written-By"", ""tracks"": """", ""id"": 391752, ""resource_url"": ""https://api.discogs.com/artists/391752""}]"
10045492,B1,track,Call On Your Six Million Dollar Man,5:52,,"[{""name"": ""Brenda Sutton"", ""anv"": ""B. Sutton"", ""join"": """", ""role"": ""Written-By"", ""tracks"": """", ""id"": 319988, ""resource_url"": ""https://api.discogs.com/artists/319988""}, {""name"": ""Kathy Wakefield"", ""anv"": ""K. Wakefield"", ""join"": """", ""role"": ""Written-By"", ""tracks"": """", ""id"": 280082, ""resource_url"": ""https://api.discogs.com/artists/280082""}, {""name"": ""Michael B. Sutton"", ""anv"": ""M. Sutton"", ""join"": """", ""role"": ""Written-By"", ""tracks"": """", ""id"": 391752, ""resource_url"": ""https://api.discogs.com/artists/391752""}]"
10045492,B2,track,Mother Nature's Best,4:46,,"[{""name"": ""Dale Warren"", ""anv"": """", ""join"": """", ""role"": ""Arranged By"", ""tracks"": """", ""id"": 291526, ""resource_url"": ""https://api.discogs.com/artists/291526""}, {""name"": ""Robert Manchurian"", ""anv"": ""Bobby Manchurian"", ""join"": """", ""role"": ""Arranged By"", ""tracks"": """", ""id"": 1528879, ""resource_url"": ""https://api.discogs.com/artists/1528879""}, {""name"": ""James Jamerson"", ""anv"": """", ""join"": """", ""role"": ""Bass"", ""tracks"": """", ""id"": 211637, ""resource_url"": ""https://api.discogs.com/artists/211637""}, {""name"": ""James Jamerson Jr."", ""anv"": ""James Jamerson, Jr."", ""join"": """", ""role"": ""Bass"", ""tracks"": """", ""id"": 268225, ""resource_url"": ""https://api.discogs.com/artists/268225""}, {""name"": ""James Gadson"", ""anv"": """", ""join"": """", ""role"": ""Drums"", ""tracks"": """", ""id"": 211643, ""resource_url"": ""https://api.discogs.com/artists/211643""}, {""name"": ""Reginald Dozier"", ""anv"": ""Reggie Dozier"", ""join"": """", ""role"": ""Engineer"", ""tracks"": """", ""id"": 322230, ""resource_url"": ""https://api.discogs.com/artists/322230""}, {""name"": ""Ben Benay"", ""anv"": """", ""join"": """", ""role"": ""Guitar"", ""tracks"": """", ""id"": 336762, ""resource_url"": ""https://api.discogs.com/artists/336762""}, {""name"": ""Greg Poree"", ""anv"": """", ""join"": """", ""role"": ""Guitar"", ""tracks"": """", ""id"": 332619, ""resource_url"": ""https://api.discogs.com/artists/332619""}, {""name"": ""Robert Manchurian"", ""anv"": ""Bobby Manchurian"", ""join"": """", ""role"": ""Keyboards"", ""tracks"": """", ""id"": 1528879, ""resource_url"": ""https://api.discogs.com/artists/1528879""}, {""name"": ""Bob Zimmitti"", ""anv"": """", ""join"": """", ""role"": ""Percussion"", ""tracks"": """", ""id"": 411892, ""resource_url"": ""https://api.discogs.com/artists/411892""}, {""name"": ""The Originals"", ""anv"": """", ""join"": """", ""role"": ""Producer"", ""tracks"": """", ""id"": 15877, ""resource_url"": ""https://api.discogs.com/artists/15877""}, {""name"": ""Freddie Gorman"", ""anv"": """", ""join"": """", ""role"": ""Producer, Written-By, Keyboards"", ""tracks"": """", ""id"": 611741, ""resource_url"": ""https://api.discogs.com/artists/611741""}, {""name"": ""Edotha Croom"", ""anv"": """", ""join"": """", ""role"": ""Written-By"", ""tracks"": """", ""id"": 1655429, ""resource_url"": ""https://api.discogs.com/artists/1655429""}, {""name"": ""Lee Harrington (2)"", ""anv"": ""L. Harrington"", ""join"": """", ""role"": ""Written-By"", ""tracks"": """", ""id"": 3257647, ""resource_url"": ""https://api.discogs.com/artists/3257647""}]"
10045492,B3,track,Sunrise,4:51,,"[{""name"": ""Brenda Sutton"", ""anv"": ""B. Sutton"", ""join"": """", ""role"": ""Written-By"", ""tracks"": """", ""id"": 319988, ""resource_url"": ""https://api.discogs.com/artists/319988""}, {""name"": ""Michael B. Sutton"", ""anv"": ""M. Sutton"", ""join"": """", ""role"": ""Written-By"", ""tracks"": """", ""id"": 391752, ""resource_url"": ""https://api.discogs.com/artists/391752""}, {""name"": ""Tom Depierro"", ""anv"": ""DePierro"", ""join"": """", ""role"": ""Written-By"", ""tracks"": """", ""id"": 510450, ""resource_url"": ""https://api.discogs.com/artists/510450""}]"
10045492,B4,track,Been Decided,5:22,,"[{""name"": ""Brenda Sutton"", ""anv"": ""B. Sutton"", ""join"": """", ""role"": ""Written-By"", ""tracks"": """", ""id"": 319988, ""resource_url"": ""https://api.discogs.com/artists/319988""}, {""name"": ""Kathy Wakefield"", ""anv"": ""K. Wakefield"", ""join"": """", ""role"": ""Written-By"", ""tracks"": """", ""id"": 280082, ""resource_url"": ""https://api.discogs.com/artists/280082""}, {""name"": ""Michael B. Sutton"", ""anv"": ""M. Sutton"", ""join"": """", ""role"": ""Written-By"", ""tracks"": """", ""id"": 391752, ""resource_url"": ""https://api.discogs.com/artists/391752""}]"
10055810,,heading,1 Routine,,"[{""name"": ""Jax Jones"", ""anv"": """", ""join"": ""Feat."", ""role"": """", ""tracks"": """", ""id"": 3683828, ""resource_url"": ""https://api.discogs.com/artists/3683828""}, {""name"": ""Raye (3)"", ""anv"": """", ""join"": """", ""role"": """", ""tracks"": """", ""id"": 1410750, ""resource_url"": ""https://api.discogs.com/artists/1410750""}]","[{""name"": ""Blende"", ""anv"": """", ""join"": """", ""role"": ""Remix"", ""tracks"": """", ""id"": 166204, ""resource_url"": ""https://api.discogs.com/artists/166204""}]"
10055810,1-1,track,You Don't Know Me,,"[{""name"": ""Van Echelpoel"", ""anv"": """", ""join"": """", ""role"": """", ""tracks"": """", ""id"": 5451941, ""resource_url"": ""https://api.discogs.com/artists/5451941""}]","[{""name"": ""Ryan Riback"", ""anv"": """", ""join"": """", ""role"": ""Remix"", ""tracks"": """", ""id"": 556188, ""resource_url"": ""https://api.discogs.com/artists/556188""}]"
10055810,1-2,track,Ziet Em Duun,,"[{""name"": ""Fresh"", ""anv"": ""DJ Fresh"", ""join"": ""Vs"", ""role"": """", ""tracks"": """", ""id"": 23096, ""resource_url"": ""https://api.discogs.com/artists/23096""}, {""name"": ""Diplo"", ""anv"": """", ""join"": ""Feat."", ""role"": """", ""tracks"": """", ""id"": 191242, ""resource_url"": ""https://api.discogs.com/artists/191242""}, {""name"": ""Rock City (2)"", ""anv"": ""R. City"", ""join"": "","", ""role"": """", ""tracks"": """", ""id"": 942566, ""resource_url"": ""https://api.discogs.com/artists/942566""}, {""name"": ""Selah Sue"", ""anv"": """", ""join"": ""&"", ""role"": """", ""tracks"": """", ""id"": 1993572, ""resource_url"": ""https://api.discogs.com/artists/1993572""}, {""name"": ""Craig David"", ""anv"": """", ""join"": """", ""role"": """", ""tracks"": """", ""id"": 12626, ""resource_url"": ""https://api.discogs.com/artists/12626""}]","[{""name"": ""Solomun"", ""anv"": """", ""join"": """", ""role"": ""Remix"", ""tracks"": """", ""id"": 509534, ""resource_url"": ""https://api.discogs.com/artists/509534""}]"
10055810,1-3,track,Bang Bang,,"[{""name"": ""The Magician (2)"", ""anv"": """", ""join"": ""&"", ""role"": """", ""tracks"": """", ""id"": 508472, ""resource_url"": ""https://api.discogs.com/artists/508472""}, {""name"": ""Julian Perretta"", ""anv"": """", ""join"": """", ""role"": """", ""tracks"": """", ""id"": 1881812, ""resource_url"": ""https://api.discogs.com/artists/1881812""}]","[{""name"": ""Armand Van Helden"", ""anv"": """", ""join"": """", ""role"": ""Remix"", ""tracks"": """", ""id"": 3352, ""resource_url"": ""https://api.discogs.com/artists/3352""}]"
10055810,1-4,track,Tied Up,,"[{""name"": ""Martin Solveig"", ""anv"": """", ""join"": ""Feat."", ""role"": """", ""tracks"": """", ""id"": 6540, ""resource_url"": ""https://api.discogs.com/artists/6540""}, {""name"": ""Ina Wroldsen"", ""anv"": """", ""join"": """", ""role"": """", ""tracks"": """", ""id"": 798417, ""resource_url"": ""https://api.discogs.com/artists/798417""}]","[{""name"": ""A-Trak"", ""anv"": """", ""join"": """", ""role"": ""Remix"", ""tracks"": """", ""id"": 32143, ""resource_url"": ""https://api.discogs.com/artists/32143""}]"
10055810,1-5,track,Places,,"[{""name"": ""Joe Goddard"", ""anv"": """", ""join"": """", ""role"": """", ""tracks"": """", ""id"": 509363, ""resource_url"": ""https://api.discogs.com/artists/509363""}]","[{""name"": ""Claptone"", ""anv"": """", ""join"": """", ""role"": ""Remix"", ""tracks"": """", ""id"": 2605338, ""resource_url"": ""https://api.discogs.com/artists/2605338""}]"
10055810,1-6,track,Music Is The Answer,,"[{""name"": ""Compact Disk Dummies"", ""anv"": """", ""join"": """", ""role"": """", ""tracks"": """", ""id"": 3255756, ""resource_url"": ""https://api.discogs.com/artists/3255756""}]","[{""name"": ""Jacques Renault"", ""anv"": """", ""join"": """", ""role"": ""Remix"", ""tracks"": """", ""id"": 531204, ""resource_url"": ""https://api.discogs.com/artists/531204""}]"
10055810,1-7,track,Remain In Light (Blende Edit),,"[{""name"": ""Kraantje Pappie"", ""anv"": """", ""join"": """", ""role"": """", ""tracks"": """", ""id"": 1705705, ""resource_url"": ""https://api.discogs.com/artists/1705705""}]",
10055810,1-8,track,Pompen,,"[{""name"": ""Starley"", ""anv"": """", ""join"": """", ""role"": """", ""tracks"": """", ""id"": 5132647, ""resource_url"": ""https://api.discogs.com/artists/5132647""}]",
10055810,1-9,track,Call On Me (Ryan Riback Remix),,"[{""name"": ""Curtis Alto"", ""anv"": """", ""join"": ""Vs"", ""role"": """", ""tracks"": """", ""id"": 5251904, ""resource_url"": ""https://api.discogs.com/artists/5251904""}, {""name"": ""Sunbathers"", ""anv"": """", ""join"": """", ""role"": """", ""tracks"": """", ""id"": 5583442, ""resource_url"": ""https://api.discogs.com/artists/5583442""}]",
10055810,1-10,track,Intimacy,,"[{""name"": ""Donnie (15)"", ""anv"": """", ""join"": """", ""role"": """", ""tracks"": """", ""id"": 5303752, ""resource_url"": ""https://api.discogs.com/artists/5303752""}]",
10055810,1-11,track,De Tuinslang,,"[{""name"": ""Kungs"", ""anv"": """", ""join"": ""Feat."", ""role"": """", ""tracks"": """", ""id"": 4394625, ""resource_url"": ""https://api.discogs.com/artists/4394625""}, {""name"": ""Ephemerals"", ""anv"": """", ""join"": """", ""role"": """", ""tracks"": """", ""id"": 3796537, ""resource_url"": ""https://api.discogs.com/artists/3796537""}]",
10055810,1-12,track,I Feel So Bad ,,"[{""name"": ""Fatima Yamaha"", ""anv"": """", ""join"": """", ""role"": """", ""tracks"": """", ""id"": 247674, ""resource_url"": ""https://api.discogs.com/artists/247674""}]",
10055810,1-13,track,Araya,,"[{""name"": ""Lost Frequencies"", ""anv"": """", ""join"": ""Feat."", ""role"": """", ""tracks"": """", ""id"": 1606035, ""resource_url"": ""https://api.discogs.com/artists/1606035""}, {""name"": ""Axel Ehnström"", ""anv"": """", ""join"": """", ""role"": """", ""tracks"": """", ""id"": 2225071, ""resource_url"": ""https://api.discogs.com/artists/2225071""}]",
10055810,1-14,track,All Or Nothing,,"[{""name"": ""Soulwax"", ""anv"": """", ""join"": """", ""role"": """", ""tracks"": """", ""id"": 34128, ""resource_url"": ""https://api.discogs.com/artists/34128""}]",
10055810,1-15,track,Transient Program For Drums And Machinery,,"[{""name"": ""Franky Rizardo"", ""anv"": """", ""join"": """", ""role"": """", ""tracks"": """", ""id"": 648439, ""resource_url"": ""https://api.discogs.com/artists/648439""}]",
10055810,1-16,track,Same Man,,"[{""name"": ""A Tribe Called Quest"", ""anv"": """", ""join"": """", ""role"": """", ""tracks"": """", ""id"": 3268, ""resource_url"": ""https://api.discogs.com/artists/3268""}]",
10055810,1-17,track,We The People....,,"[{""name"": ""Tom Zanetti"", ""anv"": """", ""join"": ""Feat."", ""role"": """", ""tracks"": """", ""id"": 1714231, ""resource_url"": ""https://api.discogs.com/artists/1714231""}, {""name"": ""Sadie Ama"", ""anv"": """", ""join"": """", ""role"": """", ""tracks"": """", ""id"": 222955, ""resource_url"": ""https://api.discogs.com/artists/222955""}]",
10055810,1-18,track,You Want Me,,"[{""name"": ""Pegassi"", ""anv"": """", ""join"": ""Feat."", ""role"": """", ""tracks"": """", ""id"": 5658595, ""resource_url"": ""https://api.discogs.com/artists/5658595""}, {""name"": ""Billie (7)"", ""anv"": """", ""join"": """", ""role"": """", ""tracks"": """", ""id"": 3004938, ""resource_url"": ""https://api.discogs.com/artists/3004938""}]",
10055810,1-19,track,Truth And Lies,,"[{""name"": ""Whilk & Misky"", ""anv"": """", ""join"": """", ""role"": """", ""tracks"": """", ""id"": 4639394, ""resource_url"": ""https://api.discogs.com/artists/4639394""}]",
10055810,1-20,track,Clap Your Hands (Solomun Remix),,"[{""name"": ""Kölsch"", ""anv"": """", ""join"": """", ""role"": """", ""tracks"": """", ""id"": 1989806, ""resource_url"": ""https://api.discogs.com/artists/1989806""}]",
10055810,1-21,track,Grey,,"[{""name"": ""The Weeknd"", ""anv"": """", ""join"": ""Feat."", ""role"": """", ""tracks"": """", ""id"": 2171152, ""resource_url"": ""https://api.discogs.com/artists/2171152""}, {""name"": ""Daft Punk"", ""anv"": """", ""join"": """", ""role"": """", ""tracks"": """", ""id"": 1289, ""resource_url"": ""https://api.discogs.com/artists/1289""}]",
10055810,,heading,2 The Funky Edition,,"[{""name"": ""Delv!s"", ""anv"": """", ""join"": """", ""role"": """", ""tracks"": """", ""id"": 3520125, ""resource_url"": ""https://api.discogs.com/artists/3520125""}]",
10055810,2-1,track,I Feel It Coming,,"[{""name"": ""Aeroplane (4)"", ""anv"": """", ""join"": ""&"", ""role"": """", ""tracks"": """", ""id"": 897682, ""resource_url"": ""https://api.discogs.com/artists/897682""}, {""name"": ""Purple Disco Machine"", ""anv"": """", ""join"": ""Feat."", ""role"": """", ""tracks"": """", ""id"": 2188903, ""resource_url"": ""https://api.discogs.com/artists/2188903""}, {""name"": ""Aloe Blacc"", ""anv"": """", ""join"": """", ""role"": """", ""tracks"": """", ""id"": 191200, ""resource_url"": ""https://api.discogs.com/artists/191200""}]",
10055810,2-2,track,Come My Way,,"[{""name"": ""Justice (3)"", ""anv"": """", ""join"": """", ""role"": """", ""tracks"": """", ""id"": 52758, ""resource_url"": ""https://api.discogs.com/artists/52758""}]",
10055810,2-3,track,Counting On Me,,"[{""name"": ""Childish Gambino"", ""anv"": """", ""join"": """", ""role"": """", ""tracks"": """", ""id"": 2482309, ""resource_url"": ""https://api.discogs.com/artists/2482309""}]",
10055810,2-4,track,Fire,,"[{""name"": ""Kaytranada"", ""anv"": """", ""join"": ""Feat."", ""role"": """", ""tracks"": """", ""id"": 3160392, ""resource_url"": ""https://api.discogs.com/artists/3160392""}, {""name"": ""AlunaGeorge"", ""anv"": """", ""join"": ""&"", ""role"": """", ""tracks"": """", ""id"": 2204391, ""resource_url"": ""https://api.discogs.com/artists/2204391""}, {""name"": ""GoldLink"", ""anv"": """", ""join"": """", ""role"": """", ""tracks"": """", ""id"": 3814790, ""resource_url"": ""https://api.discogs.com/artists/3814790""}]",
10055810,2-5,track,Redbone,,"[{""name"": ""Armand Van Helden"", ""anv"": """", ""join"": ""&"", ""role"": """", ""tracks"": """", ""id"": 3352, ""resource_url"": ""https://api.discogs.com/artists/3352""}, {""name"": ""Komes (2)"", ""anv"": """", ""join"": """", ""role"": """", ""tracks"": """", ""id"": 3353960, ""resource_url"": ""https://api.discogs.com/artists/3353960""}]",
10055810,2-6,track,Together,,"[{""name"": ""GoldLink"", ""anv"": """", ""join"": ""Feat."", ""role"": """", ""tracks"": """", ""id"": 3814790, ""resource_url"": ""https://api.discogs.com/artists/3814790""}, {""name"": ""Ciscero"", ""anv"": """", ""join"": """", ""role"": """", ""tracks"": """", ""id"": 5658596, ""resource_url"": ""https://api.discogs.com/artists/5658596""}]",
10055810,2-7,track,Fried Chicken,,"[{""name"": ""John Legend"", ""anv"": """", ""join"": """", ""role"": """", ""tracks"": """", ""id"": 182738, ""resource_url"": ""https://api.discogs.com/artists/182738""}]",
10055810,2-8,track,Fall In Love,,"[{""name"": ""Marc Kinchen"", ""anv"": ""MK"", ""join"": ""Feat."", ""role"": """", ""tracks"": """", ""id"": 9504, ""resource_url"": ""https://api.discogs.com/artists/9504""}, {""name"": ""A*M*E"", ""anv"": """", ""join"": """", ""role"": """", ""tracks"": """", ""id"": 3092319, ""resource_url"": ""https://api.discogs.com/artists/3092319""}]",
10055810,2-9,track,Love Me Now (Armand Van Helden Remix),,"[{""name"": ""TroyBoi"", ""anv"": """", ""join"": ""X"", ""role"": """", ""tracks"": """", ""id"": 3093208, ""resource_url"": ""https://api.discogs.com/artists/3093208""}, {""name"": ""Icekream"", ""anv"": """", ""join"": """", ""role"": """", ""tracks"": """", ""id"": 5583441, ""resource_url"": ""https://api.discogs.com/artists/5583441""}]",
10055810,2-10,track,My Love 4 U,,"[{""name"": ""Baloji"", ""anv"": """", ""join"": ""Feat."", ""role"": """", ""tracks"": """", ""id"": 556410, ""resource_url"": ""https://api.discogs.com/artists/556410""}, {""name"": ""Coely"", ""anv"": """", ""join"": """", ""role"": """", ""tracks"": """", ""id"": 3037511, ""resource_url"": ""https://api.discogs.com/artists/3037511""}]",
10055810,2-11,track,Hear Dat,,"[{""name"": ""Dillon Francis"", ""anv"": """", ""join"": ""Feat."", ""role"": """", ""tracks"": """", ""id"": 1866111, ""resource_url"": ""https://api.discogs.com/artists/1866111""}, {""name"": ""Will Heard"", ""anv"": """", ""join"": """", ""role"": """", ""tracks"": """", ""id"": 3432392, ""resource_url"": ""https://api.discogs.com/artists/3432392""}]",
10055810,2-12,track,Spoiler (Remix),,"[{""name"": ""The Supermen Lovers"", ""anv"": """", ""join"": """", ""role"": """", ""tracks"": """", ""id"": 32806, ""resource_url"": ""https://api.discogs.com/artists/32806""}]",
10055810,2-13,track,Anywhere (A-Trak Remix),,"[{""name"": ""Ofenbach"", ""anv"": """", ""join"": """", ""role"": """", ""tracks"": """", ""id"": 4394626, ""resource_url"": ""https://api.discogs.com/artists/4394626""}]",
10055810,2-14,track,Walking On The Moon,,"[{""name"": ""Bastille (4)"", ""anv"": """", ""join"": """", ""role"": """", ""tracks"": """", ""id"": 2563389, ""resource_url"": ""https://api.discogs.com/artists/2563389""}]",
10055810,2-15,track,Be Mine,,"[{""name"": ""Midnight Magic (2)"", ""anv"": """", ""join"": """", ""role"": """", ""tracks"": """", ""id"": 1874732, ""resource_url"": ""https://api.discogs.com/artists/1874732""}]",
10055810,2-16,track,Blame (Claptone Remix),,"[{""name"": ""The Black Madonna"", ""anv"": """", ""join"": """", ""role"": """", ""tracks"": """", ""id"": 2152713, ""resource_url"": ""https://api.discogs.com/artists/2152713""}]",
10055810,2-17,track,Beam Me Up (Jacques Renault Remix),,"[{""name"": ""Midland"", ""anv"": """", ""join"": """", ""role"": """", ""tracks"": """", ""id"": 1202712, ""resource_url"": ""https://api.discogs.com/artists/1202712""}]",
10055810,2-18,track,He Is The Voice I Hear,,"[{""name"": ""Macklemore"", ""anv"": """", ""join"": ""&"", ""role"": """", ""tracks"": """", ""id"": 792536, ""resource_url"": ""https://api.discogs.com/artists/792536""}, {""name"": ""Ryan Lewis"", ""anv"": """", ""join"": ""Feat."", ""role"": """", ""tracks"": """", ""id"": 803809, ""resource_url"": ""https://api.discogs.com/artists/803809""}, {""name"": ""Melle Mel"", ""anv"": """", ""join"": "","", ""role"": """", ""tracks"": """", ""id"": 19701, ""resource_url"": ""https://api.discogs.com/artists/19701""}, {""name"": ""Grandmaster Caz"", ""anv"": """", ""join"": "","", ""role"": """", ""tracks"": """", ""id"": 106523, ""resource_url"": ""https://api.discogs.com/artists/106523""}, {""name"": ""Kool Moe Dee"", ""anv"": """", ""join"": ""&"", ""role"": """", ""tracks"": """", ""id"": 40399, ""resource_url"": ""https://api.discogs.com/artists/40399""}, {""name"": ""Eric Nally"", ""anv"": """", ""join"": """", ""role"": """", ""tracks"": """", ""id"": 1797643, ""resource_url"": ""https://api.discogs.com/artists/1797643""}]",
10055810,2-19,track,Final Credits,,,
10055810,2-20,track,Downtown,,,
100654,A,track,Lies (Extended Vocal),,,"[{""name"": ""Lars Behrenroth"", ""anv"": """", ""join"": """", ""role"": ""Remix, Producer [Additional]"", ""tracks"": """", ""id"": 55538, ""resource_url"": ""https://api.discogs.com/artists/55538""}, {""name"": ""Sinan Baymak"", ""anv"": """", ""join"": """", ""role"": ""Remix, Producer [Additional]"", ""tracks"": """", ""id"": 68459, ""resource_url"": ""https://api.discogs.com/artists/68459""}]"
100654,B1,track,Lies (Summer In Hamburg Mix),,,"[{""name"": ""Sweet Abraham"", ""anv"": """", ""join"": """", ""role"": ""Producer"", ""tracks"": """", ""id"": 29, ""resource_url"": ""https://api.discogs.com/artists/29""}]"
100654,B2,track,Lies (Sweet Abraham's Depth Charge),,,
10066421,1,track,We're Finally Landing,4:32,,
10066421,2,track,Synchronize,4:00,,
10066421,3,track,Overflow,5:22,,
10066421,4,track,Without A Sound,3:33,,
10066421,5,track,Above All,3:46,,
10066421,6,track,Pyxis,3:37,,
10066421,7,track,Before The Night,3:53,,
10066421,8,track,If I'm Wrong,2:55,,
10066421,9,track,Nosebleed,3:54,,
10066421,10,track,Sun,2:36,,
10066421,11,track,Sleep,4:34,,
10082296,A,track,High On You Again (8 Jam Remix),4:10,,"[{""name"": ""8 Jam"", ""anv"": """", ""join"": """", ""role"": ""Remix"", ""tracks"": """", ""id"": 97089, ""resource_url"": ""https://api.discogs.com/artists/97089""}]"
10082296,B1,track,High On You Again (Marvel & Eli Remix),5:40,,"[{""name"": ""Marvel & Eli"", ""anv"": """", ""join"": """", ""role"": ""Remix"", ""tracks"": """", ""id"": 71294, ""resource_url"": ""https://api.discogs.com/artists/71294""}]"
10082296,B2,track,High On You Again (Marvel & Eli Instrumental),5:40,,"[{""name"": ""Marvel & Eli"", ""anv"": """", ""join"": """", ""role"": ""Remix"", ""tracks"": """", ""id"": 71294, ""resource_url"": ""https://api.discogs.com/artists/71294""}]"
100833,A,track,Groove 3,,,
100833,B1,track,Blackhole,,,
100833,B2,track,E-Update,,,
10094904,1-1,track,S.O,3:13,"[{""name"": ""Kelly Lee Owens"", ""anv"": """", ""join"": """", ""role"": """", ""tracks"": """", ""id"": 3143783, ""resource_url"": ""https://api.discogs.com/artists/3143783""}]","[{""name"": ""Jenny Hval"", ""anv"": """", ""join"": """", ""role"": ""Vocals"", ""tracks"": """", ""id"": 713862, ""resource_url"": ""https://api.discogs.com/artists/713862""}]"
10094904,1-2,track,Arthur,4:05,"[{""name"": ""Kelly Lee Owens"", ""anv"": """", ""join"": """", ""role"": """", ""tracks"": """", ""id"": 3143783, ""resource_url"": ""https://api.discogs.com/artists/3143783""}]","[{""name"": ""The Chemical Brothers"", ""anv"": """", ""join"": """", ""role"": ""Remix"", ""tracks"": """", ""id"": 2290, ""resource_url"": ""https://api.discogs.com/artists/2290""}]"
10094904,1-3,track,Anxi.,3:47,"[{""name"": ""Kelly Lee Owens"", ""anv"": """", ""join"": """", ""role"": """", ""tracks"": """", ""id"": 3143783, ""resource_url"": ""https://api.discogs.com/artists/3143783""}]","[{""name"": ""Tom Trago"", ""anv"": """", ""join"": """", ""role"": ""Remix"", ""tracks"": """", ""id"": 472936, ""resource_url"": ""https://api.discogs.com/artists/472936""}]"
10094904,1-4,track,Lucid,3:33,"[{""name"": ""Kelly Lee Owens"", ""anv"": """", ""join"": """", ""role"": """", ""tracks"": """", ""id"": 3143783, ""resource_url"": ""https://api.discogs.com/artists/3143783""}]",
10094904,1-5,track,Evolution,4:03,"[{""name"": ""Kelly Lee Owens"", ""anv"": """", ""join"": """", ""role"": """", ""tracks"": """", ""id"": 3143783, ""resource_url"": ""https://api.discogs.com/artists/3143783""}]",
10094904,1-6,track,Bird,5:15,"[{""name"": ""Kelly Lee Owens"", ""anv"": """", ""join"": """", ""role"": """", ""tracks"": """", ""id"": 3143783, ""resource_url"": ""https://api.discogs.com/artists/3143783""}]",
10094904,1-7,track,Throwing Lines,3:07,"[{""name"": ""Kelly Lee Owens"", ""anv"": """", ""join"": """", ""role"": """", ""tracks"": """", ""id"": 3143783, ""resource_url"": ""https://api.discogs.com/artists/3143783""}]",
10094904,1-8,track,C.B.M,5:00,"[{""name"": ""Kelly Lee Owens"", ""anv"": """", ""join"": """", ""role"": """", ""tracks"": """", ""id"": 3143783, ""resource_url"": ""https://api.discogs.com/artists/3143783""}]",
10094904,1-9,track,Keep Walking,4:43,"[{""name"": ""Kelly Lee Owens"", ""anv"": """", ""join"": """", ""role"": """", ""tracks"": """", ""id"": 3143783, ""resource_url"": ""https://api.discogs.com/artists/3143783""}]",
10094904,1-10,track,8,9:39,"[{""name"": ""Kelly Lee Owens"", ""anv"": """", ""join"": """", ""role"": """", ""tracks"": """", ""id"": 3143783, ""resource_url"": ""https://api.discogs.com/artists/3143783""}]",
10094904,,heading,Album Mix,,"[{""name"": ""Björk"", ""anv"": """", ""join"": """", ""role"": """", ""tracks"": """", ""id"": 1373, ""resource_url"": ""https://api.discogs.com/artists/1373""}]",
10094904,2-1.1,track,All Is Full Of Love,51:18,"[{""name"": ""Arthur Russell"", ""anv"": """", ""join"": """", ""role"": """", ""tracks"": """", ""id"": 23524, ""resource_url"": ""https://api.discogs.com/artists/23524""}]",
10094904,2-1.2,track,I Like You,,"[{""name"": ""Throbbing Gristle"", ""anv"": """", ""join"": """", ""role"": """", ""tracks"": """", ""id"": 12589, ""resource_url"": ""https://api.discogs.com/artists/12589""}]",
10094904,2-1.3,track,Hot On The Heels Of Love,,"[{""name"": ""Charlie"", ""anv"": """", ""join"": """", ""role"": """", ""tracks"": """", ""id"": 15971, ""resource_url"": ""https://api.discogs.com/artists/15971""}]",
10094904,2-1.4,track,Spacer Woman,,"[{""name"": ""Kylie Minogue"", ""anv"": """", ""join"": """", ""role"": """", ""tracks"": """", ""id"": 13608, ""resource_url"": ""https://api.discogs.com/artists/13608""}]",
10094904,2-1.5,track,Slow (The Chemical Brothers Remix),,"[{""name"": ""Chris & Cosey"", ""anv"": """", ""join"": """", ""role"": """", ""tracks"": """", ""id"": 29040, ""resource_url"": ""https://api.discogs.com/artists/29040""}]",
10094904,2-1.6,track,Driving Blind,,"[{""name"": ""Daphni"", ""anv"": """", ""join"": """", ""role"": """", ""tracks"": """", ""id"": 2127698, ""resource_url"": ""https://api.discogs.com/artists/2127698""}]",
10094904,2-1.7,track,"Yes, I Know",,"[{""name"": ""John Talabot"", ""anv"": """", ""join"": ""Feat."", ""role"": """", ""tracks"": """", ""id"": 1377987, ""resource_url"": ""https://api.discogs.com/artists/1377987""}, {""name"": ""Pional"", ""anv"": """", ""join"": """", ""role"": """", ""tracks"": """", ""id"": 1721233, ""resource_url"": ""https://api.discogs.com/artists/1721233""}]",
10094904,2-1.8,track,So Will Be Now,,"[{""name"": ""Tiga"", ""anv"": """", ""join"": ""Vs"", ""role"": """", ""tracks"": """", ""id"": 1543, ""resource_url"": ""https://api.discogs.com/artists/1543""}, {""name"": ""Audion"", ""anv"": """", ""join"": """", ""role"": """", ""tracks"": """", ""id"": 191782, ""resource_url"": ""https://api.discogs.com/artists/191782""}]",
10094904,2-1.9,track,Fever (Tom Trago Remix),,,
10097790,1-1,track,I Love You Yes I Do,,"[{""name"": ""Johnny And His Cellar Rockers"", ""anv"": """", ""join"": """", ""role"": """", ""tracks"": """", ""id"": 1690564, ""resource_url"": ""https://api.discogs.com/artists/1690564""}]",
10097790,1-2,track,Why,,"[{""name"": ""Johnny And His Cellar Rockers"", ""anv"": """", ""join"": """", ""role"": """", ""tracks"": """", ""id"": 1690564, ""resource_url"": ""https://api.discogs.com/artists/1690564""}]",
10097790,1-3,track,I'll Cry,,"[{""name"": ""Roek Williams And The Fighting Cats"", ""anv"": ""Roek Williams & The Fighting Cats"", ""join"": """", ""role"": """", ""tracks"": """", ""id"": 1949036, ""resource_url"": ""https://api.discogs.com/artists/1949036""}]",
10097790,1-4,track,Any Bad News,,"[{""name"": ""Roek Williams And The Fighting Cats"", ""anv"": ""Roek Williams & The Fighting Cats"", ""join"": """", ""role"": """", ""tracks"": """", ""id"": 1949036, ""resource_url"": ""https://api.discogs.com/artists/1949036""}]",
10097790,1-5,track,Tormented,,"[{""name"": ""The Phantoms (3)"", ""anv"": """", ""join"": """", ""role"": """", ""tracks"": """", ""id"": 651025, ""resource_url"": ""https://api.discogs.com/artists/651025""}]",
10097790,1-6,track,A Well Respected Man,,"[{""name"": ""The Phantoms (3)"", ""anv"": """", ""join"": """", ""role"": """", ""tracks"": """", ""id"": 651025, ""resource_url"": ""https://api.discogs.com/artists/651025""}]",
10097790,1-7,track,Pipe And You Like It,,"[{""name"": ""NV Groep 65"", ""anv"": ""N.V. Groep '65"", ""join"": """", ""role"": """", ""tracks"": """", ""id"": 1007488, ""resource_url"": ""https://api.discogs.com/artists/1007488""}]",
10097790,1-8,track,Lost,,"[{""name"": ""NV Groep 65"", ""anv"": ""N.V. Groep '65"", ""join"": """", ""role"": """", ""tracks"": """", ""id"": 1007488, ""resource_url"": ""https://api.discogs.com/artists/1007488""}]",
10097790,1-9,track,Down And Out,,"[{""name"": ""4PK"", ""anv"": ""4 PK"", ""join"": """", ""role"": """", ""tracks"": """", ""id"": 1007459, ""resource_url"": ""https://api.discogs.com/artists/1007459""}]",
10097790,1-10,track,So There,,"[{""name"": ""4PK"", ""anv"": ""4 PK"", ""join"": """", ""role"": """", ""tracks"": """", ""id"": 1007459, ""resource_url"": ""https://api.discogs.com/artists/1007459""}]",
10097790,1-11,track,Girl,,"[{""name"": ""Johnny Kendall & The Heralds"", ""anv"": """", ""join"": """", ""role"": """", ""tracks"": """", ""id"": 1368964, ""resource_url"": ""https://api.discogs.com/artists/1368964""}]",
10097790,1-12,track,Do You Remember,,"[{""name"": ""Johnny Kendall & The Heralds"", ""anv"": """", ""join"": """", ""role"": """", ""tracks"": """", ""id"": 1368964, ""resource_url"": ""https://api.discogs.com/artists/1368964""}]",
10097790,1-13,track,Wrong,,"[{""name"": ""The Incrowd (3)"", ""anv"": ""Incrowd"", ""join"": """", ""role"": """", ""tracks"": """", ""id"": 1298656, ""resource_url"": ""https://api.discogs.com/artists/1298656""}]",
10097790,1-14,track,I'll Keep You Happy,,"[{""name"": ""The Incrowd (3)"", ""anv"": ""Incrowd"", ""join"": """", ""role"": """", ""tracks"": """", ""id"": 1298656, ""resource_url"": ""https://api.discogs.com/artists/1298656""}]",
10097790,1-15,track,Something You Got,,"[{""name"": ""Hu & The Hilltops"", ""anv"": """", ""join"": """", ""role"": """", ""tracks"": """", ""id"": 673912, ""resource_url"": ""https://api.discogs.com/artists/673912""}]",
10097790,1-16,track,Let It Ride,,"[{""name"": ""Hu & The Hilltops"", ""anv"": """", ""join"": """", ""role"": """", ""tracks"": """", ""id"": 673912, ""resource_url"": ""https://api.discogs.com/artists/673912""}]",
10097790,1-17,track,If I Could Start My Life Again,,"[{""name"": ""The Jets (4)"", ""anv"": """", ""join"": """", ""role"": """", ""tracks"": """", ""id"": 325866, ""resource_url"": ""https://api.discogs.com/artists/325866""}]",
10097790,1-18,track,The Worker In The Night,,"[{""name"": ""The Jets (4)"", ""anv"": """", ""join"": """", ""role"": """", ""tracks"": """", ""id"": 325866, ""resource_url"": ""https://api.discogs.com/artists/325866""}]",
10097790,1-19,track,I'm Sick Of Living,,"[{""name"": ""The Fallouts"", ""anv"": """", ""join"": """", ""role"": """", ""tracks"": """", ""id"": 1007486, ""resource_url"": ""https://api.discogs.com/artists/1007486""}]",
10097790,1-20,track,I've Been Waiting,,"[{""name"": ""The Fallouts"", ""anv"": """", ""join"": """", ""role"": """", ""tracks"": """", ""id"": 1007486, ""resource_url"": ""https://api.discogs.com/artists/1007486""}]",
10097790,1-21,track,Saturday Night,,"[{""name"": ""The Haigs"", ""anv"": ""Haigs"", ""join"": """", ""role"": """", ""tracks"": """", ""id"": 673913, ""resource_url"": ""https://api.discogs.com/artists/673913""}]",
10097790,1-22,track,You've Got It,,"[{""name"": ""The Haigs"", ""anv"": ""Haigs"", ""join"": """", ""role"": """", ""tracks"": """", ""id"": 673913, ""resource_url"": ""https://api.discogs.com/artists/673913""}]",
10097790,1-23,track,You're An Old Leaf,,"[{""name"": ""Names And Faces (2)"", ""anv"": """", ""join"": """", ""role"": """", ""tracks"": """", ""id"": 2119277, ""resource_url"": ""https://api.discogs.com/artists/2119277""}]",
10097790,1-24,track,Keep Smiling,,"[{""name"": ""Names And Faces (2)"", ""anv"": """", ""join"": """", ""role"": """", ""tracks"": """", ""id"": 2119277, ""resource_url"": ""https://api.discogs.com/artists/2119277""}]",
10097790,2-1,track,Marie-Juana,,"[{""name"": ""The Zipps"", ""anv"": ""Zipps"", ""join"": """", ""role"": """", ""tracks"": """", ""id"": 906304, ""resource_url"": ""https://api.discogs.com/artists/906304""}]",
10097790,2-2,track,"The Struggle For Ice-Cold Milk Of Benzi The Bass-player, Or How To Promote Original Dutch Milk",,"[{""name"": ""The Zipps"", ""anv"": ""Zipps"", ""join"": """", ""role"": """", ""tracks"": """", ""id"": 906304, ""resource_url"": ""https://api.discogs.com/artists/906304""}]",
10097790,2-3,track,Run Run Run,,"[{""name"": ""The Riats"", ""anv"": """", ""join"": """", ""role"": """", ""tracks"": """", ""id"": 1911899, ""resource_url"": ""https://api.discogs.com/artists/1911899""}]",
10097790,2-4,track,Sunday Morning,,"[{""name"": ""The Riats"", ""anv"": """", ""join"": """", ""role"": """", ""tracks"": """", ""id"": 1911899, ""resource_url"": ""https://api.discogs.com/artists/1911899""}]",
10097790,2-5,track,Join In,,"[{""name"": ""The Dukes (5)"", ""anv"": """", ""join"": """", ""role"": """", ""tracks"": """", ""id"": 1334758, ""resource_url"": ""https://api.discogs.com/artists/1334758""}]",
10097790,2-6,track,Blue Revelations,,"[{""name"": ""The Dukes (5)"", ""anv"": """", ""join"": """", ""role"": """", ""tracks"": """", ""id"": 1334758, ""resource_url"": ""https://api.discogs.com/artists/1334758""}]",
10097790,2-7,track,Last Week,,"[{""name"": ""Crash (14)"", ""anv"": """", ""join"": """", ""role"": """", ""tracks"": """", ""id"": 1199371, ""resource_url"": ""https://api.discogs.com/artists/1199371""}]",
10097790,2-8,track,One Rainy Day,,"[{""name"": ""Crash (14)"", ""anv"": """", ""join"": """", ""role"": """", ""tracks"": """", ""id"": 1199371, ""resource_url"": ""https://api.discogs.com/artists/1199371""}]",
10097790,2-9,track,Please Accept My Invitaion,,"[{""name"": ""Zen (8)"", ""anv"": """", ""join"": """", ""role"": """", ""tracks"": """", ""id"": 374630, ""resource_url"": ""https://api.discogs.com/artists/374630""}]",
10097790,2-10,track,Dark Days Of December,,"[{""name"": ""Zen (8)"", ""anv"": """", ""join"": """", ""role"": """", ""tracks"": """", ""id"": 374630, ""resource_url"": ""https://api.discogs.com/artists/374630""}]",
10097790,2-11,track,This World Is My World,,"[{""name"": ""The Nicols"", ""anv"": """", ""join"": """", ""role"": """", ""tracks"": """", ""id"": 1199361, ""resource_url"": ""https://api.discogs.com/artists/1199361""}]",
10097790,2-12,track,Fantasy Girl,,"[{""name"": ""The Nicols"", ""anv"": """", ""join"": """", ""role"": """", ""tracks"": """", ""id"": 1199361, ""resource_url"": ""https://api.discogs.com/artists/1199361""}]",
10097790,2-13,track,There's A Baby,,"[{""name"": ""The Boots"", ""anv"": ""Boots"", ""join"": """", ""role"": """", ""tracks"": """", ""id"": 312350, ""resource_url"": ""https://api.discogs.com/artists/312350""}]",
10097790,2-14,track,Time Doesn't Matter Anymore,,"[{""name"": ""The Boots"", ""anv"": ""Boots"", ""join"": """", ""role"": """", ""tracks"": """", ""id"": 312350, ""resource_url"": ""https://api.discogs.com/artists/312350""}]",
10097790,2-15,track,Murdock 9-6182,,"[{""name"": ""Alles"", ""anv"": """", ""join"": """", ""role"": """", ""tracks"": """", ""id"": 2441437, ""resource_url"": ""https://api.discogs.com/artists/2441437""}]",
10097790,2-16,track,Deus Bonus Est,,"[{""name"": ""Alles"", ""anv"": """", ""join"": """", ""role"": """", ""tracks"": """", ""id"": 2441437, ""resource_url"": ""https://api.discogs.com/artists/2441437""}]",
10097790,2-17,track,Captain Decker,,"[{""name"": ""The Tower"", ""anv"": """", ""join"": """", ""role"": """", ""tracks"": """", ""id"": 288860, ""resource_url"": ""https://api.discogs.com/artists/288860""}]",
10097790,2-18,track,Steps Into Space,,"[{""name"": ""The Tower"", ""anv"": """", ""join"": """", ""role"": """", ""tracks"": """", ""id"": 288860, ""resource_url"": ""https://api.discogs.com/artists/288860""}]",
10097790,2-19,track,The Silly One,,"[{""name"": ""Human Orchestra"", ""anv"": """", ""join"": """", ""role"": """", ""tracks"": """", ""id"": 2632892, ""resource_url"": ""https://api.discogs.com/artists/2632892""}]",
10097790,2-20,track,Sonmay (Bangkok Woman),,"[{""name"": ""Human Orchestra"", ""anv"": """", ""join"": """", ""role"": """", ""tracks"": """", ""id"": 2632892, ""resource_url"": ""https://api.discogs.com/artists/2632892""}]",
10097790,2-21,track,Thanks For The Love,,"[{""name"": ""George Cash"", ""anv"": """", ""join"": """", ""role"": """", ""tracks"": """", ""id"": 368477, ""resource_url"": ""https://api.discogs.com/artists/368477""}]",
10097790,2-22,track,Calling Out Your Name,,"[{""name"": ""George Cash"", ""anv"": """", ""join"": """", ""role"": """", ""tracks"": """", ""id"": 368477, ""resource_url"": ""https://api.discogs.com/artists/368477""}]",
10097790,2-23,track,The Sound Of A Back Street,,"[{""name"": ""Daddy's Act"", ""anv"": """", ""join"": """", ""role"": """", ""tracks"": """", ""id"": 1545685, ""resource_url"": ""https://api.discogs.com/artists/1545685""}]",
10097790,2-24,track,Look And Find,,"[{""name"": ""Daddy's Act"", ""anv"": """", ""join"": """", ""role"": """", ""tracks"": """", ""id"": 1545685, ""resource_url"": ""https://api.discogs.com/artists/1545685""}]",
1010154,A,track,"Baby, Come To Me",3:30,,"[{""name"": ""Quincy Jones"", ""anv"": """", ""join"": """", ""role"": ""Producer"", ""tracks"": """", ""id"": 17546, ""resource_url"": ""https://api.discogs.com/artists/17546""}, {""name"": ""James Ingram"", ""anv"": """", ""join"": """", ""role"": ""Vocals [Duet With]"", ""tracks"": """", ""id"": 4800, ""resource_url"": ""https://api.discogs.com/artists/4800""}, {""name"": ""Rod Temperton"", ""anv"": """", ""join"": """", ""role"": ""Written-By"", ""tracks"": """", ""id"": 148175, ""resource_url"": ""https://api.discogs.com/artists/148175""}]"
1010154,B,track,Solero,2:42,,"[{""name"": ""Patti Austin"", ""anv"": """", ""join"": """", ""role"": ""Written-By"", ""tracks"": """", ""id"": 25284, ""resource_url"": ""https://api.discogs.com/artists/25284""}, {""name"": ""Quincy Jones"", ""anv"": """", ""join"": """", ""role"": ""Written-By"", ""tracks"": """", ""id"": 17546, ""resource_url"": ""https://api.discogs.com/artists/17546""}]"
101026,A,track,No Limits (Hard Trance Mix),6:15,,
101026,B1,track,No Limits (Original Mix),6:07,,
101026,B2,track,No Limits (Ambient Dream Mix),6:00,,
10117670,1,track,Mu,4:30,,"[{""name"": ""James Jacson"", ""anv"": """", ""join"": """", ""role"": ""Percussion"", ""tracks"": """", ""id"": 263447, ""resource_url"": ""https://api.discogs.com/artists/263447""}, {""name"": ""Marshall Allen"", ""anv"": """", ""join"": """", ""role"": ""Percussion"", ""tracks"": """", ""id"": 252033, ""resource_url"": ""https://api.discogs.com/artists/252033""}, {""name"": ""Pat Patrick"", ""anv"": """", ""join"": """", ""role"": ""Percussion"", ""tracks"": """", ""id"": 252025, ""resource_url"": ""https://api.discogs.com/artists/252025""}]"
10117670,2,track,Lemuria,5:02,,"[{""name"": ""Danny Davis"", ""anv"": """", ""join"": """", ""role"": ""Alto Saxophone"", ""tracks"": """", ""id"": 252024, ""resource_url"": ""https://api.discogs.com/artists/252024""}, {""name"": ""Danny Ray Thompson"", ""anv"": ""Danny Thompson"", ""join"": """", ""role"": ""Alto Saxophone"", ""tracks"": """", ""id"": 252039, ""resource_url"": ""https://api.discogs.com/artists/252039""}, {""name"": ""Marshall Allen"", ""anv"": """", ""join"": """", ""role"": ""Alto Saxophone, Oboe, Flute [Jupiterian]"", ""tracks"": """", ""id"": 252033, ""resource_url"": ""https://api.discogs.com/artists/252033""}, {""name"": ""Pat Patrick"", ""anv"": """", ""join"": """", ""role"": ""Baritone Saxophone, Flute"", ""tracks"": """", ""id"": 252025, ""resource_url"": ""https://api.discogs.com/artists/252025""}, {""name"": ""Robert Cummings"", ""anv"": """", ""join"": """", ""role"": ""Bass Clarinet"", ""tracks"": """", ""id"": 256610, ""resource_url"": ""https://api.discogs.com/artists/256610""}, {""name"": ""Clifford Jarvis"", ""anv"": """", ""join"": """", ""role"": ""Drums"", ""tracks"": """", ""id"": 256606, ""resource_url"": ""https://api.discogs.com/artists/256606""}, {""name"": ""Robert Northern"", ""anv"": """", ""join"": """", ""role"": ""French Horn"", ""tracks"": """", ""id"": 356556, ""resource_url"": ""https://api.discogs.com/artists/356556""}, {""name"": ""Sun Ra"", ""anv"": """", ""join"": """", ""role"": ""Organ [Gibson Kalamazoo], Keyboards [Clavioline]"", ""tracks"": """", ""id"": 35328, ""resource_url"": ""https://api.discogs.com/artists/35328""}, {""name"": ""James Jacson"", ""anv"": """", ""join"": """", ""role"": ""Slit Drum [Log Drum]"", ""tracks"": """", ""id"": 263447, ""resource_url"": ""https://api.discogs.com/artists/263447""}, {""name"": ""Ali Hassan"", ""anv"": """", ""join"": """", ""role"": ""Trombone"", ""tracks"": """", ""id"": 256611, ""resource_url"": ""https://api.discogs.com/artists/256611""}, {""name"": ""Charles Stephens"", ""anv"": """", ""join"": """", ""role"": ""Trombone"", ""tracks"": """", ""id"": 340864, ""resource_url"": ""https://api.discogs.com/artists/340864""}, {""name"": ""Akh Tal Ebah"", ""anv"": """", ""join"": """", ""role"": ""Trumpet"", ""tracks"": """", ""id"": 252032, ""resource_url"": ""https://api.discogs.com/artists/252032""}, {""name"": ""Wayne Harris"", ""anv"": """", ""join"": """", ""role"": ""Trumpet"", ""tracks"": """", ""id"": 356554, ""resource_url"": ""https://api.discogs.com/artists/356554""}]"
10117670,3,track,Yucatan (Saturn Version),5:27,,
10117670,4,track,Yucatan (Impulse Version),3:38,,
10117670,5,track,Bimini,5:45,,
10117670,6,track,Atlantis,21:51,,
101339,A1,track,Limb By Limb (DJ SS Mix),,"[{""name"": ""Cutty Ranks"", ""anv"": """", ""join"": """", ""role"": """", ""tracks"": """", ""id"": 22506, ""resource_url"": ""https://api.discogs.com/artists/22506""}]","[{""name"": ""Fashion (2)"", ""anv"": """", ""join"": """", ""role"": ""Producer"", ""tracks"": """", ""id"": 194026, ""resource_url"": ""https://api.discogs.com/artists/194026""}, {""name"": ""Philip Thomas (2)"", ""anv"": ""P. Thomas"", ""join"": """", ""role"": ""Producer"", ""tracks"": """", ""id"": 723386, ""resource_url"": ""https://api.discogs.com/artists/723386""}, {""name"": ""DJ SS"", ""anv"": """", ""join"": """", ""role"": ""Remix"", ""tracks"": """", ""id"": 1409, ""resource_url"": ""https://api.discogs.com/artists/1409""}]"
101339,A2,track,Runnin's,,"[{""name"": ""H.M.P."", ""anv"": """", ""join"": """", ""role"": """", ""tracks"": """", ""id"": 8524, ""resource_url"": ""https://api.discogs.com/artists/8524""}]","[{""name"": ""Pascal"", ""anv"": """", ""join"": """", ""role"": ""Producer"", ""tracks"": """", ""id"": 1545, ""resource_url"": ""https://api.discogs.com/artists/1545""}, {""name"": ""Thomas Hogan"", ""anv"": ""Thomas"", ""join"": """", ""role"": ""Producer"", ""tracks"": """", ""id"": 2225300, ""resource_url"": ""https://api.discogs.com/artists/2225300""}]"
101339,A3,track,Anything Test (Exclusive Mix),,"[{""name"": ""Pure (5)"", ""anv"": """", ""join"": """", ""role"": """", ""tracks"": """", ""id"": 77232, ""resource_url"": ""https://api.discogs.com/artists/77232""}]","[{""name"": ""Swift & Zinc"", ""anv"": """", ""join"": """", ""role"": ""Producer"", ""tracks"": """", ""id"": 114505, ""resource_url"": ""https://api.discogs.com/artists/114505""}]"
101339,A4,track,Inspiration,,"[{""name"": ""M.T.S."", ""anv"": """", ""join"": """", ""role"": """", ""tracks"": """", ""id"": 2761, ""resource_url"": ""https://api.discogs.com/artists/2761""}]","[{""name"": ""Darren Hickey (2)"", ""anv"": ""D. Hickey"", ""join"": """", ""role"": ""Producer"", ""tracks"": """", ""id"": 511902, ""resource_url"": ""https://api.discogs.com/artists/511902""}, {""name"": ""Daz Ellis"", ""anv"": ""D. Ellis"", ""join"": """", ""role"": ""Producer"", ""tracks"": """", ""id"": 877291, ""resource_url"": ""https://api.discogs.com/artists/877291""}]"
101339,A5,track,Goes Round,,"[{""name"": ""Desired State"", ""anv"": """", ""join"": """", ""role"": """", ""tracks"": """", ""id"": 2170, ""resource_url"": ""https://api.discogs.com/artists/2170""}]","[{""name"": ""Andy C"", ""anv"": """", ""join"": """", ""role"": ""Producer"", ""tracks"": """", ""id"": 337, ""resource_url"": ""https://api.discogs.com/artists/337""}, {""name"": ""Ant Miles"", ""anv"": """", ""join"": """", ""role"": ""Producer"", ""tracks"": """", ""id"": 1633, ""resource_url"": ""https://api.discogs.com/artists/1633""}]"
101339,B1,track,Warp 9 Mr. Zulu (Hawaiian Tune),,"[{""name"": ""Rude Bwoy Monty"", ""anv"": """", ""join"": """", ""role"": """", ""tracks"": """", ""id"": 8531, ""resource_url"": ""https://api.discogs.com/artists/8531""}]","[{""name"": ""Rude Bwoy Monty"", ""anv"": ""Monty"", ""join"": """", ""role"": ""Producer"", ""tracks"": """", ""id"": 8531, ""resource_url"": ""https://api.discogs.com/artists/8531""}]"
101339,B2,track,Killa Sound (Krome & Time Remix),,"[{""name"": ""Johnny Jungle"", ""anv"": """", ""join"": """", ""role"": """", ""tracks"": """", ""id"": 16032, ""resource_url"": ""https://api.discogs.com/artists/16032""}]","[{""name"": ""Pascal"", ""anv"": """", ""join"": """", ""role"": ""Producer"", ""tracks"": """", ""id"": 1545, ""resource_url"": ""https://api.discogs.com/artists/1545""}, {""name"": ""Krome & Time"", ""anv"": """", ""join"": """", ""role"": ""Remix"", ""tracks"": """", ""id"": 8528, ""resource_url"": ""https://api.discogs.com/artists/8528""}]"
101339,B3,track,44 Mag,,"[{""name"": ""DJ Phantasy"", ""anv"": """", ""join"": """", ""role"": """", ""tracks"": """", ""id"": 1857, ""resource_url"": ""https://api.discogs.com/artists/1857""}]","[{""name"": ""DJ Phantasy"", ""anv"": """", ""join"": """", ""role"": ""Producer"", ""tracks"": """", ""id"": 1857, ""resource_url"": ""https://api.discogs.com/artists/1857""}]"
101339,B4,track,Back To Life (Exclusive Mix),,"[{""name"": ""JB"", ""anv"": """", ""join"": """", ""role"": """", ""tracks"": """", ""id"": 2171, ""resource_url"": ""https://api.discogs.com/artists/2171""}]","[{""name"": ""Jason Ball"", ""anv"": """", ""join"": """", ""role"": ""Producer"", ""tracks"": """", ""id"": 15609, ""resource_url"": ""https://api.discogs.com/artists/15609""}]"
101339,B5,track,Super Sharp Shooter,,"[{""name"": ""DJ Zinc"", ""anv"": """", ""join"": """", ""role"": """", ""tracks"": """", ""id"": 1398, ""resource_url"": ""https://api.discogs.com/artists/1398""}]","[{""name"": ""DJ Zinc"", ""anv"": """", ""join"": """", ""role"": ""Producer"", ""tracks"": """", ""id"": 1398, ""resource_url"": ""https://api.discogs.com/artists/1398""}]"
101339,C1,track,The Mash Up,,"[{""name"": ""The Outsider"", ""anv"": """", ""join"": """", ""role"": """", ""tracks"": """", ""id"": 25738, ""resource_url"": ""https://api.discogs.com/artists/25738""}]","[{""name"": ""Leroy Small"", ""anv"": ""L. Small"", ""join"": """", ""role"": ""Producer"", ""tracks"": """", ""id"": 39326, ""resource_url"": ""https://api.discogs.com/artists/39326""}]"
101339,C2,track,Change (Liftin' Spirits Mix),,"[{""name"": ""Andy C"", ""anv"": """", ""join"": """", ""role"": """", ""tracks"": """", ""id"": 337, ""resource_url"": ""https://api.discogs.com/artists/337""}]","[{""name"": ""Andy C"", ""anv"": """", ""join"": """", ""role"": ""Producer"", ""tracks"": """", ""id"": 337, ""resource_url"": ""https://api.discogs.com/artists/337""}, {""name"": ""Ant Miles"", ""anv"": """", ""join"": """", ""role"": ""Producer"", ""tracks"": """", ""id"": 1633, ""resource_url"": ""https://api.discogs.com/artists/1633""}, {""name"": ""Liftin' Spirits"", ""anv"": """", ""join"": """", ""role"": ""Remix"", ""tracks"": """", ""id"": 80270, ""resource_url"": ""https://api.discogs.com/artists/80270""}]"
101339,C3,track,Boogie Down,,"[{""name"": ""The Boogie Down Kru"", ""anv"": """", ""join"": """", ""role"": """", ""tracks"": """", ""id"": 71590, ""resource_url"": ""https://api.discogs.com/artists/71590""}]","[{""name"": ""Marvin Cain"", ""anv"": ""M. Cain"", ""join"": """", ""role"": ""Producer"", ""tracks"": """", ""id"": 776213, ""resource_url"": ""https://api.discogs.com/artists/776213""}]"
101339,C4,track,Sound Station,,"[{""name"": ""Sound Station"", ""anv"": """", ""join"": """", ""role"": """", ""tracks"": """", ""id"": 49741, ""resource_url"": ""https://api.discogs.com/artists/49741""}]","[{""name"": ""Lee Smith"", ""anv"": """", ""join"": """", ""role"": ""Producer"", ""tracks"": """", ""id"": 25740, ""resource_url"": ""https://api.discogs.com/artists/25740""}]"
101339,C5,track,Easy (Vol 6),,"[{""name"": ""Droppin' Science"", ""anv"": """", ""join"": """", ""role"": """", ""tracks"": """", ""id"": 8534, ""resource_url"": ""https://api.discogs.com/artists/8534""}]","[{""name"": ""Danny Breaks"", ""anv"": """", ""join"": """", ""role"": ""Producer"", ""tracks"": """", ""id"": 323, ""resource_url"": ""https://api.discogs.com/artists/323""}]"
101339,D1,track,O.G. Call,,"[{""name"": ""The Outlaw"", ""anv"": """", ""join"": """", ""role"": """", ""tracks"": """", ""id"": 71591, ""resource_url"": ""https://api.discogs.com/artists/71591""}]","[{""name"": ""Da Intalex"", ""anv"": """", ""join"": """", ""role"": ""Producer"", ""tracks"": """", ""id"": 54519, ""resource_url"": ""https://api.discogs.com/artists/54519""}, {""name"": ""The Outlaw"", ""anv"": """", ""join"": """", ""role"": ""Producer"", ""tracks"": """", ""id"": 71591, ""resource_url"": ""https://api.discogs.com/artists/71591""}]"
101339,D2,track,Rinse Out,,"[{""name"": ""Ganja Max"", ""anv"": """", ""join"": """", ""role"": """", ""tracks"": """", ""id"": 71592, ""resource_url"": ""https://api.discogs.com/artists/71592""}]","[{""name"": ""DJ Daddy"", ""anv"": """", ""join"": """", ""role"": ""Featuring"", ""tracks"": """", ""id"": 33983, ""resource_url"": ""https://api.discogs.com/artists/33983""}, {""name"": ""MC Fats"", ""anv"": """", ""join"": """", ""role"": ""Featuring"", ""tracks"": """", ""id"": 6919, ""resource_url"": ""https://api.discogs.com/artists/6919""}, {""name"": ""DJ Hype"", ""anv"": """", ""join"": """", ""role"": ""Producer"", ""tracks"": """", ""id"": 2323, ""resource_url"": ""https://api.discogs.com/artists/2323""}, {""name"": ""Ganja Max"", ""anv"": """", ""join"": """", ""role"": ""Producer"", ""tracks"": """", ""id"": 71592, ""resource_url"": ""https://api.discogs.com/artists/71592""}]"
101339,D3,track,Ja,,"[{""name"": ""Bizzy B"", ""anv"": """", ""join"": ""&"", ""role"": """", ""tracks"": """", ""id"": 54574, ""resource_url"": ""https://api.discogs.com/artists/54574""}, {""name"": ""Pugwash"", ""anv"": """", ""join"": """", ""role"": """", ""tracks"": """", ""id"": 44697, ""resource_url"": ""https://api.discogs.com/artists/44697""}]","[{""name"": ""Bizzy B"", ""anv"": """", ""join"": """", ""role"": ""Producer"", ""tracks"": """", ""id"": 54574, ""resource_url"": ""https://api.discogs.com/artists/54574""}, {""name"": ""Pugwash"", ""anv"": """", ""join"": """", ""role"": ""Producer"", ""tracks"": """", ""id"": 44697, ""resource_url"": ""https://api.discogs.com/artists/44697""}]"
101339,D4,track,Come Easy (Ant Miles Exclusive Mix),,"[{""name"": ""Run Tings"", ""anv"": """", ""join"": ""&"", ""role"": """", ""tracks"": """", ""id"": 18052, ""resource_url"": ""https://api.discogs.com/artists/18052""}, {""name"": ""Liftin' Spirits"", ""anv"": """", ""join"": """", ""role"": """", ""tracks"": """", ""id"": 80270, ""resource_url"": ""https://api.discogs.com/artists/80270""}]","[{""name"": ""Ant Miles"", ""anv"": """", ""join"": """", ""role"": ""Producer"", ""tracks"": """", ""id"": 1633, ""resource_url"": ""https://api.discogs.com/artists/1633""}, {""name"": ""Winston Meikle"", ""anv"": """", ""join"": """", ""role"": ""Producer"", ""tracks"": """", ""id"": 439432, ""resource_url"": ""https://api.discogs.com/artists/439432""}, {""name"": ""Ant Miles"", ""anv"": """", ""join"": """", ""role"": ""Remix"", ""tracks"": """", ""id"": 1633, ""resource_url"": ""https://api.discogs.com/artists/1633""}]"
101339,D5,track,Break It Down,,"[{""name"": ""L Double"", ""anv"": """", ""join"": """", ""role"": """", ""tracks"": """", ""id"": 7731, ""resource_url"": ""https://api.discogs.com/artists/7731""}]","[{""name"": ""L Double"", ""anv"": """", ""join"": """", ""role"": ""Producer"", ""tracks"": """", ""id"": 7731, ""resource_url"": ""https://api.discogs.com/artists/7731""}]"
1013755,A1,track,Untitled,,,
1013755,A2,track,Untitled,,,
1013755,A3,track,Untitled,,,
1013755,B1,track,City Of Glass,,,
1013755,B2,track,Short Circuit,,,
1013755,B3,track,Power T.V.,,,
10144284,1,track,Jingle Bell Rock,,,
10144284,2,track,Grown Up Christmas List,,,
1014630,1-01,track,Universal Nation (Original Mix),7:02,"[{""name"": ""Push"", ""anv"": """", ""join"": """", ""role"": """", ""tracks"": """", ""id"": 6010, ""resource_url"": ""https://api.discogs.com/artists/6010""}]","[{""name"": ""M.I.K.E."", ""anv"": """", ""join"": """", ""role"": ""Written-By"", ""tracks"": """", ""id"": 15108, ""resource_url"": ""https://api.discogs.com/artists/15108""}]"
1014630,1-02,track,Twixt (Original Mix),5:52,"[{""name"": ""Plastic Boy"", ""anv"": """", ""join"": """", ""role"": """", ""tracks"": """", ""id"": 17119, ""resource_url"": ""https://api.discogs.com/artists/17119""}]","[{""name"": ""M.I.K.E."", ""anv"": """", ""join"": """", ""role"": ""Written-By"", ""tracks"": """", ""id"": 15108, ""resource_url"": ""https://api.discogs.com/artists/15108""}]"
1014630,1-03,track,The Rebel (Original Mix),6:16,"[{""name"": ""Yves Deruyter"", ""anv"": """", ""join"": """", ""role"": """", ""tracks"": """", ""id"": 3638, ""resource_url"": ""https://api.discogs.com/artists/3638""}]","[{""name"": ""M.I.K.E."", ""anv"": """", ""join"": """", ""role"": ""Written-By"", ""tracks"": """", ""id"": 15108, ""resource_url"": ""https://api.discogs.com/artists/15108""}, {""name"": ""Yves Deruyter"", ""anv"": """", ""join"": """", ""role"": ""Written-By"", ""tracks"": """", ""id"": 3638, ""resource_url"": ""https://api.discogs.com/artists/3638""}]"
1014630,1-04,track,Workstation (M.I.K.E.'s Energized Mix),6:11,"[{""name"": ""DJ Looney Tune"", ""anv"": """", ""join"": """", ""role"": """", ""tracks"": """", ""id"": 13689, ""resource_url"": ""https://api.discogs.com/artists/13689""}]","[{""name"": ""M.I.K.E."", ""anv"": """", ""join"": """", ""role"": ""Remix"", ""tracks"": """", ""id"": 15108, ""resource_url"": ""https://api.discogs.com/artists/15108""}, {""name"": ""Ramses De Craene"", ""anv"": ""Ramses Decraene"", ""join"": """", ""role"": ""Written-By"", ""tracks"": """", ""id"": 14289, ""resource_url"": ""https://api.discogs.com/artists/14289""}]"
1014630,1-05,track,Unlovable (M.I.K.E. Remix),7:18,"[{""name"": ""Quadran"", ""anv"": """", ""join"": ""Featuring"", ""role"": """", ""tracks"": """", ""id"": 24368, ""resource_url"": ""https://api.discogs.com/artists/24368""}, {""name"": ""Tasha"", ""anv"": """", ""join"": """", ""role"": """", ""tracks"": """", ""id"": 78548, ""resource_url"": ""https://api.discogs.com/artists/78548""}]","[{""name"": ""M.I.K.E."", ""anv"": """", ""join"": """", ""role"": ""Remix"", ""tracks"": """", ""id"": 15108, ""resource_url"": ""https://api.discogs.com/artists/15108""}, {""name"": ""Tasha"", ""anv"": """", ""join"": """", ""role"": ""Vocals"", ""tracks"": """", ""id"": 78548, ""resource_url"": ""https://api.discogs.com/artists/78548""}, {""name"": ""Philippe Van Mullem"", ""anv"": """", ""join"": """", ""role"": ""Written-By"", ""tracks"": """", ""id"": 14386, ""resource_url"": ""https://api.discogs.com/artists/14386""}, {""name"": ""Tasha"", ""anv"": ""Tasha Joan Paul"", ""join"": """", ""role"": ""Written-By"", ""tracks"": """", ""id"": 78548, ""resource_url"": ""https://api.discogs.com/artists/78548""}]"
1014630,1-06,track,Tranzy State Of Mind (Club Mix),6:13,"[{""name"": ""Push"", ""anv"": """", ""join"": """", ""role"": """", ""tracks"": """", ""id"": 6010, ""resource_url"": ""https://api.discogs.com/artists/6010""}]","[{""name"": ""M.I.K.E."", ""anv"": """", ""join"": """", ""role"": ""Written-By"", ""tracks"": """", ""id"": 15108, ""resource_url"": ""https://api.discogs.com/artists/15108""}]"
1014630,1-07,track,Time Never Stops (Original Mix),6:31,"[{""name"": ""The Blackmaster"", ""anv"": """", ""join"": """", ""role"": """", ""tracks"": """", ""id"": 13920, ""resource_url"": ""https://api.discogs.com/artists/13920""}]","[{""name"": ""M.I.K.E."", ""anv"": """", ""join"": """", ""role"": ""Written-By"", ""tracks"": """", ""id"": 15108, ""resource_url"": ""https://api.discogs.com/artists/15108""}]"
1014630,1-08,track,Walking In Sunshine (Cass & Slide Remix),6:36,"[{""name"": ""Velvet Girl"", ""anv"": """", ""join"": """", ""role"": """", ""tracks"": """", ""id"": 14385, ""resource_url"": ""https://api.discogs.com/artists/14385""}]","[{""name"": ""Cass & Slide"", ""anv"": """", ""join"": """", ""role"": ""Remix"", ""tracks"": """", ""id"": 1763, ""resource_url"": ""https://api.discogs.com/artists/1763""}, {""name"": ""L-Vee"", ""anv"": """", ""join"": """", ""role"": ""Written-By"", ""tracks"": """", ""id"": 12264, ""resource_url"": ""https://api.discogs.com/artists/12264""}]"
1014630,1-09,track,Why? (Nick Pilon Mix),6:24,"[{""name"": ""Lolo"", ""anv"": """", ""join"": """", ""role"": """", ""tracks"": """", ""id"": 54719, ""resource_url"": ""https://api.discogs.com/artists/54719""}]","[{""name"": ""Nick Pilon"", ""anv"": """", ""join"": """", ""role"": ""Remix"", ""tracks"": """", ""id"": 328784, ""resource_url"": ""https://api.discogs.com/artists/328784""}, {""name"": ""L-Vee"", ""anv"": """", ""join"": """", ""role"": ""Written-By"", ""tracks"": """", ""id"": 12264, ""resource_url"": ""https://api.discogs.com/artists/12264""}]"
1014630,1-10,track,To The Rhythm (Signum Remix Edit),4:57,"[{""name"": ""Yves Deruyter"", ""anv"": """", ""join"": """", ""role"": """", ""tracks"": """", ""id"": 3638, ""resource_url"": ""https://api.discogs.com/artists/3638""}]","[{""name"": ""Signum"", ""anv"": """", ""join"": """", ""role"": ""Remix"", ""tracks"": """", ""id"": 4629, ""resource_url"": ""https://api.discogs.com/artists/4629""}, {""name"": ""M.I.K.E."", ""anv"": """", ""join"": """", ""role"": ""Written-By"", ""tracks"": """", ""id"": 15108, ""resource_url"": ""https://api.discogs.com/artists/15108""}, {""name"": ""Yves Deruyter"", ""anv"": """", ""join"": """", ""role"": ""Written-By"", ""tracks"": """", ""id"": 3638, ""resource_url"": ""https://api.discogs.com/artists/3638""}]"
1014630,1-11,track,The Legacy (2001 Remake),7:19,"[{""name"": ""Push"", ""anv"": """", ""join"": """", ""role"": """", ""tracks"": """", ""id"": 6010, ""resource_url"": ""https://api.discogs.com/artists/6010""}]","[{""name"": ""M.I.K.E."", ""anv"": """", ""join"": """", ""role"": ""Written-By"", ""tracks"": """", ""id"": 15108, ""resource_url"": ""https://api.discogs.com/artists/15108""}]"
1014630,1-12,track,What Time Is Love (Inspired Mix),6:03,"[{""name"": ""Antidote"", ""anv"": """", ""join"": """", ""role"": """", ""tracks"": """", ""id"": 167863, ""resource_url"": ""https://api.discogs.com/artists/167863""}]","[{""name"": ""Bill Drummond"", ""anv"": ""Drummond"", ""join"": """", ""role"": ""Written-By"", ""tracks"": """", ""id"": 149534, ""resource_url"": ""https://api.discogs.com/artists/149534""}, {""name"": ""Jimmy Cauty"", ""anv"": ""J. Cauty"", ""join"": """", ""role"": ""Written-By"", ""tracks"": """", ""id"": 47965, ""resource_url"": ""https://api.discogs.com/artists/47965""}]"
1014630,2-01,track,Ladyblue (Album Mix),4:34,"[{""name"": ""Airwave"", ""anv"": """", ""join"": """", ""role"": """", ""tracks"": """", ""id"": 66764, ""resource_url"": ""https://api.discogs.com/artists/66764""}]","[{""name"": ""L-Vee"", ""anv"": """", ""join"": """", ""role"": ""Written-By"", ""tracks"": """", ""id"": 12264, ""resource_url"": ""https://api.discogs.com/artists/12264""}]"
1014630,2-02,track,Final Fantasy (Vocal Club Mix),6:14,"[{""name"": ""Extreme Trax"", ""anv"": """", ""join"": """", ""role"": """", ""tracks"": """", ""id"": 16699, ""resource_url"": ""https://api.discogs.com/artists/16699""}]","[{""name"": ""M.I.K.E."", ""anv"": """", ""join"": """", ""role"": ""Written-By"", ""tracks"": """", ""id"": 15108, ""resource_url"": ""https://api.discogs.com/artists/15108""}, {""name"": ""Yves Deruyter"", ""anv"": """", ""join"": """", ""role"": ""Written-By"", ""tracks"": """", ""id"": 3638, ""resource_url"": ""https://api.discogs.com/artists/3638""}]"
1014630,2-03,track,Free Your Mind (Original Mix),6:19,"[{""name"": ""Quadran"", ""anv"": """", ""join"": """", ""role"": """", ""tracks"": """", ""id"": 24368, ""resource_url"": ""https://api.discogs.com/artists/24368""}]","[{""name"": ""Philippe Van Mullem"", ""anv"": """", ""join"": """", ""role"": ""Written-By"", ""tracks"": """", ""id"": 14386, ""resource_url"": ""https://api.discogs.com/artists/14386""}]"
1014630,2-04,track,It's Time (Antidote's Elektrified Remix),7:55,"[{""name"": ""Latigidi"", ""anv"": """", ""join"": """", ""role"": """", ""tracks"": """", ""id"": 191275, ""resource_url"": ""https://api.discogs.com/artists/191275""}]","[{""name"": ""Antidote"", ""anv"": """", ""join"": """", ""role"": ""Remix"", ""tracks"": """", ""id"": 167863, ""resource_url"": ""https://api.discogs.com/artists/167863""}, {""name"": ""Joost van der Vleuten"", ""anv"": """", ""join"": """", ""role"": ""Written-By"", ""tracks"": """", ""id"": 478738, ""resource_url"": ""https://api.discogs.com/artists/478738""}]"
1014630,2-05,track,Para Siempre (Original Mix),6:06,"[{""name"": ""Fire & Ice"", ""anv"": """", ""join"": """", ""role"": """", ""tracks"": """", ""id"": 12260, ""resource_url"": ""https://api.discogs.com/artists/12260""}]","[{""name"": ""DJ Fire"", ""anv"": """", ""join"": """", ""role"": ""Written-By"", ""tracks"": """", ""id"": 33974, ""resource_url"": ""https://api.discogs.com/artists/33974""}, {""name"": ""L-Vee"", ""anv"": """", ""join"": """", ""role"": ""Written-By"", ""tracks"": """", ""id"": 12264, ""resource_url"": ""https://api.discogs.com/artists/12264""}]"
1014630,2-06,track,Hit The Bang (Original Mix),5:32,"[{""name"": ""Groove Park"", ""anv"": """", ""join"": """", ""role"": """", ""tracks"": """", ""id"": 35167, ""resource_url"": ""https://api.discogs.com/artists/35167""}]","[{""name"": ""André Strässer"", ""anv"": """", ""join"": """", ""role"": ""Written-By"", ""tracks"": """", ""id"": 556937, ""resource_url"": ""https://api.discogs.com/artists/556937""}, {""name"": ""Sharam Jey"", ""anv"": ""Sharam Jey Khososi"", ""join"": """", ""role"": ""Written-By"", ""tracks"": """", ""id"": 8982, ""resource_url"": ""https://api.discogs.com/artists/8982""}]"
1014630,2-07,track,Jumpin' & Pumpin' (M.I.K.E.'s Jammed Remix),6:47,"[{""name"": ""DJ Looney Tune"", ""anv"": """", ""join"": """", ""role"": """", ""tracks"": """", ""id"": 13689, ""resource_url"": ""https://api.discogs.com/artists/13689""}]","[{""name"": ""M.I.K.E."", ""anv"": """", ""join"": """", ""role"": ""Remix"", ""tracks"": """", ""id"": 15108, ""resource_url"": ""https://api.discogs.com/artists/15108""}, {""name"": ""Ramses De Craene"", ""anv"": ""Ramses Decraene"", ""join"": """", ""role"": ""Written-By"", ""tracks"": """", ""id"": 14289, ""resource_url"": ""https://api.discogs.com/artists/14289""}]"
1014630,2-08,track,Generator (Power Club Mix),7:40,"[{""name"": ""Parker & Clind"", ""anv"": """", ""join"": """", ""role"": """", ""tracks"": """", ""id"": 6435, ""resource_url"": ""https://api.discogs.com/artists/6435""}]","[{""name"": ""Annie Hedison"", ""anv"": """", ""join"": """", ""role"": ""Written By"", ""tracks"": """", ""id"": 0, ""resource_url"": """"}, {""name"": ""Stephen Parker"", ""anv"": """", ""join"": """", ""role"": ""Written-By"", ""tracks"": """", ""id"": 18941, ""resource_url"": ""https://api.discogs.com/artists/18941""}, {""name"": ""Stéphane Peclow"", ""anv"": """", ""join"": """", ""role"": ""Written-By [uncredited]"", ""tracks"": """", ""id"": 586992, ""resource_url"": ""https://api.discogs.com/artists/586992""}]"
1014630,2-09,track,Industry (Original Mix),5:19,"[{""name"": ""The Green Martian"", ""anv"": """", ""join"": """", ""role"": """", ""tracks"": """", ""id"": 13762, ""resource_url"": ""https://api.discogs.com/artists/13762""}]","[{""name"": ""L-Vee"", ""anv"": """", ""join"": """", ""role"": ""Written-By"", ""tracks"": """", ""id"": 12264, ""resource_url"": ""https://api.discogs.com/artists/12264""}]"
1014630,2-10,track,Feel Free (Original Radio Mix),4:19,"[{""name"": ""Yves Deruyter"", ""anv"": """", ""join"": """", ""role"": """", ""tracks"": """", ""id"": 3638, ""resource_url"": ""https://api.discogs.com/artists/3638""}]","[{""name"": ""M.I.K.E."", ""anv"": """", ""join"": """", ""role"": ""Written-By"", ""tracks"": """", ""id"": 15108, ""resource_url"": ""https://api.discogs.com/artists/15108""}, {""name"": ""Yves Deruyter"", ""anv"": """", ""join"": """", ""role"": ""Written-By"", ""tracks"": """", ""id"": 3638, ""resource_url"": ""https://api.discogs.com/artists/3638""}]"
1014630,2-11,track,Innerspace (Original Mix),7:31,"[{""name"": ""Airwave"", ""anv"": """", ""join"": """", ""role"": """", ""tracks"": """", ""id"": 66764, ""resource_url"": ""https://api.discogs.com/artists/66764""}]","[{""name"": ""L-Vee"", ""anv"": """", ""join"": """", ""role"": ""Written-By"", ""tracks"": """", ""id"": 12264, ""resource_url"": ""https://api.discogs.com/artists/12264""}]"
1014630,2-12,track,Let There Be House (Original Mix),8:08,"[{""name"": ""Cherry Moon Trax"", ""anv"": ""Cherrymoon Trax"", ""join"": """", ""role"": """", ""tracks"": """", ""id"": 204050, ""resource_url"": ""https://api.discogs.com/artists/204050""}]","[{""name"": ""Axel Stephenson"", ""anv"": ""A. Stephenson"", ""join"": """", ""role"": ""Written-By"", ""tracks"": """", ""id"": 45707, ""resource_url"": ""https://api.discogs.com/artists/45707""}, {""name"": ""Franky Kloeck"", ""anv"": """", ""join"": """", ""role"": ""Written-By"", ""tracks"": """", ""id"": 54312, ""resource_url"": ""https://api.discogs.com/artists/54312""}, {""name"": ""Yves Deruyter"", ""anv"": """", ""join"": """", ""role"": ""Written-By"", ""tracks"": """", ""id"": 3638, ""resource_url"": ""https://api.discogs.com/artists/3638""}]"
1014630,3-01,track,Strange World (2000 Remake),6:49,"[{""name"": ""Push"", ""anv"": """", ""join"": """", ""role"": """", ""tracks"": """", ""id"": 6010, ""resource_url"": ""https://api.discogs.com/artists/6010""}]","[{""name"": ""M.I.K.E."", ""anv"": """", ""join"": """", ""role"": ""Written-By"", ""tracks"": """", ""id"": 15108, ""resource_url"": ""https://api.discogs.com/artists/15108""}]"
1014630,3-02,track,Save Me (Original Mix),6:19,"[{""name"": ""Airwave"", ""anv"": """", ""join"": """", ""role"": """", ""tracks"": """", ""id"": 66764, ""resource_url"": ""https://api.discogs.com/artists/66764""}]","[{""name"": ""L-Vee"", ""anv"": """", ""join"": """", ""role"": ""Written-By"", ""tracks"": """", ""id"": 12264, ""resource_url"": ""https://api.discogs.com/artists/12264""}]"
1014630,3-03,track,Sexdrive (M & B's Instructor Mix),6:31,"[{""name"": ""Private Productions"", ""anv"": """", ""join"": """", ""role"": """", ""tracks"": """", ""id"": 5583, ""resource_url"": ""https://api.discogs.com/artists/5583""}]","[{""name"": ""M.I.K.E."", ""anv"": """", ""join"": """", ""role"": ""Remix"", ""tracks"": """", ""id"": 15108, ""resource_url"": ""https://api.discogs.com/artists/15108""}, {""name"": ""Marnix B"", ""anv"": """", ""join"": """", ""role"": ""Remix"", ""tracks"": """", ""id"": 14500, ""resource_url"": ""https://api.discogs.com/artists/14500""}, {""name"": ""Orthodox"", ""anv"": """", ""join"": """", ""role"": ""Written-By"", ""tracks"": """", ""id"": 50799, ""resource_url"": ""https://api.discogs.com/artists/50799""}]"
1014630,3-04,track,Proglifter (Original Mix),6:57,"[{""name"": ""Cape Town"", ""anv"": """", ""join"": """", ""role"": """", ""tracks"": """", ""id"": 28015, ""resource_url"": ""https://api.discogs.com/artists/28015""}]","[{""name"": ""L-Vee"", ""anv"": """", ""join"": """", ""role"": ""Written-By"", ""tracks"": """", ""id"": 12264, ""resource_url"": ""https://api.discogs.com/artists/12264""}, {""name"": ""Ludovic Meyer"", ""anv"": """", ""join"": """", ""role"": ""Written-By"", ""tracks"": """", ""id"": 535865, ""resource_url"": ""https://api.discogs.com/artists/535865""}]"
1014630,3-05,track,Religion (Original Mix),6:17,"[{""name"": ""DJ Fire"", ""anv"": """", ""join"": """", ""role"": """", ""tracks"": """", ""id"": 33974, ""resource_url"": ""https://api.discogs.com/artists/33974""}]","[{""name"": ""DJ Fire"", ""anv"": """", ""join"": """", ""role"": ""Written-By"", ""tracks"": """", ""id"": 33974, ""resource_url"": ""https://api.discogs.com/artists/33974""}, {""name"": ""L-Vee"", ""anv"": """", ""join"": """", ""role"": ""Written-By"", ""tracks"": """", ""id"": 12264, ""resource_url"": ""https://api.discogs.com/artists/12264""}]"
1014630,3-06,track,Sixty Nine Ways (Original Mix),4:34,"[{""name"": ""Cloud 69"", ""anv"": """", ""join"": """", ""role"": """", ""tracks"": """", ""id"": 27073, ""resource_url"": ""https://api.discogs.com/artists/27073""}]","[{""name"": ""Larry Laffer"", ""anv"": """", ""join"": """", ""role"": ""Written-By"", ""tracks"": """", ""id"": 151452, ""resource_url"": ""https://api.discogs.com/artists/151452""}]"
1014630,3-07,track,Silver Bath (Original Mix),7:47,"[{""name"": ""Plastic Boy"", ""anv"": """", ""join"": """", ""role"": """", ""tracks"": """", ""id"": 17119, ""resource_url"": ""https://api.discogs.com/artists/17119""}]","[{""name"": ""M.I.K.E."", ""anv"": """", ""join"": """", ""role"": ""Written-By"", ""tracks"": """", ""id"": 15108, ""resource_url"": ""https://api.discogs.com/artists/15108""}]"
1014630,3-08,track,Sunrise At Palamos (Original Mix),7:34,"[{""name"": ""M.I.K.E."", ""anv"": """", ""join"": """", ""role"": """", ""tracks"": """", ""id"": 15108, ""resource_url"": ""https://api.discogs.com/artists/15108""}]","[{""name"": ""M.I.K.E."", ""anv"": """", ""join"": """", ""role"": ""Written-By"", ""tracks"": """", ""id"": 15108, ""resource_url"": ""https://api.discogs.com/artists/15108""}]"
1014630,3-09,track,Sleepless (Original Mix),5:54,"[{""name"": ""Body-Shock"", ""anv"": """", ""join"": """", ""role"": """", ""tracks"": """", ""id"": 13779, ""resource_url"": ""https://api.discogs.com/artists/13779""}]","[{""name"": ""Bjorn Wendelen"", ""anv"": """", ""join"": """", ""role"": ""Written-By"", ""tracks"": """", ""id"": 370107, ""resource_url"": ""https://api.discogs.com/artists/370107""}, {""name"": ""L-Vee"", ""anv"": """", ""join"": """", ""role"": ""Written-By"", ""tracks"": """", ""id"": 12264, ""resource_url"": ""https://api.discogs.com/artists/12264""}]"
1014630,3-10,track,The First Rebirth (Original Mix),5:59,"[{""name"": ""Jones & Stephenson"", ""anv"": """", ""join"": """", ""role"": """", ""tracks"": """", ""id"": 6095, ""resource_url"": ""https://api.discogs.com/artists/6095""}]","[{""name"": ""Axel Stephenson"", ""anv"": """", ""join"": """", ""role"": ""Written-By"", ""tracks"": """", ""id"": 45707, ""resource_url"": ""https://api.discogs.com/artists/45707""}, {""name"": ""Frank Sels"", ""anv"": """", ""join"": """", ""role"": ""Written-By"", ""tracks"": """", ""id"": 113311, ""resource_url"": ""https://api.discogs.com/artists/113311""}]"
1014630,3-11,track,The House Of House (Original Mix),6:35,"[{""name"": ""Cherry Moon Trax"", ""anv"": ""Cherrymoon Trax"", ""join"": """", ""role"": """", ""tracks"": """", ""id"": 204050, ""resource_url"": ""https://api.discogs.com/artists/204050""}]","[{""name"": ""Axel Stephenson"", ""anv"": """", ""join"": """", ""role"": ""Written-By"", ""tracks"": """", ""id"": 45707, ""resource_url"": ""https://api.discogs.com/artists/45707""}, {""name"": ""Franky Kloeck"", ""anv"": """", ""join"": """", ""role"": ""Written-By"", ""tracks"": """", ""id"": 54312, ""resource_url"": ""https://api.discogs.com/artists/54312""}, {""name"": ""Yves Deruyter"", ""anv"": """", ""join"": """", ""role"": ""Written-By"", ""tracks"": """", ""id"": 3638, ""resource_url"": ""https://api.discogs.com/artists/3638""}]"
1014630,3-12,track,Born Slippy (Original Mix),4:28,"[{""name"": ""Yves Deruyter"", ""anv"": """", ""join"": """", ""role"": """", ""tracks"": """", ""id"": 3638, ""resource_url"": ""https://api.discogs.com/artists/3638""}]","[{""name"": ""Darren Emerson"", ""anv"": ""Emerson"", ""join"": """", ""role"": ""Written-By"", ""tracks"": """", ""id"": 2906, ""resource_url"": ""https://api.discogs.com/artists/2906""}, {""name"": ""Karl Hyde"", ""anv"": ""Hyde"", ""join"": """", ""role"": ""Written-By"", ""tracks"": """", ""id"": 39117, ""resource_url"": ""https://api.discogs.com/artists/39117""}, {""name"": ""Rick Smith"", ""anv"": ""Smith"", ""join"": """", ""role"": ""Written-By"", ""tracks"": """", ""id"": 6522, ""resource_url"": ""https://api.discogs.com/artists/6522""}]"
1014630,4-01,track,Calling Earth (Original Mix),6:22,"[{""name"": ""Yves Deruyter"", ""anv"": """", ""join"": """", ""role"": """", ""tracks"": """", ""id"": 3638, ""resource_url"": ""https://api.discogs.com/artists/3638""}]","[{""name"": ""Frederico Santini"", ""anv"": """", ""join"": """", ""role"": ""Written-By"", ""tracks"": """", ""id"": 85463, ""resource_url"": ""https://api.discogs.com/artists/85463""}, {""name"": ""Yves Deruyter"", ""anv"": """", ""join"": """", ""role"": ""Written-By"", ""tracks"": """", ""id"": 3638, ""resource_url"": ""https://api.discogs.com/artists/3638""}]"
1014630,4-02,track,Above The Sky (Original Mix),6:43,"[{""name"": ""Airwave"", ""anv"": """", ""join"": """", ""role"": """", ""tracks"": """", ""id"": 66764, ""resource_url"": ""https://api.discogs.com/artists/66764""}]","[{""name"": ""L-Vee"", ""anv"": """", ""join"": """", ""role"": ""Written-By"", ""tracks"": """", ""id"": 12264, ""resource_url"": ""https://api.discogs.com/artists/12264""}]"
1014630,4-03,track,Dead Cities (Original Mix),6:41,"[{""name"": ""V-One"", ""anv"": """", ""join"": """", ""role"": """", ""tracks"": """", ""id"": 6283, ""resource_url"": ""https://api.discogs.com/artists/6283""}]","[{""name"": ""L-Vee"", ""anv"": """", ""join"": """", ""role"": ""Written-By"", ""tracks"": """", ""id"": 12264, ""resource_url"": ""https://api.discogs.com/artists/12264""}]"
1014630,4-04,track,Back To Earth (Rave Mix),3:56,"[{""name"": ""Yves Deruyter"", ""anv"": """", ""join"": """", ""role"": """", ""tracks"": """", ""id"": 3638, ""resource_url"": ""https://api.discogs.com/artists/3638""}]","[{""name"": ""M.I.K.E."", ""anv"": """", ""join"": """", ""role"": ""Written-By"", ""tracks"": """", ""id"": 15108, ""resource_url"": ""https://api.discogs.com/artists/15108""}, {""name"": ""Yves Deruyter"", ""anv"": """", ""join"": """", ""role"": ""Written-By"", ""tracks"": """", ""id"": 3638, ""resource_url"": ""https://api.discogs.com/artists/3638""}]"
1014630,4-05,track,Alone In The Dark (Original Mix),6:30,"[{""name"": ""Airwave"", ""anv"": """", ""join"": """", ""role"": """", ""tracks"": """", ""id"": 66764, ""resource_url"": ""https://api.discogs.com/artists/66764""}]","[{""name"": ""L-Vee"", ""anv"": """", ""join"": """", ""role"": ""Written-By"", ""tracks"": """", ""id"": 12264, ""resource_url"": ""https://api.discogs.com/artists/12264""}]"
1014630,4-06,track,Boots On The Run (Original Mix),5:17,"[{""name"": ""Insider"", ""anv"": """", ""join"": """", ""role"": """", ""tracks"": """", ""id"": 4399, ""resource_url"": ""https://api.discogs.com/artists/4399""}]","[{""name"": ""Kris Vanderheyden"", ""anv"": """", ""join"": """", ""role"": ""Written-By"", ""tracks"": """", ""id"": 47615, ""resource_url"": ""https://api.discogs.com/artists/47615""}, {""name"": ""Olivier Pieters"", ""anv"": """", ""join"": """", ""role"": ""Written-By"", ""tracks"": """", ""id"": 53902, ""resource_url"": ""https://api.discogs.com/artists/53902""}]"
1014630,4-07,track,Deepest Jungle (Original Mix),6:50,"[{""name"": ""M.I.K.E."", ""anv"": """", ""join"": """", ""role"": """", ""tracks"": """", ""id"": 15108, ""resource_url"": ""https://api.discogs.com/artists/15108""}]","[{""name"": ""M.I.K.E."", ""anv"": """", ""join"": """", ""role"": ""Written-By"", ""tracks"": """", ""id"": 15108, ""resource_url"": ""https://api.discogs.com/artists/15108""}]"
1014630,4-08,track,Broken (Fire & Ice Remix),5:53,"[{""name"": ""Freebase"", ""anv"": """", ""join"": """", ""role"": """", ""tracks"": """", ""id"": 17946, ""resource_url"": ""https://api.discogs.com/artists/17946""}]","[{""name"": ""Fire & Ice"", ""anv"": """", ""join"": """", ""role"": ""Remix"", ""tracks"": """", ""id"": 12260, ""resource_url"": ""https://api.discogs.com/artists/12260""}, {""name"": ""M.I.K.E."", ""anv"": """", ""join"": """", ""role"": ""Written-By"", ""tracks"": """", ""id"": 15108, ""resource_url"": ""https://api.discogs.com/artists/15108""}, {""name"": ""Pascal Quatretemps"", ""anv"": """", ""join"": """", ""role"": ""Written-By"", ""tracks"": """", ""id"": 550294, ""resource_url"": ""https://api.discogs.com/artists/550294""}]"
1014630,4-09,track,Cybertrance (Original Mix),5:25,"[{""name"": ""Blue Alphabet"", ""anv"": """", ""join"": """", ""role"": """", ""tracks"": """", ""id"": 13749, ""resource_url"": ""https://api.discogs.com/artists/13749""}]","[{""name"": ""Axel Stephenson"", ""anv"": """", ""join"": """", ""role"": ""Written-By"", ""tracks"": """", ""id"": 45707, ""resource_url"": ""https://api.discogs.com/artists/45707""}, {""name"": ""João Neto & Frederico"", ""anv"": """", ""join"": """", ""role"": ""Written-By"", ""tracks"": """", ""id"": 1430793, ""resource_url"": ""https://api.discogs.com/artists/1430793""}]"
1014630,4-10,track,Desire (Power Mix),6:15,"[{""name"": ""E.N.E.R.G.Y."", ""anv"": """", ""join"": """", ""role"": """", ""tracks"": """", ""id"": 16698, ""resource_url"": ""https://api.discogs.com/artists/16698""}]","[{""name"": ""Jurgen Leyers"", ""anv"": """", ""join"": """", ""role"": ""Written-By"", ""tracks"": """", ""id"": 245828, ""resource_url"": ""https://api.discogs.com/artists/245828""}, {""name"": ""L-Vee"", ""anv"": """", ""join"": """", ""role"": ""Written-By"", ""tracks"": """", ""id"": 12264, ""resource_url"": ""https://api.discogs.com/artists/12264""}]"
1014630,4-11,track,Don't You Know (Antidote's Quadridote Remix),7:47,"[{""name"": ""Quadran"", ""anv"": """", ""join"": """", ""role"": """", ""tracks"": """", ""id"": 24368, ""resource_url"": ""https://api.discogs.com/artists/24368""}]","[{""name"": ""Antidote"", ""anv"": """", ""join"": """", ""role"": ""Remix"", ""tracks"": """", ""id"": 167863, ""resource_url"": ""https://api.discogs.com/artists/167863""}, {""name"": ""Philippe Van Mullem"", ""anv"": """", ""join"": """", ""role"": ""Written-By"", ""tracks"": """", ""id"": 14386, ""resource_url"": ""https://api.discogs.com/artists/14386""}]"
1014630,4-12,track,Eternally (Dance Mix),6:54,"[{""name"": ""Quadran"", ""anv"": """", ""join"": """", ""role"": """", ""tracks"": """", ""id"": 24368, ""resource_url"": ""https://api.discogs.com/artists/24368""}]","[{""name"": ""Philippe Van Mullem"", ""anv"": """", ""join"": """", ""role"": ""Written-By"", ""tracks"": """", ""id"": 14386, ""resource_url"": ""https://api.discogs.com/artists/14386""}]"
1017133,,heading,1981,,"[{""name"": ""Unknown Artist"", ""anv"": """", ""join"": """", ""role"": """", ""tracks"": """", ""id"": 355, ""resource_url"": ""https://api.discogs.com/artists/355""}]","[{""name"": ""Nile Rodgers"", ""anv"": """", ""join"": """", ""role"": ""Featuring"", ""tracks"": """", ""id"": 49758, ""resource_url"": ""https://api.discogs.com/artists/49758""}]"
1017133,1-1,track,Jingle,,"[{""name"": ""Jefferson Airplane"", ""anv"": """", ""join"": """", ""role"": """", ""tracks"": """", ""id"": 58687, ""resource_url"": ""https://api.discogs.com/artists/58687""}]","[{""name"": ""Bernard Fowler"", ""anv"": """", ""join"": """", ""role"": ""Featuring"", ""tracks"": """", ""id"": 14400, ""resource_url"": ""https://api.discogs.com/artists/14400""}]"
1017133,1-2,track,White Rabbit,2:31,"[{""name"": ""Tuxedomoon"", ""anv"": """", ""join"": """", ""role"": """", ""tracks"": """", ""id"": 6268, ""resource_url"": ""https://api.discogs.com/artists/6268""}]","[{""name"": ""Afrika Bambaataa"", ""anv"": """", ""join"": """", ""role"": ""Featuring"", ""tracks"": """", ""id"": 17531, ""resource_url"": ""https://api.discogs.com/artists/17531""}]"
1017133,1-3,track,Jinx,4:00,"[{""name"": ""Les Tueurs De La Lune De Miel"", ""anv"": """", ""join"": """", ""role"": """", ""tracks"": """", ""id"": 279017, ""resource_url"": ""https://api.discogs.com/artists/279017""}]","[{""name"": ""Afrika Bambaataa"", ""anv"": """", ""join"": """", ""role"": ""Featuring"", ""tracks"": """", ""id"": 17531, ""resource_url"": ""https://api.discogs.com/artists/17531""}]"
1017133,1-4,track,Route Nationale 7,3:14,"[{""name"": ""Heldon"", ""anv"": """", ""join"": ""&"", ""role"": """", ""tracks"": """", ""id"": 83138, ""resource_url"": ""https://api.discogs.com/artists/83138""}, {""name"": ""Richard Pinhas"", ""anv"": """", ""join"": """", ""role"": """", ""tracks"": """", ""id"": 168403, ""resource_url"": ""https://api.discogs.com/artists/168403""}]","[{""name"": ""Caron Wheeler"", ""anv"": """", ""join"": """", ""role"": ""Featuring"", ""tracks"": """", ""id"": 17802, ""resource_url"": ""https://api.discogs.com/artists/17802""}]"
1017133,1-5,track,Le Voyageur (Ouais Marchais Mieux Qu'en 68),4:21,"[{""name"": ""Tuxedomoon"", ""anv"": """", ""join"": """", ""role"": """", ""tracks"": """", ""id"": 6268, ""resource_url"": ""https://api.discogs.com/artists/6268""}]","[{""name"": ""Massive Attack"", ""anv"": """", ""join"": """", ""role"": ""Remix"", ""tracks"": """", ""id"": 4480, ""resource_url"": ""https://api.discogs.com/artists/4480""}]"
1017133,1-6,track,Volo Vivace,1:01,"[{""name"": ""Family Fodder"", ""anv"": """", ""join"": """", ""role"": """", ""tracks"": """", ""id"": 132796, ""resource_url"": ""https://api.discogs.com/artists/132796""}]","[{""name"": ""Cappadonna"", ""anv"": """", ""join"": """", ""role"": ""Featuring"", ""tracks"": """", ""id"": 45241, ""resource_url"": ""https://api.discogs.com/artists/45241""}, {""name"": ""Ghostface Killah"", ""anv"": """", ""join"": """", ""role"": ""Featuring"", ""tracks"": """", ""id"": 44958, ""resource_url"": ""https://api.discogs.com/artists/44958""}, {""name"": ""Method Man"", ""anv"": """", ""join"": """", ""role"": ""Featuring"", ""tracks"": """", ""id"": 17587, ""resource_url"": ""https://api.discogs.com/artists/17587""}]"
1017133,1-7,track,The Big Dig,2:10,"[{""name"": ""Léo Ferré"", ""anv"": """", ""join"": """", ""role"": """", ""tracks"": """", ""id"": 466633, ""resource_url"": ""https://api.discogs.com/artists/466633""}]","[{""name"": ""Dee Nasty"", ""anv"": """", ""join"": """", ""role"": ""Remix"", ""tracks"": """", ""id"": 15585, ""resource_url"": ""https://api.discogs.com/artists/15585""}]"
1017133,1-8,track,Cette Blessure,3:55,"[{""name"": ""Material"", ""anv"": """", ""join"": """", ""role"": """", ""tracks"": """", ""id"": 8796, ""resource_url"": ""https://api.discogs.com/artists/8796""}]","[{""name"": ""Bahamadia"", ""anv"": """", ""join"": """", ""role"": ""Featuring [Vocals]"", ""tracks"": """", ""id"": 22428, ""resource_url"": ""https://api.discogs.com/artists/22428""}, {""name"": ""Dynamic Syncopation"", ""anv"": """", ""join"": """", ""role"": ""Remix"", ""tracks"": """", ""id"": 5090, ""resource_url"": ""https://api.discogs.com/artists/5090""}]"
1017133,1-9,track,Reduction,5:24,"[{""name"": ""The Honeymoon Killers"", ""anv"": """", ""join"": """", ""role"": """", ""tracks"": """", ""id"": 186991, ""resource_url"": ""https://api.discogs.com/artists/186991""}]","[{""name"": ""Charles Webster"", ""anv"": """", ""join"": """", ""role"": ""Remix"", ""tracks"": """", ""id"": 4858, ""resource_url"": ""https://api.discogs.com/artists/4858""}]"
1017133,1-10,track,Décollage,2:33,"[{""name"": ""Jacques Higelin"", ""anv"": """", ""join"": """", ""role"": """", ""tracks"": """", ""id"": 306466, ""resource_url"": ""https://api.discogs.com/artists/306466""}]","[{""name"": ""Sir Jean"", ""anv"": """", ""join"": """", ""role"": ""Featuring"", ""tracks"": """", ""id"": 100895, ""resource_url"": ""https://api.discogs.com/artists/100895""}]"
1017133,1-11,track,Cigarette,4:16,"[{""name"": ""John McLaughlin"", ""anv"": """", ""join"": """", ""role"": """", ""tracks"": """", ""id"": 136179, ""resource_url"": ""https://api.discogs.com/artists/136179""}]","[{""name"": ""Juan Rozoff"", ""anv"": """", ""join"": """", ""role"": ""Featuring"", ""tracks"": """", ""id"": 37777, ""resource_url"": ""https://api.discogs.com/artists/37777""}]"
1017133,1-12,track,Devotion,11:24,"[{""name"": ""Unknown Artist"", ""anv"": """", ""join"": """", ""role"": """", ""tracks"": """", ""id"": 355, ""resource_url"": ""https://api.discogs.com/artists/355""}]","[{""name"": ""Rev'd Clevie Brown"", ""anv"": ""Rev'D Chuncky"", ""join"": """", ""role"": ""Featuring"", ""tracks"": """", ""id"": 39665, ""resource_url"": ""https://api.discogs.com/artists/39665""}]"
1017133,,heading,1982,,"[{""name"": ""Laurie Anderson"", ""anv"": """", ""join"": """", ""role"": """", ""tracks"": """", ""id"": 26050, ""resource_url"": ""https://api.discogs.com/artists/26050""}]","[{""name"": ""WhoMadeWho"", ""anv"": """", ""join"": """", ""role"": ""Remix"", ""tracks"": """", ""id"": 209555, ""resource_url"": ""https://api.discogs.com/artists/209555""}]"
1017133,2-1,track,Jingle,,"[{""name"": ""Bush Tetras"", ""anv"": """", ""join"": """", ""role"": """", ""tracks"": """", ""id"": 24051, ""resource_url"": ""https://api.discogs.com/artists/24051""}]","[{""name"": ""Bajka"", ""anv"": """", ""join"": """", ""role"": ""Featuring"", ""tracks"": """", ""id"": 28587, ""resource_url"": ""https://api.discogs.com/artists/28587""}]"
1017133,2-2,track,O Superman (For Massenet),8:19,"[{""name"": ""Grandmaster Flash"", ""anv"": """", ""join"": """", ""role"": """", ""tracks"": """", ""id"": 21715, ""resource_url"": ""https://api.discogs.com/artists/21715""}]","[{""name"": ""Cat Power"", ""anv"": """", ""join"": """", ""role"": ""Featuring"", ""tracks"": """", ""id"": 103195, ""resource_url"": ""https://api.discogs.com/artists/103195""}]"
1017133,2-3,track,Can't Be Funky,2:42,"[{""name"": ""Material"", ""anv"": """", ""join"": """", ""role"": """", ""tracks"": """", ""id"": 8796, ""resource_url"": ""https://api.discogs.com/artists/8796""}]",
1017133,2-4,track,The Message,7:06,"[{""name"": ""Joe Jackson"", ""anv"": """", ""join"": """", ""role"": """", ""tracks"": """", ""id"": 75280, ""resource_url"": ""https://api.discogs.com/artists/75280""}]",
1017133,2-5,track,I'm The One,4:56,"[{""name"": ""Fela Kuti"", ""anv"": """", ""join"": """", ""role"": """", ""tracks"": """", ""id"": 19812, ""resource_url"": ""https://api.discogs.com/artists/19812""}]",
1017133,2-6,track,Cancer,5:58,"[{""name"": ""Soft Cell"", ""anv"": """", ""join"": """", ""role"": """", ""tracks"": """", ""id"": 12196, ""resource_url"": ""https://api.discogs.com/artists/12196""}]",
1017133,2-7,track,ITT (International Thief Thief),24:01,"[{""name"": ""Des Airs"", ""anv"": """", ""join"": """", ""role"": """", ""tracks"": """", ""id"": 190650, ""resource_url"": ""https://api.discogs.com/artists/190650""}]",
1017133,2-8,track,Tainted Love,2:34,"[{""name"": ""Ray Barretto"", ""anv"": """", ""join"": """", ""role"": """", ""tracks"": """", ""id"": 19599, ""resource_url"": ""https://api.discogs.com/artists/19599""}]",
1017133,2-9,track,Lovely Lady Of The Roses,3:43,"[{""name"": ""Liquid Liquid"", ""anv"": """", ""join"": """", ""role"": """", ""tracks"": """", ""id"": 5454, ""resource_url"": ""https://api.discogs.com/artists/5454""}]",
1017133,2-10,track,Acid,5:06,"[{""name"": ""Unknown Artist"", ""anv"": """", ""join"": """", ""role"": """", ""tracks"": """", ""id"": 355, ""resource_url"": ""https://api.discogs.com/artists/355""}]",
1017133,2-11,track,Cavern,5:01,"[{""name"": ""Arrow (2)"", ""anv"": """", ""join"": """", ""role"": """", ""tracks"": """", ""id"": 167730, ""resource_url"": ""https://api.discogs.com/artists/167730""}]",
1017133,,heading,1983,,"[{""name"": ""Hermeto Pascoal"", ""anv"": """", ""join"": """", ""role"": """", ""tracks"": """", ""id"": 256166, ""resource_url"": ""https://api.discogs.com/artists/256166""}]",
1017133,3-1,track,Jingle,,"[{""name"": ""Prince"", ""anv"": """", ""join"": """", ""role"": """", ""tracks"": """", ""id"": 28795, ""resource_url"": ""https://api.discogs.com/artists/28795""}]",
1017133,3-2,track,Hot Hot Hot,5:44,"[{""name"": ""Pamelo Mounk'a"", ""anv"": """", ""join"": """", ""role"": """", ""tracks"": """", ""id"": 871607, ""resource_url"": ""https://api.discogs.com/artists/871607""}]",
1017133,3-3,track,Chorinho Pra Ele,2:12,"[{""name"": ""Roger Mason (3)"", ""anv"": """", ""join"": """", ""role"": """", ""tracks"": """", ""id"": 1562142, ""resource_url"": ""https://api.discogs.com/artists/1562142""}]",
1017133,3-4,track,How Come U Don't Call Me Anymore,3:51,"[{""name"": ""Les Rita Mitsouko"", ""anv"": ""Rita Mitsouko"", ""join"": """", ""role"": """", ""tracks"": """", ""id"": 55760, ""resource_url"": ""https://api.discogs.com/artists/55760""}]",
1017133,3-5,track,L'Argent Appelle L'Argent,4:30,"[{""name"": ""Band Apart"", ""anv"": """", ""join"": """", ""role"": """", ""tracks"": """", ""id"": 190647, ""resource_url"": ""https://api.discogs.com/artists/190647""}]",
1017133,3-6,track,Le Blues Du Temps Qu'il Fait,4:01,"[{""name"": ""Mandingo"", ""anv"": """", ""join"": """", ""role"": """", ""tracks"": """", ""id"": 33725, ""resource_url"": ""https://api.discogs.com/artists/33725""}]",
1017133,3-7,track,Don't Forget The Nite,2:41,"[{""name"": ""Zao (5)"", ""anv"": """", ""join"": """", ""role"": """", ""tracks"": """", ""id"": 871597, ""resource_url"": ""https://api.discogs.com/artists/871597""}]",
1017133,3-8,track,Marseille,2:56,"[{""name"": ""Alpha Blondy"", ""anv"": """", ""join"": """", ""role"": """", ""tracks"": """", ""id"": 333426, ""resource_url"": ""https://api.discogs.com/artists/333426""}]",
1017133,3-9,track,Natural Dancer,6:12,"[{""name"": ""Joe Cuba Sextet"", ""anv"": """", ""join"": """", ""role"": """", ""tracks"": """", ""id"": 213915, ""resource_url"": ""https://api.discogs.com/artists/213915""}]",
1017133,3-10,track,Ancien Combattant,3:42,"[{""name"": ""Unknown Artist"", ""anv"": """", ""join"": """", ""role"": """", ""tracks"": """", ""id"": 355, ""resource_url"": ""https://api.discogs.com/artists/355""}]",
1017133,3-11,track,Brigadier Sabari,4:44,"[{""name"": ""Daouda"", ""anv"": """", ""join"": """", ""role"": """", ""tracks"": """", ""id"": 518054, ""resource_url"": ""https://api.discogs.com/artists/518054""}]",
1017133,3-12,track,Do You Feel It,3:24,"[{""name"": ""B-Side"", ""anv"": ""Beside"", ""join"": """", ""role"": """", ""tracks"": """", ""id"": 32358, ""resource_url"": ""https://api.discogs.com/artists/32358""}]",
1017133,,heading,1984,,"[{""name"": ""Fab 5 Freddy"", ""anv"": """", ""join"": """", ""role"": """", ""tracks"": """", ""id"": 41279, ""resource_url"": ""https://api.discogs.com/artists/41279""}]",
1017133,4-1,track,Jingle,,"[{""name"": ""Public Image Limited"", ""anv"": ""PIL"", ""join"": """", ""role"": """", ""tracks"": """", ""id"": 66302, ""resource_url"": ""https://api.discogs.com/artists/66302""}]",
1017133,4-2,track,Le Villageois,5:10,"[{""name"": ""Joe Jackson"", ""anv"": """", ""join"": """", ""role"": """", ""tracks"": """", ""id"": 75280, ""resource_url"": ""https://api.discogs.com/artists/75280""}]",
1017133,4-3,track,Odeon,4:12,"[{""name"": ""Bibi Den's Tshibayi"", ""anv"": ""Bibi Den's Tshibaya"", ""join"": """", ""role"": """", ""tracks"": """", ""id"": 1240617, ""resource_url"": ""https://api.discogs.com/artists/1240617""}]",
1017133,4-4,track,Change The Beat,7:35,"[{""name"": ""Les Ambassadeurs Internationaux"", ""anv"": ""Les Ambassadeurs"", ""join"": """", ""role"": """", ""tracks"": """", ""id"": 2222695, ""resource_url"": ""https://api.discogs.com/artists/2222695""}]",
1017133,4-5,track,This Is Not A Love Song,4:28,"[{""name"": ""Zazou Bikaye"", ""anv"": """", ""join"": """", ""role"": """", ""tracks"": """", ""id"": 26165, ""resource_url"": ""https://api.discogs.com/artists/26165""}]",
1017133,4-6,track,Cha Cha Loco,4:44,"[{""name"": ""Wally Badarou"", ""anv"": """", ""join"": """", ""role"": """", ""tracks"": """", ""id"": 9051, ""resource_url"": ""https://api.discogs.com/artists/9051""}]",
1017133,4-7,track,The Best Ambiance,7:29,"[{""name"": ""Time Zone"", ""anv"": """", ""join"": """", ""role"": """", ""tracks"": """", ""id"": 26233, ""resource_url"": ""https://api.discogs.com/artists/26233""}]",
1017133,4-8,track,Sidiki,8:11,"[{""name"": ""The Last Poets"", ""anv"": """", ""join"": """", ""role"": """", ""tracks"": """", ""id"": 48284, ""resource_url"": ""https://api.discogs.com/artists/48284""}]",
1017133,4-9,track,M'Pasi Ya M'Pemba (Remix),2:59,"[{""name"": ""Unknown Artist"", ""anv"": """", ""join"": """", ""role"": """", ""tracks"": """", ""id"": 355, ""resource_url"": ""https://api.discogs.com/artists/355""}]",
1017133,4-10,track,Hi-Life,4:39,"[{""name"": ""Funkadelic"", ""anv"": """", ""join"": """", ""role"": """", ""tracks"": """", ""id"": 29923, ""resource_url"": ""https://api.discogs.com/artists/29923""}]",
1017133,4-11,track,Wild Style,6:49,"[{""name"": ""Dillinger"", ""anv"": """", ""join"": """", ""role"": """", ""tracks"": """", ""id"": 21763, ""resource_url"": ""https://api.discogs.com/artists/21763""}]",
1017133,4-12,track,"New York, New York",3:31,"[{""name"": ""Bembeya Jazz National"", ""anv"": """", ""join"": """", ""role"": """", ""tracks"": """", ""id"": 627737, ""resource_url"": ""https://api.discogs.com/artists/627737""}]",
1017133,,heading,1985,,"[{""name"": ""Hugh Masekela"", ""anv"": """", ""join"": """", ""role"": """", ""tracks"": """", ""id"": 14661, ""resource_url"": ""https://api.discogs.com/artists/14661""}]",
1017133,5-1,track,Jingle,,"[{""name"": ""Philippe Krootchey"", ""anv"": ""Krootchey"", ""join"": """", ""role"": """", ""tracks"": """", ""id"": 470666, ""resource_url"": ""https://api.discogs.com/artists/470666""}]",
1017133,5-2,track,One Nation Under Groove,7:27,"[{""name"": ""Augustus Pablo"", ""anv"": """", ""join"": """", ""role"": """", ""tracks"": """", ""id"": 41891, ""resource_url"": ""https://api.discogs.com/artists/41891""}]",
1017133,5-3,track,Cocaine In My Brain,2:45,"[{""name"": ""Ray Lema"", ""anv"": """", ""join"": """", ""role"": """", ""tracks"": """", ""id"": 99445, ""resource_url"": ""https://api.discogs.com/artists/99445""}]",
1017133,5-4,track,Doni Doni,4:30,"[{""name"": ""Tuxedomoon"", ""anv"": """", ""join"": """", ""role"": """", ""tracks"": """", ""id"": 6268, ""resource_url"": ""https://api.discogs.com/artists/6268""}]",
1017133,5-5,track,Lady,6:32,"[{""name"": ""The Style Council"", ""anv"": """", ""join"": """", ""role"": """", ""tracks"": """", ""id"": 28875, ""resource_url"": ""https://api.discogs.com/artists/28875""}]",
1017133,5-6,track,Qu'est Ce Qu'il A (D'Plus Que Moi Ce Négro Là),4:27,"[{""name"": ""Hector Lavoe"", ""anv"": """", ""join"": """", ""role"": """", ""tracks"": """", ""id"": 38204, ""resource_url"": ""https://api.discogs.com/artists/38204""}]",
1017133,5-7,track,King Tubby Meets Yah Congo At Dub Table,2:33,"[{""name"": ""Linton Kwesi Johnson"", ""anv"": """", ""join"": """", ""role"": """", ""tracks"": """", ""id"": 20702, ""resource_url"": ""https://api.discogs.com/artists/20702""}]",
1017133,5-8,track,Marabout (Iyolela),6:57,"[{""name"": ""Unknown Artist"", ""anv"": """", ""join"": """", ""role"": """", ""tracks"": """", ""id"": 355, ""resource_url"": ""https://api.discogs.com/artists/355""}]",
1017133,5-9,track,In A Manner Of Speaking,1:39,"[{""name"": ""Shango"", ""anv"": """", ""join"": """", ""role"": """", ""tracks"": """", ""id"": 19700, ""resource_url"": ""https://api.discogs.com/artists/19700""}]",
1017133,5-10,track,Shout To The Top,4:19,"[{""name"": ""The Woodentops"", ""anv"": """", ""join"": """", ""role"": """", ""tracks"": """", ""id"": 6709, ""resource_url"": ""https://api.discogs.com/artists/6709""}]",
1017133,5-11,track,Periodico De Ayer,6:42,"[{""name"": ""Beastie Boys"", ""anv"": """", ""join"": """", ""role"": """", ""tracks"": """", ""id"": 10783, ""resource_url"": ""https://api.discogs.com/artists/10783""}]",
1017133,5-12,track,Di Black Petty Booshwah,3:31,"[{""name"": ""Pambou-Tchicaya Tchico"", ""anv"": ""Tchico"", ""join"": ""&"", ""role"": """", ""tracks"": """", ""id"": 3696327, ""resource_url"": ""https://api.discogs.com/artists/3696327""}, {""name"": ""Lolo Lolitta"", ""anv"": """", ""join"": """", ""role"": """", ""tracks"": """", ""id"": 1508676, ""resource_url"": ""https://api.discogs.com/artists/1508676""}]",
1017133,,heading,1986,,"[{""name"": ""Freddie McGregor"", ""anv"": """", ""join"": """", ""role"": """", ""tracks"": """", ""id"": 77082, ""resource_url"": ""https://api.discogs.com/artists/77082""}]",
1017133,6-1,track,Jingle,,"[{""name"": ""Mahmoud Ahmed"", ""anv"": """", ""join"": """", ""role"": """", ""tracks"": """", ""id"": 192085, ""resource_url"": ""https://api.discogs.com/artists/192085""}]",
1017133,6-2,track,U Don't Have To Be A Star,4:12,"[{""name"": ""Maitre Gazonga"", ""anv"": """", ""join"": """", ""role"": """", ""tracks"": """", ""id"": 627727, ""resource_url"": ""https://api.discogs.com/artists/627727""}]",
1017133,6-3,track,Love Train,3:00,"[{""name"": ""Mory Kanté"", ""anv"": """", ""join"": """", ""role"": """", ""tracks"": """", ""id"": 10431, ""resource_url"": ""https://api.discogs.com/artists/10431""}]",
1017133,6-4,track,(You Gotta) Fight For Your Right (To Party),3:27,"[{""name"": ""Cameo"", ""anv"": """", ""join"": """", ""role"": """", ""tracks"": """", ""id"": 1835, ""resource_url"": ""https://api.discogs.com/artists/1835""}]",
1017133,6-5,track,Jeannot,8:49,"[{""name"": ""Yuna Mick"", ""anv"": """", ""join"": """", ""role"": """", ""tracks"": """", ""id"": 871599, ""resource_url"": ""https://api.discogs.com/artists/871599""}]",
1017133,6-6,track,Joggin',3:37,"[{""name"": ""Unknown Artist"", ""anv"": """", ""join"": """", ""role"": """", ""tracks"": """", ""id"": 355, ""resource_url"": ""https://api.discogs.com/artists/355""}]",
1017133,6-7,track,Ere Mela Mele,4:37,"[{""name"": ""Tone Loc"", ""anv"": """", ""join"": """", ""role"": """", ""tracks"": """", ""id"": 96826, ""resource_url"": ""https://api.discogs.com/artists/96826""}]",
1017133,6-8,track,Jaloux Saboteurs,8:26,"[{""name"": ""Cheo Feliciano"", ""anv"": """", ""join"": """", ""role"": """", ""tracks"": """", ""id"": 430769, ""resource_url"": ""https://api.discogs.com/artists/430769""}]",
1017133,6-9,track,Yeke Yeke,7:18,"[{""name"": ""Ismaël Lô"", ""anv"": ""Ismael Lô"", ""join"": """", ""role"": """", ""tracks"": """", ""id"": 401393, ""resource_url"": ""https://api.discogs.com/artists/401393""}]",
1017133,6-10,track,Word Up,4:16,"[{""name"": ""Afrika Bambaataa"", ""anv"": """", ""join"": """", ""role"": """", ""tracks"": """", ""id"": 17531, ""resource_url"": ""https://api.discogs.com/artists/17531""}]",
1017133,6-11,track,Vive Les Sapeurs Pompiers De Paris,4:55,"[{""name"": ""Adioa"", ""anv"": """", ""join"": """", ""role"": """", ""tracks"": """", ""id"": 841607, ""resource_url"": ""https://api.discogs.com/artists/841607""}]",
1017133,,heading,1987,,"[{""name"": ""Cheb Mimoun"", ""anv"": """", ""join"": """", ""role"": """", ""tracks"": """", ""id"": 871605, ""resource_url"": ""https://api.discogs.com/artists/871605""}]",
1017133,7-1,track,Jingle,,"[{""name"": ""Dee Nasty"", ""anv"": """", ""join"": """", ""role"": """", ""tracks"": """", ""id"": 15585, ""resource_url"": ""https://api.discogs.com/artists/15585""}]",
1017133,7-2,track,On Fire,4:50,"[{""name"": ""Salif Keita"", ""anv"": """", ""join"": """", ""role"": """", ""tracks"": """", ""id"": 10377, ""resource_url"": ""https://api.discogs.com/artists/10377""}]",
1017133,7-3,track,Anacaona,4:11,"[{""name"": ""Manu Dibango"", ""anv"": """", ""join"": """", ""role"": """", ""tracks"": """", ""id"": 20560, ""resource_url"": ""https://api.discogs.com/artists/20560""}]",
1017133,7-4,track,Tadieu Bone,4:20,"[{""name"": ""Gil Scott-Heron"", ""anv"": """", ""join"": """", ""role"": """", ""tracks"": """", ""id"": 16533, ""resource_url"": ""https://api.discogs.com/artists/16533""}]",
1017133,7-5,track,Looking For The Perfect Beat,6:58,"[{""name"": ""Archie Shepp"", ""anv"": """", ""join"": """", ""role"": """", ""tracks"": """", ""id"": 10514, ""resource_url"": ""https://api.discogs.com/artists/10514""}]",
1017133,7-6,track,Toubab Bilé,4:03,"[{""name"": ""Unknown Artist"", ""anv"": """", ""join"": """", ""role"": """", ""tracks"": """", ""id"": 355, ""resource_url"": ""https://api.discogs.com/artists/355""}]",
1017133,7-7,track,Ena N'Brick,5:16,"[{""name"": ""Michael Rose"", ""anv"": """", ""join"": """", ""role"": """", ""tracks"": """", ""id"": 88266, ""resource_url"": ""https://api.discogs.com/artists/88266""}]",
1017133,7-8,track,Deenastyle,4:51,"[{""name"": ""Khaled"", ""anv"": ""Cheb Khaled"", ""join"": ""&"", ""role"": """", ""tracks"": """", ""id"": 62919, ""resource_url"": ""https://api.discogs.com/artists/62919""}, {""name"": ""Safy Boutella"", ""anv"": """", ""join"": """", ""role"": """", ""tracks"": """", ""id"": 510636, ""resource_url"": ""https://api.discogs.com/artists/510636""}]",
1017133,7-9,track,Cono,6:01,"[{""name"": ""Oneness Of Juju"", ""anv"": """", ""join"": """", ""role"": """", ""tracks"": """", ""id"": 49673, ""resource_url"": ""https://api.discogs.com/artists/49673""}]",
1017133,7-10,track,Reggae Makossa,6:35,"[{""name"": ""Minnie Riperton"", ""anv"": ""Minnie Ripperton"", ""join"": """", ""role"": """", ""tracks"": """", ""id"": 61686, ""resource_url"": ""https://api.discogs.com/artists/61686""}]",
1017133,7-11,track,Your Dady Loves You,2:52,"[{""name"": ""The Incredible Bongo Band"", ""anv"": ""The Return Of The Incredible Bongo Band"", ""join"": """", ""role"": """", ""tracks"": """", ""id"": 636900, ""resource_url"": ""https://api.discogs.com/artists/636900""}]",
1017133,7-12,track,Blasé,10:24,"[{""name"": ""Carte De Séjour"", ""anv"": """", ""join"": """", ""role"": """", ""tracks"": """", ""id"": 934473, ""resource_url"": ""https://api.discogs.com/artists/934473""}]",
1017133,,heading,1988,,"[{""name"": ""Ray Lema"", ""anv"": """", ""join"": """", ""role"": """", ""tracks"": """", ""id"": 99445, ""resource_url"": ""https://api.discogs.com/artists/99445""}]",
1017133,8-1,track,Jingle,,"[{""name"": ""Pépé Kallé"", ""anv"": """", ""join"": """", ""role"": """", ""tracks"": """", ""id"": 458054, ""resource_url"": ""https://api.discogs.com/artists/458054""}]",
1017133,8-2,track,Born Free,5:53,"[{""name"": ""Minimal Compact"", ""anv"": """", ""join"": """", ""role"": """", ""tracks"": """", ""id"": 98744, ""resource_url"": ""https://api.discogs.com/artists/98744""}]",
1017133,8-3,track,Lacamel,5:31,"[{""name"": ""Charles Mingus"", ""anv"": """", ""join"": """", ""role"": """", ""tracks"": """", ""id"": 200815, ""resource_url"": ""https://api.discogs.com/artists/200815""}]",
1017133,8-4,track,Every Way But Loose,6:40,"[{""name"": ""Unknown Artist"", ""anv"": """", ""join"": """", ""role"": """", ""tracks"": """", ""id"": 355, ""resource_url"": ""https://api.discogs.com/artists/355""}]",
1017133,8-5,track,Lovin'You,3:43,"[{""name"": ""Lightnin' Rod"", ""anv"": """", ""join"": """", ""role"": """", ""tracks"": """", ""id"": 136274, ""resource_url"": ""https://api.discogs.com/artists/136274""}]",
1017133,8-6,track,I Can't Get No Satisfaction,4:00,"[{""name"": ""De La Soul"", ""anv"": """", ""join"": """", ""role"": """", ""tracks"": """", ""id"": 4091, ""resource_url"": ""https://api.discogs.com/artists/4091""}]",
1017133,8-7,track,Ramsa,3:51,"[{""name"": ""The Deirdre Wilson Tabac"", ""anv"": ""Deirdre Wilson Tabac"", ""join"": """", ""role"": """", ""tracks"": """", ""id"": 1263880, ""resource_url"": ""https://api.discogs.com/artists/1263880""}]",
1017133,8-8,track,Peuple Eyo,5:44,"[{""name"": ""Neneh Cherry"", ""anv"": """", ""join"": """", ""role"": """", ""tracks"": """", ""id"": 11449, ""resource_url"": ""https://api.discogs.com/artists/11449""}]",
1017133,8-9,track,Moyibi,6:08,"[{""name"": ""Miles Davis"", ""anv"": """", ""join"": """", ""role"": """", ""tracks"": """", ""id"": 23755, ""resource_url"": ""https://api.discogs.com/artists/23755""}]",
1017133,8-10,track,Word Up,0:42,"[{""name"": ""Amina"", ""anv"": """", ""join"": """", ""role"": """", ""tracks"": """", ""id"": 86496, ""resource_url"": ""https://api.discogs.com/artists/86496""}]",
1017133,8-11,track,Hog Callin' Blues,7:25,"[{""name"": ""Gil Scott-Heron"", ""anv"": """", ""join"": """", ""role"": """", ""tracks"": """", ""id"": 16533, ""resource_url"": ""https://api.discogs.com/artists/16533""}]",
1017133,,heading,1989,,"[{""name"": ""Soul II Soul"", ""anv"": """", ""join"": """", ""role"": """", ""tracks"": """", ""id"": 4970, ""resource_url"": ""https://api.discogs.com/artists/4970""}]",
1017133,9-1,track,Jingle,,"[{""name"": ""Chairmen Of The Board"", ""anv"": """", ""join"": """", ""role"": """", ""tracks"": """", ""id"": 162809, ""resource_url"": ""https://api.discogs.com/artists/162809""}]",
1017133,9-2,track,Sport,2:35,"[{""name"": ""Junior Murvin"", ""anv"": """", ""join"": """", ""role"": """", ""tracks"": """", ""id"": 94501, ""resource_url"": ""https://api.discogs.com/artists/94501""}]",
1017133,9-3,track,Eye Know,4:12,"[{""name"": ""Unknown Artist"", ""anv"": """", ""join"": """", ""role"": """", ""tracks"": """", ""id"": 355, ""resource_url"": ""https://api.discogs.com/artists/355""}]",
1017133,9-4,track,"I Can't Keep From Crying, Sometimes",3:21,"[{""name"": ""The Neville Brothers"", ""anv"": ""Neville Brothers"", ""join"": """", ""role"": """", ""tracks"": """", ""id"": 78091, ""resource_url"": ""https://api.discogs.com/artists/78091""}]",
1017133,9-5,track,Manchild,3:53,"[{""name"": ""Deee-Lite"", ""anv"": """", ""join"": """", ""role"": """", ""tracks"": """", ""id"": 4119, ""resource_url"": ""https://api.discogs.com/artists/4119""}]",
1017133,9-6,track,Tutu,5:14,"[{""name"": ""Kid Frost"", ""anv"": """", ""join"": """", ""role"": """", ""tracks"": """", ""id"": 13879, ""resource_url"": ""https://api.discogs.com/artists/13879""}]",
1017133,9-7,track,Belly Dance,4:49,"[{""name"": ""J.J. Cale"", ""anv"": """", ""join"": """", ""role"": """", ""tracks"": """", ""id"": 290587, ""resource_url"": ""https://api.discogs.com/artists/290587""}]",
1017133,9-8,track,The Bottle,5:07,"[{""name"": ""Grace Jones"", ""anv"": """", ""join"": """", ""role"": """", ""tracks"": """", ""id"": 13932, ""resource_url"": ""https://api.discogs.com/artists/13932""}]",
1017133,9-9,track,Keep On Movin',5:59,"[{""name"": ""Digital Underground"", ""anv"": """", ""join"": """", ""role"": """", ""tracks"": """", ""id"": 16761, ""resource_url"": ""https://api.discogs.com/artists/16761""}]",
1017133,9-10,track,Skin I'm In,4:10,"[{""name"": ""Oscar Brown Jr."", ""anv"": ""Oscar Brown Jr"", ""join"": """", ""role"": """", ""tracks"": """", ""id"": 139219, ""resource_url"": ""https://api.discogs.com/artists/139219""}]",
1017133,9-11,track,Police & Thieves,3:50,"[{""name"": ""Mulatu Astatke"", ""anv"": """", ""join"": """", ""role"": """", ""tracks"": """", ""id"": 286112, ""resource_url"": ""https://api.discogs.com/artists/286112""}]",
1017133,,heading,1990,,"[{""name"": ""Deniece Williams"", ""anv"": """", ""join"": """", ""role"": """", ""tracks"": """", ""id"": 146284, ""resource_url"": ""https://api.discogs.com/artists/146284""}]",
1017133,10-1,track,Jingle,,"[{""name"": ""Unknown Artist"", ""anv"": """", ""join"": """", ""role"": """", ""tracks"": """", ""id"": 355, ""resource_url"": ""https://api.discogs.com/artists/355""}]",
1017133,10-2,track,Sons & Daughters,4:58,"[{""name"": ""Salamat"", ""anv"": """", ""join"": """", ""role"": """", ""tracks"": """", ""id"": 426409, ""resource_url"": ""https://api.discogs.com/artists/426409""}]",
1017133,10-3,track,Groove Is In The Heart,3:51,"[{""name"": ""Young Disciples"", ""anv"": """", ""join"": """", ""role"": """", ""tracks"": """", ""id"": 8292, ""resource_url"": ""https://api.discogs.com/artists/8292""}]",
1017133,10-4,track,La Raza,3:27,"[{""name"": ""Zap Mama"", ""anv"": """", ""join"": """", ""role"": """", ""tracks"": """", ""id"": 12467, ""resource_url"": ""https://api.discogs.com/artists/12467""}]",
1017133,10-5,track,Don't Wait,3:08,"[{""name"": ""Yellowman"", ""anv"": """", ""join"": """", ""role"": """", ""tracks"": """", ""id"": 96316, ""resource_url"": ""https://api.discogs.com/artists/96316""}]",
1017133,10-6,track,Pull Up The Bumper,4:42,"[{""name"": ""Adonis"", ""anv"": """", ""join"": """", ""role"": """", ""tracks"": """", ""id"": 2684, ""resource_url"": ""https://api.discogs.com/artists/2684""}]",
1017133,10-7,track,Freaks Of The Industry,5:38,"[{""name"": ""Robert Palmer"", ""anv"": """", ""join"": """", ""role"": """", ""tracks"": """", ""id"": 40409, ""resource_url"": ""https://api.discogs.com/artists/40409""}]",
1017133,10-8,track,Work Song,2:31,"[{""name"": ""Cesaria Evora"", ""anv"": """", ""join"": """", ""role"": """", ""tracks"": """", ""id"": 5327, ""resource_url"": ""https://api.discogs.com/artists/5327""}]",
1017133,10-9,track,Kasalefkut Hulu,2:42,"[{""name"": ""Les Negresses Vertes"", ""anv"": ""Les Négresses Vertes"", ""join"": """", ""role"": """", ""tracks"": """", ""id"": 25893, ""resource_url"": ""https://api.discogs.com/artists/25893""}]",
1017133,10-10,track,Free,5:57,"[{""name"": ""Ali Hassan Kuban"", ""anv"": """", ""join"": """", ""role"": """", ""tracks"": """", ""id"": 426410, ""resource_url"": ""https://api.discogs.com/artists/426410""}]",
1017133,,heading,1991,,"[{""name"": ""Galliano"", ""anv"": """", ""join"": """", ""role"": """", ""tracks"": """", ""id"": 1561, ""resource_url"": ""https://api.discogs.com/artists/1561""}]",
1017133,11-1,track,Jingle,,"[{""name"": ""Charles Wright & The Watts 103rd St Rhythm Band"", ""anv"": ""Charles Wright & The Watts 103rd Street Rhythm Band"", ""join"": """", ""role"": """", ""tracks"": """", ""id"": 81140, ""resource_url"": ""https://api.discogs.com/artists/81140""}]",
1017133,11-2,track,Mambo El Soudani,4:04,"[{""name"": ""Unknown Artist"", ""anv"": """", ""join"": """", ""role"": """", ""tracks"": """", ""id"": 355, ""resource_url"": ""https://api.discogs.com/artists/355""}]",
1017133,11-3,track,Apparently Nothin',4:14,"[{""name"": ""Lou Reed"", ""anv"": """", ""join"": """", ""role"": """", ""tracks"": """", ""id"": 11879, ""resource_url"": ""https://api.discogs.com/artists/11879""}]",
1017133,11-4,track,Take Me Coco,4:09,"[{""name"": ""Suzanne Vega"", ""anv"": """", ""join"": """", ""role"": """", ""tracks"": """", ""id"": 41182, ""resource_url"": ""https://api.discogs.com/artists/41182""}]",
1017133,11-5,track,Hit The Road Jack,3:59,"[{""name"": ""Ronny Jordan"", ""anv"": """", ""join"": """", ""role"": """", ""tracks"": """", ""id"": 7449, ""resource_url"": ""https://api.discogs.com/artists/7449""}]",
1017133,11-6,track,No Way Back,4:56,"[{""name"": ""Miles Davis"", ""anv"": """", ""join"": """", ""role"": """", ""tracks"": """", ""id"": 23755, ""resource_url"": ""https://api.discogs.com/artists/23755""}]",
1017133,11-7,track,Hey Julia,2:25,"[{""name"": ""Stereo MC's"", ""anv"": """", ""join"": """", ""role"": """", ""tracks"": """", ""id"": 4834, ""resource_url"": ""https://api.discogs.com/artists/4834""}]",
1017133,11-8,track,Cabo Verde,3:12,"[{""name"": ""Yah Congo"", ""anv"": """", ""join"": ""Meets"", ""role"": """", ""tracks"": """", ""id"": 871594, ""resource_url"": ""https://api.discogs.com/artists/871594""}, {""name"": ""King Tubby"", ""anv"": """", ""join"": ""&"", ""role"": """", ""tracks"": """", ""id"": 25872, ""resource_url"": ""https://api.discogs.com/artists/25872""}, {""name"": ""Professor (10)"", ""anv"": """", ""join"": """", ""role"": """", ""tracks"": """", ""id"": 1913222, ""resource_url"": ""https://api.discogs.com/artists/1913222""}]",
1017133,11-9,track,Face A La Mer,4:51,"[{""name"": ""Aaron Hall"", ""anv"": """", ""join"": """", ""role"": """", ""tracks"": """", ""id"": 108939, ""resource_url"": ""https://api.discogs.com/artists/108939""}]",
1017133,11-10,track,Habibi,4:20,"[{""name"": ""Ed Motta"", ""anv"": """", ""join"": """", ""role"": """", ""tracks"": """", ""id"": 33995, ""resource_url"": ""https://api.discogs.com/artists/33995""}]",
1017133,11-11,track,Stoned Again,4:19,"[{""name"": ""Baaba Maal"", ""anv"": """", ""join"": """", ""role"": """", ""tracks"": """", ""id"": 3919, ""resource_url"": ""https://api.discogs.com/artists/3919""}]",
1017133,11-12,track,Light My Fire,3:40,"[{""name"": ""Vainqueur"", ""anv"": """", ""join"": """", ""role"": """", ""tracks"": """", ""id"": 973, ""resource_url"": ""https://api.discogs.com/artists/973""}]",
1017133,,heading,1992,,"[{""name"": ""Unknown Artist"", ""anv"": """", ""join"": """", ""role"": """", ""tracks"": """", ""id"": 355, ""resource_url"": ""https://api.discogs.com/artists/355""}]",
1017133,12-1,track,Jingle,,"[{""name"": ""Aaron Neville"", ""anv"": """", ""join"": """", ""role"": """", ""tracks"": """", ""id"": 15261, ""resource_url"": ""https://api.discogs.com/artists/15261""}]",
1017133,12-2,track,Perfect Day,3:41,"[{""name"": ""A Tribe Called Quest"", ""anv"": """", ""join"": """", ""role"": """", ""tracks"": """", ""id"": 3268, ""resource_url"": ""https://api.discogs.com/artists/3268""}]",
1017133,12-3,track,Blood Makes Noise,2:25,"[{""name"": ""Human Spirit"", ""anv"": """", ""join"": """", ""role"": """", ""tracks"": """", ""id"": 463237, ""resource_url"": ""https://api.discogs.com/artists/463237""}]",
1017133,12-4,track,So What,5:09,"[{""name"": ""Chaka Demus & Pliers"", ""anv"": """", ""join"": """", ""role"": """", ""tracks"": """", ""id"": 7713, ""resource_url"": ""https://api.discogs.com/artists/7713""}]",
1017133,12-5,track,Little High People,6:51,"[{""name"": ""Walter \""Wolfman\"" Washington"", ""anv"": """", ""join"": """", ""role"": """", ""tracks"": """", ""id"": 394618, ""resource_url"": ""https://api.discogs.com/artists/394618""}]",
1017133,12-6,track,Connected,5:12,"[{""name"": ""Ray Lema"", ""anv"": """", ""join"": ""&"", ""role"": """", ""tracks"": """", ""id"": 99445, ""resource_url"": ""https://api.discogs.com/artists/99445""}, {""name"": ""Professor Stefanov"", ""anv"": """", ""join"": ""&"", ""role"": """", ""tracks"": """", ""id"": 871595, ""resource_url"": ""https://api.discogs.com/artists/871595""}, {""name"": ""Le Mystère Des Voix Bulgares"", ""anv"": ""Les Voix Bulgares"", ""join"": """", ""role"": """", ""tracks"": """", ""id"": 154944, ""resource_url"": ""https://api.discogs.com/artists/154944""}]",
1017133,12-7,track,Nobody Knows My Troubles,4:07,"[{""name"": ""Nusrat Fateh Ali Khan"", ""anv"": """", ""join"": """", ""role"": """", ""tracks"": """", ""id"": 12822, ""resource_url"": ""https://api.discogs.com/artists/12822""}]",
1017133,12-8,track,Don't Be Afraid,5:17,"[{""name"": ""Gil Scott-Heron"", ""anv"": """", ""join"": """", ""role"": """", ""tracks"": """", ""id"": 16533, ""resource_url"": ""https://api.discogs.com/artists/16533""}]",
1017133,12-9,track,Manuel,3:50,"[{""name"": ""Tim Buckley"", ""anv"": """", ""join"": """", ""role"": """", ""tracks"": """", ""id"": 71872, ""resource_url"": ""https://api.discogs.com/artists/71872""}]",
1017133,12-10,track,Hamady Boiro,3:39,"[{""name"": ""Abdullah Ibrahim"", ""anv"": """", ""join"": """", ""role"": """", ""tracks"": """", ""id"": 248560, ""resource_url"": ""https://api.discogs.com/artists/248560""}]",
1017133,12-11,track,Lyot Remix (Edit),6:27,"[{""name"": ""Unknown Artist"", ""anv"": """", ""join"": """", ""role"": """", ""tracks"": """", ""id"": 355, ""resource_url"": ""https://api.discogs.com/artists/355""}]",
1017133,,heading,1993,,"[{""name"": ""The Pharcyde"", ""anv"": """", ""join"": """", ""role"": """", ""tracks"": """", ""id"": 10578, ""resource_url"": ""https://api.discogs.com/artists/10578""}]",
1017133,13-1,track,Jingle,,"[{""name"": ""Carleen Anderson"", ""anv"": """", ""join"": """", ""role"": """", ""tracks"": """", ""id"": 12318, ""resource_url"": ""https://api.discogs.com/artists/12318""}]",
1017133,13-2,track,Hercules,4:11,"[{""name"": ""Africando"", ""anv"": """", ""join"": """", ""role"": """", ""tracks"": """", ""id"": 401415, ""resource_url"": ""https://api.discogs.com/artists/401415""}]",
1017133,13-3,track,Steve Biko (Stir It Up),3:12,"[{""name"": ""Bill Withers"", ""anv"": """", ""join"": """", ""role"": """", ""tracks"": """", ""id"": 59249, ""resource_url"": ""https://api.discogs.com/artists/59249""}]",
1017133,13-4,track,Rien A Péter,5:01,"[{""name"": ""Dee Nasty"", ""anv"": """", ""join"": """", ""role"": """", ""tracks"": """", ""id"": 15585, ""resource_url"": ""https://api.discogs.com/artists/15585""}]",
1017133,13-5,track,Murder She Wrote,4:04,"[{""name"": ""Esther Phillips"", ""anv"": """", ""join"": """", ""role"": """", ""tracks"": """", ""id"": 86339, ""resource_url"": ""https://api.discogs.com/artists/86339""}]",
1017133,13-6,track,Get On Up,7:17,"[{""name"": ""Jamalski"", ""anv"": """", ""join"": """", ""role"": """", ""tracks"": """", ""id"": 29060, ""resource_url"": ""https://api.discogs.com/artists/29060""}]",
1017133,13-7,track,Pongi,4:18,"[{""name"": ""Kevin Ayers"", ""anv"": """", ""join"": """", ""role"": """", ""tracks"": """", ""id"": 45646, ""resource_url"": ""https://api.discogs.com/artists/45646""}]",
1017133,13-8,track,Mustt Mustt (Massive Attack Remix),4:25,"[{""name"": ""Bally Sagoo"", ""anv"": """", ""join"": """", ""role"": """", ""tracks"": """", ""id"": 38906, ""resource_url"": ""https://api.discogs.com/artists/38906""}]",
1017133,13-9,track,H2Ogate Blues,8:08,"[{""name"": ""Glen Brown"", ""anv"": """", ""join"": """", ""role"": """", ""tracks"": """", ""id"": 25869, ""resource_url"": ""https://api.discogs.com/artists/25869""}]",
1017133,13-10,track,Strange Feelin',7:38,"[{""name"": ""Unknown Artist"", ""anv"": """", ""join"": """", ""role"": """", ""tracks"": """", ""id"": 355, ""resource_url"": ""https://api.discogs.com/artists/355""}]",
1017133,13-11,track,Namlhanje,16:50,"[{""name"": ""Blackstreet"", ""anv"": """", ""join"": ""Featuring"", ""role"": """", ""tracks"": """", ""id"": 10990, ""resource_url"": ""https://api.discogs.com/artists/10990""}, {""name"": ""Dr. Dre"", ""anv"": """", ""join"": """", ""role"": """", ""tracks"": """", ""id"": 50513, ""resource_url"": ""https://api.discogs.com/artists/50513""}]",
1017133,,heading,1994,,"[{""name"": ""Rachid Taha"", ""anv"": """", ""join"": """", ""role"": """", ""tracks"": """", ""id"": 17944, ""resource_url"": ""https://api.discogs.com/artists/17944""}]",
1017133,14-1,track,Jingle,,"[{""name"": ""Freak Power"", ""anv"": """", ""join"": """", ""role"": """", ""tracks"": """", ""id"": 30239, ""resource_url"": ""https://api.discogs.com/artists/30239""}]",
1017133,14-2,track,Pandemonium,4:17,"[{""name"": ""Raekwon"", ""anv"": """", ""join"": """", ""role"": """", ""tracks"": """", ""id"": 100558, ""resource_url"": ""https://api.discogs.com/artists/100558""}]",
1017133,14-3,track,Mama Said,4:07,"[{""name"": ""Smoke City"", ""anv"": """", ""join"": """", ""role"": """", ""tracks"": """", ""id"": 4112, ""resource_url"": ""https://api.discogs.com/artists/4112""}]",
1017133,14-4,track,Yaye Boy,4:01,"[{""name"": ""St Germain"", ""anv"": """", ""join"": """", ""role"": """", ""tracks"": """", ""id"": 74, ""resource_url"": ""https://api.discogs.com/artists/74""}]",
1017133,14-5,track,Grandma's Hands,1:59,"[{""name"": ""The Roots"", ""anv"": """", ""join"": """", ""role"": """", ""tracks"": """", ""id"": 76894, ""resource_url"": ""https://api.discogs.com/artists/76894""}]",
1017133,14-6,track,A Nos Amis,4:38,"[{""name"": ""Mad In Paris"", ""anv"": """", ""join"": """", ""role"": """", ""tracks"": """", ""id"": 61565, ""resource_url"": ""https://api.discogs.com/artists/61565""}]",
1017133,14-7,track,Home Is Where The Hatred Is,3:20,"[{""name"": ""Tricky"", ""anv"": """", ""join"": """", ""role"": """", ""tracks"": """", ""id"": 3140, ""resource_url"": ""https://api.discogs.com/artists/3140""}]",
1017133,14-8,track,African Border,3:17,"[{""name"": ""Rabih Abou-Khalil"", ""anv"": """", ""join"": """", ""role"": """", ""tracks"": """", ""id"": 504348, ""resource_url"": ""https://api.discogs.com/artists/504348""}]",
1017133,14-9,track,Lady Rachel,5:17,"[{""name"": ""Unknown Artist"", ""anv"": """", ""join"": """", ""role"": """", ""tracks"": """", ""id"": 355, ""resource_url"": ""https://api.discogs.com/artists/355""}]",
1017133,14-10,track,Chura Liya,7:13,"[{""name"": ""Ceux Qui Marchent Debout"", ""anv"": """", ""join"": """", ""role"": """", ""tracks"": """", ""id"": 649134, ""resource_url"": ""https://api.discogs.com/artists/649134""}]",
1017133,14-11,track,Lay Lady,3:35,"[{""name"": ""Fugees"", ""anv"": """", ""join"": """", ""role"": """", ""tracks"": """", ""id"": 18231, ""resource_url"": ""https://api.discogs.com/artists/18231""}]",
1017133,,heading,1995,,"[{""name"": ""Blood, Sweat And Tears"", ""anv"": """", ""join"": """", ""role"": """", ""tracks"": """", ""id"": 168907, ""resource_url"": ""https://api.discogs.com/artists/168907""}]",
1017133,15-1,track,Jingle,,"[{""name"": ""Yuri Buenaventura"", ""anv"": """", ""join"": """", ""role"": """", ""tracks"": """", ""id"": 313364, ""resource_url"": ""https://api.discogs.com/artists/313364""}]",
1017133,15-2,track,No Diggity,5:04,"[{""name"": ""Fun Lovin' Criminals"", ""anv"": """", ""join"": """", ""role"": """", ""tracks"": """", ""id"": 23671, ""resource_url"": ""https://api.discogs.com/artists/23671""}]",
1017133,15-3,track,Ya Rayah,6:13,"[{""name"": ""Funky Shammy"", ""anv"": """", ""join"": """", ""role"": """", ""tracks"": """", ""id"": 649133, ""resource_url"": ""https://api.discogs.com/artists/649133""}]",
1017133,15-4,track,"Turn On, Tune In, Cop Out",4:15,"[{""name"": ""Daft Punk"", ""anv"": """", ""join"": """", ""role"": """", ""tracks"": """", ""id"": 1289, ""resource_url"": ""https://api.discogs.com/artists/1289""}]",
1017133,15-5,track,Ice Cream,4:12,"[{""name"": ""Me'Shell Ndegéocello"", ""anv"": """", ""join"": """", ""role"": """", ""tracks"": """", ""id"": 504402, ""resource_url"": ""https://api.discogs.com/artists/504402""}]",
1017133,15-6,track,Underwater Love,5:10,"[{""name"": ""GZA"", ""anv"": """", ""join"": """", ""role"": """", ""tracks"": """", ""id"": 198518, ""resource_url"": ""https://api.discogs.com/artists/198518""}]",
1017133,15-7,track,Easy To Remember,9:38,"[{""name"": ""Lee Perry"", ""anv"": ""Lee \""Scratch\"" Perry"", ""join"": """", ""role"": """", ""tracks"": """", ""id"": 41272, ""resource_url"": ""https://api.discogs.com/artists/41272""}]",
1017133,15-8,track,Proceed,4:35,"[{""name"": ""Unknown Artist"", ""anv"": """", ""join"": """", ""role"": """", ""tracks"": """", ""id"": 355, ""resource_url"": ""https://api.discogs.com/artists/355""}]",
1017133,15-9,track,Paris A Le Blues (Dee Nasty Mix),5:14,"[{""name"": ""Bobby Womack"", ""anv"": """", ""join"": """", ""role"": """", ""tracks"": """", ""id"": 10463, ""resource_url"": ""https://api.discogs.com/artists/10463""}]",
1017133,15-10,track,Overcome,4:28,"[{""name"": ""Howie B."", ""anv"": """", ""join"": """", ""role"": """", ""tracks"": """", ""id"": 4831, ""resource_url"": ""https://api.discogs.com/artists/4831""}]",
1017133,15-11,track,Arabian Waltz,8:10,"[{""name"": ""Jimi Tenor"", ""anv"": """", ""join"": """", ""role"": """", ""tracks"": """", ""id"": 952, ""resource_url"": ""https://api.discogs.com/artists/952""}]",
1017133,,heading,1996,,"[{""name"": ""Coldcut"", ""anv"": """", ""join"": """", ""role"": """", ""tracks"": """", ""id"": 946, ""resource_url"": ""https://api.discogs.com/artists/946""}]",
1017133,16-1,track,Jingle,,"[{""name"": ""Saï Saï"", ""anv"": """", ""join"": """", ""role"": """", ""tracks"": """", ""id"": 471403, ""resource_url"": ""https://api.discogs.com/artists/471403""}]",
1017133,16-2,track,La Mayo,3:46,"[{""name"": ""Pressure Drop"", ""anv"": """", ""join"": """", ""role"": """", ""tracks"": """", ""id"": 2669, ""resource_url"": ""https://api.discogs.com/artists/2669""}]",
1017133,16-3,track,Fu Gee La,4:06,"[{""name"": ""Orchestre National De Barbès"", ""anv"": """", ""join"": """", ""role"": """", ""tracks"": """", ""id"": 199652, ""resource_url"": ""https://api.discogs.com/artists/199652""}]",
1017133,16-4,track,Spinning Wheel,4:07,"[{""name"": ""Leon Parker"", ""anv"": """", ""join"": """", ""role"": """", ""tracks"": """", ""id"": 338296, ""resource_url"": ""https://api.discogs.com/artists/338296""}]",
1017133,16-5,track,Ne Me Quitte Pas,5:37,"[{""name"": ""Blaze"", ""anv"": """", ""join"": """", ""role"": """", ""tracks"": """", ""id"": 13, ""resource_url"": ""https://api.discogs.com/artists/13""}]",
1017133,16-6,track,Scooby Snacks,3:02,"[{""name"": ""Roni Size"", ""anv"": """", ""join"": """", ""role"": """", ""tracks"": """", ""id"": 338, ""resource_url"": ""https://api.discogs.com/artists/338""}]",
1017133,16-7,track,My Shammy Six,4:01,"[{""name"": ""Serge Gainsbourg"", ""anv"": """", ""join"": """", ""role"": """", ""tracks"": """", ""id"": 5951, ""resource_url"": ""https://api.discogs.com/artists/5951""}]",
1017133,16-8,track,Around The World,3:59,"[{""name"": ""Unknown Artist"", ""anv"": """", ""join"": """", ""role"": """", ""tracks"": """", ""id"": 355, ""resource_url"": ""https://api.discogs.com/artists/355""}]",
1017133,16-9,track,Leviticus : Faggot,6:09,"[{""name"": ""DJ Food"", ""anv"": """", ""join"": """", ""role"": """", ""tracks"": """", ""id"": 1431, ""resource_url"": ""https://api.discogs.com/artists/1431""}]",
1017133,16-10,track,Liquid Swords,3:13,"[{""name"": ""Femi Kuti"", ""anv"": """", ""join"": """", ""role"": """", ""tracks"": """", ""id"": 3376, ""resource_url"": ""https://api.discogs.com/artists/3376""}]",
1017133,16-11,track,Ooh La La Dub,3:14,"[{""name"": ""Bran Van 3000"", ""anv"": """", ""join"": """", ""role"": """", ""tracks"": """", ""id"": 17588, ""resource_url"": ""https://api.discogs.com/artists/17588""}]",
1017133,,heading,1997,,"[{""name"": ""Alain Bashung"", ""anv"": """", ""join"": """", ""role"": """", ""tracks"": """", ""id"": 17974, ""resource_url"": ""https://api.discogs.com/artists/17974""}]",
1017133,17-1,track,Jingle,,"[{""name"": ""Taraf De Haïdouks"", ""anv"": """", ""join"": """", ""role"": """", ""tracks"": """", ""id"": 186105, ""resource_url"": ""https://api.discogs.com/artists/186105""}]",
1017133,17-2,track,Across 110th Street,3:43,"[{""name"": ""Shirley Bassey"", ""anv"": """", ""join"": ""Meets"", ""role"": """", ""tracks"": """", ""id"": 5492, ""resource_url"": ""https://api.discogs.com/artists/5492""}, {""name"": ""Booster"", ""anv"": """", ""join"": """", ""role"": """", ""tracks"": """", ""id"": 90005, ""resource_url"": ""https://api.discogs.com/artists/90005""}]",
1017133,17-3,track,Take Your Partner By The Hand,4:08,"[{""name"": ""Mercury Rev"", ""anv"": """", ""join"": """", ""role"": """", ""tracks"": """", ""id"": 9658, ""resource_url"": ""https://api.discogs.com/artists/9658""}]",
1017133,17-4,track,Can't Stay With You Baby,4:34,"[{""name"": ""Wasis Diop"", ""anv"": """", ""join"": """", ""role"": """", ""tracks"": """", ""id"": 30484, ""resource_url"": ""https://api.discogs.com/artists/30484""}]",
1017133,17-5,track,I'm Wild About That Thing,6:29,"[{""name"": ""Urban Species"", ""anv"": """", ""join"": """", ""role"": """", ""tracks"": """", ""id"": 6460, ""resource_url"": ""https://api.discogs.com/artists/6460""}]",
1017133,17-6,track,La Rime Paie,3:24,"[{""name"": ""Jimmy Scott"", ""anv"": """", ""join"": """", ""role"": """", ""tracks"": """", ""id"": 129731, ""resource_url"": ""https://api.discogs.com/artists/129731""}]",
1017133,17-7,track,Sound Of Time,4:48,"[{""name"": ""Unknown Artist"", ""anv"": """", ""join"": """", ""role"": """", ""tracks"": """", ""id"": 355, ""resource_url"": ""https://api.discogs.com/artists/355""}]",
1017133,17-8,track,Salam,5:57,"[{""name"": ""Mr. Scruff"", ""anv"": """", ""join"": """", ""role"": """", ""tracks"": """", ""id"": 3586, ""resource_url"": ""https://api.discogs.com/artists/3586""}]",
1017133,17-9,track,Ray Of Light,5:46,"[{""name"": ""The Herbaliser"", ""anv"": """", ""join"": """", ""role"": """", ""tracks"": """", ""id"": 968, ""resource_url"": ""https://api.discogs.com/artists/968""}]",
1017133,17-10,track,Lovelee Dae (20:20 Vision Accapella),4:10,"[{""name"": ""Incognito"", ""anv"": """", ""join"": """", ""role"": """", ""tracks"": """", ""id"": 763, ""resource_url"": ""https://api.discogs.com/artists/763""}]",
1017133,17-11,track,Heroes,5:40,"[{""name"": ""Tiken Jah Fakoly"", ""anv"": """", ""join"": """", ""role"": """", ""tracks"": """", ""id"": 185830, ""resource_url"": ""https://api.discogs.com/artists/185830""}]",
1017133,17-12,track,Cargo Culte,7:36,"[{""name"": ""Me One"", ""anv"": """", ""join"": """", ""role"": """", ""tracks"": """", ""id"": 370573, ""resource_url"": ""https://api.discogs.com/artists/370573""}]",
1017133,,heading,1998,,"[{""name"": ""Solo Jah Gunt"", ""anv"": """", ""join"": """", ""role"": """", ""tracks"": """", ""id"": 871596, ""resource_url"": ""https://api.discogs.com/artists/871596""}]",
1017133,18-1,track,Jingle,,"[{""name"": ""Songs Of Innocence"", ""anv"": """", ""join"": """", ""role"": """", ""tracks"": """", ""id"": 871600, ""resource_url"": ""https://api.discogs.com/artists/871600""}]",
1017133,18-2,track,Dark Lady,4:04,"[{""name"": ""Pink Martini"", ""anv"": """", ""join"": """", ""role"": """", ""tracks"": """", ""id"": 27852, ""resource_url"": ""https://api.discogs.com/artists/27852""}]",
1017133,18-3,track,Beng Beng Beng,4:43,"[{""name"": ""Spacek"", ""anv"": """", ""join"": """", ""role"": """", ""tracks"": """", ""id"": 8283, ""resource_url"": ""https://api.discogs.com/artists/8283""}]",
1017133,18-4,track,Drinking In L.A.,3:56,"[{""name"": ""Aphex Twin"", ""anv"": """", ""join"": """", ""role"": """", ""tracks"": """", ""id"": 45, ""resource_url"": ""https://api.discogs.com/artists/45""}]",
1017133,18-5,track,"La Nuit, Je Mens",4:25,"[{""name"": ""Avril"", ""anv"": """", ""join"": """", ""role"": """", ""tracks"": """", ""id"": 1085, ""resource_url"": ""https://api.discogs.com/artists/1085""}]",
1017133,18-6,track,Dumbala Dumba,2:12,"[{""name"": ""Unknown Artist"", ""anv"": """", ""join"": """", ""role"": """", ""tracks"": """", ""id"": 355, ""resource_url"": ""https://api.discogs.com/artists/355""}]",
1017133,18-7,track,Light My Fire,5:05,"[{""name"": ""Meitz"", ""anv"": """", ""join"": """", ""role"": """", ""tracks"": """", ""id"": 9000, ""resource_url"": ""https://api.discogs.com/artists/9000""}]",
1017133,18-8,track,Holes,5:53,"[{""name"": ""Zuco 103"", ""anv"": """", ""join"": """", ""role"": """", ""tracks"": """", ""id"": 9757, ""resource_url"": ""https://api.discogs.com/artists/9757""}]",
1017133,18-9,track,Samba Le Berger,4:10,"[{""name"": ""Lee Dorsey"", ""anv"": """", ""join"": """", ""role"": """", ""tracks"": """", ""id"": 44129, ""resource_url"": ""https://api.discogs.com/artists/44129""}]",
1017133,18-10,track,Destructive,3:55,"[{""name"": ""PM"", ""anv"": """", ""join"": """", ""role"": """", ""tracks"": """", ""id"": 104704, ""resource_url"": ""https://api.discogs.com/artists/104704""}]",
1017133,18-11,track,Nothing Compares 2U,6:15,"[{""name"": ""Drugs"", ""anv"": """", ""join"": """", ""role"": """", ""tracks"": """", ""id"": 94980, ""resource_url"": ""https://api.discogs.com/artists/94980""}]",
1017133,,heading,1999,,"[{""name"": ""Orchestre Andalou D'Israël"", ""anv"": ""Orchestre Andalous D'Israël"", ""join"": """", ""role"": """", ""tracks"": """", ""id"": 15435273, ""resource_url"": ""https://api.discogs.com/artists/15435273""}]",
1017133,19-1,track,Jingle,,"[{""name"": ""I:Cube"", ""anv"": """", ""join"": """", ""role"": """", ""tracks"": """", ""id"": 1029, ""resource_url"": ""https://api.discogs.com/artists/1029""}]",
1017133,19-2,track,Get A Move On,3:23,"[{""name"": ""The Baby Namboos"", ""anv"": """", ""join"": """", ""role"": """", ""tracks"": """", ""id"": 1158877, ""resource_url"": ""https://api.discogs.com/artists/1158877""}]",
1017133,19-3,track,When I Shine (Dynamic Syncopation Remix),2:41,"[{""name"": ""Bebel Gilberto"", ""anv"": """", ""join"": """", ""role"": """", ""tracks"": """", ""id"": 17090, ""resource_url"": ""https://api.discogs.com/artists/17090""}]",
1017133,19-4,track,Nights Over Egypt,5:46,"[{""name"": ""Château Flight"", ""anv"": """", ""join"": """", ""role"": """", ""tracks"": """", ""id"": 437260, ""resource_url"": ""https://api.discogs.com/artists/437260""}]",
1017133,19-5,track,Plus Jamais Ca,3:50,"[{""name"": ""Laurent Garnier"", ""anv"": """", ""join"": """", ""role"": """", ""tracks"": """", ""id"": 750, ""resource_url"": ""https://api.discogs.com/artists/750""}]",
1017133,19-6,track,In My Room,3:58,"[{""name"": ""Unknown Artist"", ""anv"": """", ""join"": """", ""role"": """", ""tracks"": """", ""id"": 355, ""resource_url"": ""https://api.discogs.com/artists/355""}]",
1017133,19-7,track,Mr Le Président,3:37,"[{""name"": ""Tricky"", ""anv"": """", ""join"": """", ""role"": """", ""tracks"": """", ""id"": 3140, ""resource_url"": ""https://api.discogs.com/artists/3140""}]",
1017133,19-8,track,Toma Que Toma,2:52,"[{""name"": ""Roots Manuva"", ""anv"": """", ""join"": """", ""role"": """", ""tracks"": """", ""id"": 2194, ""resource_url"": ""https://api.discogs.com/artists/2194""}]",
1017133,19-9,track,Sympathique,2:47,"[{""name"": ""Iggy Pop"", ""anv"": """", ""join"": """", ""role"": """", ""tracks"": """", ""id"": 11073, ""resource_url"": ""https://api.discogs.com/artists/11073""}]",
1017133,19-10,track,Eve,6:17,"[{""name"": ""Le Peuple De L'Herbe"", ""anv"": """", ""join"": """", ""role"": """", ""tracks"": """", ""id"": 19259, ""resource_url"": ""https://api.discogs.com/artists/19259""}]",
1017133,19-11,track,Windowlicker,6:06,"[{""name"": ""Howie B."", ""anv"": """", ""join"": """", ""role"": """", ""tracks"": """", ""id"": 4831, ""resource_url"": ""https://api.discogs.com/artists/4831""}]",
1017133,19-12,track,Velvet Blues,3:42,"[{""name"": ""Gotan Project"", ""anv"": """", ""join"": """", ""role"": """", ""tracks"": """", ""id"": 3196, ""resource_url"": ""https://api.discogs.com/artists/3196""}]",
1017133,,heading,2000,,"[{""name"": ""Metro Area"", ""anv"": """", ""join"": """", ""role"": """", ""tracks"": """", ""id"": 1476, ""resource_url"": ""https://api.discogs.com/artists/1476""}]",
1017133,20-1,track,Jingle,,"[{""name"": ""Booster"", ""anv"": """", ""join"": """", ""role"": """", ""tracks"": """", ""id"": 90005, ""resource_url"": ""https://api.discogs.com/artists/90005""}]",
1017133,20-2,track,Africa,7:32,"[{""name"": ""Lamb"", ""anv"": """", ""join"": """", ""role"": """", ""tracks"": """", ""id"": 655, ""resource_url"": ""https://api.discogs.com/artists/655""}]",
1017133,20-3,track,Outro Lado (Mix By Charles Webster),3:55,"[{""name"": ""Charles Webster"", ""anv"": """", ""join"": """", ""role"": """", ""tracks"": """", ""id"": 4858, ""resource_url"": ""https://api.discogs.com/artists/4858""}]",
1017133,20-4,track,Get Out Of My Life Woman,2:20,"[{""name"": ""Unknown Artist"", ""anv"": """", ""join"": """", ""role"": """", ""tracks"": """", ""id"": 355, ""resource_url"": ""https://api.discogs.com/artists/355""}]",
1017133,20-5,track,Les Petits Chefs,3:57,"[{""name"": ""Bumcello"", ""anv"": """", ""join"": """", ""role"": """", ""tracks"": """", ""id"": 29649, ""resource_url"": ""https://api.discogs.com/artists/29649""}]",
1017133,20-6,track,Strung Out,3:12,"[{""name"": ""Galt MacDermot"", ""anv"": """", ""join"": """", ""role"": """", ""tracks"": """", ""id"": 179056, ""resource_url"": ""https://api.discogs.com/artists/179056""}]",
1017133,20-7,track,Ya Rayah,6:12,"[{""name"": ""Camille"", ""anv"": """", ""join"": """", ""role"": """", ""tracks"": """", ""id"": 87774, ""resource_url"": ""https://api.discogs.com/artists/87774""}]",
1017133,20-8,track,Adore,6:53,"[{""name"": ""Seelenluft"", ""anv"": """", ""join"": """", ""role"": """", ""tracks"": """", ""id"": 17099, ""resource_url"": ""https://api.discogs.com/artists/17099""}]",
1017133,20-9,track,Ancoats 2 Zambia,4:12,"[{""name"": ""Boards Of Canada"", ""anv"": """", ""join"": """", ""role"": """", ""tracks"": """", ""id"": 307, ""resource_url"": ""https://api.discogs.com/artists/307""}]",
1017133,20-10,track,Sem Contençao,3:08,"[{""name"": ""The Cinematic Orchestra"", ""anv"": """", ""join"": """", ""role"": """", ""tracks"": """", ""id"": 3384, ""resource_url"": ""https://api.discogs.com/artists/3384""}]",
1017133,20-11,track,Camping Jazz,4:15,"[{""name"": ""DJ Vadim"", ""anv"": """", ""join"": """", ""role"": """", ""tracks"": """", ""id"": 1444, ""resource_url"": ""https://api.discogs.com/artists/1444""}]",
1017133,20-12,track,The Man With The Red Face,9:07,"[{""name"": ""Opus Akoben"", ""anv"": """", ""join"": """", ""role"": """", ""tracks"": """", ""id"": 458020, ""resource_url"": ""https://api.discogs.com/artists/458020""}]",
1017133,,heading,2001,,"[{""name"": ""Rouge Rouge"", ""anv"": """", ""join"": """", ""role"": """", ""tracks"": """", ""id"": 83297, ""resource_url"": ""https://api.discogs.com/artists/83297""}]",
1017133,21-1,track,Jingle,,"[{""name"": ""Gater"", ""anv"": """", ""join"": """", ""role"": """", ""tracks"": """", ""id"": 45800, ""resource_url"": ""https://api.discogs.com/artists/45800""}]",
1017133,21-2,track,Evolution Revolution Love,4:07,"[{""name"": ""Zongamin"", ""anv"": """", ""join"": """", ""role"": """", ""tracks"": """", ""id"": 30425, ""resource_url"": ""https://api.discogs.com/artists/30425""}]",
1017133,21-3,track,Join The Dots,3:58,"[{""name"": ""Unknown Artist"", ""anv"": """", ""join"": """", ""role"": """", ""tracks"": """", ""id"": 355, ""resource_url"": ""https://api.discogs.com/artists/355""}]",
1017133,21-4,track,Lust For Life,5:11,"[{""name"": ""Slow Train"", ""anv"": """", ""join"": """", ""role"": """", ""tracks"": """", ""id"": 155578, ""resource_url"": ""https://api.discogs.com/artists/155578""}]",
1017133,21-5,track,PH Theme,3:51,"[{""name"": ""Datarock"", ""anv"": """", ""join"": """", ""role"": """", ""tracks"": """", ""id"": 70887, ""resource_url"": ""https://api.discogs.com/artists/70887""}]",
1017133,21-6,track,Duet,3:52,"[{""name"": ""Alpha"", ""anv"": """", ""join"": """", ""role"": """", ""tracks"": """", ""id"": 7150, ""resource_url"": ""https://api.discogs.com/artists/7150""}]",
1017133,21-7,track,Epoca,4:26,"[{""name"": ""Cody ChesnuTT"", ""anv"": """", ""join"": """", ""role"": """", ""tracks"": """", ""id"": 69467, ""resource_url"": ""https://api.discogs.com/artists/69467""}]",
1017133,21-8,track,Tonky Pumpz,4:26,"[{""name"": ""Romuald"", ""anv"": """", ""join"": """", ""role"": """", ""tracks"": """", ""id"": 43525, ""resource_url"": ""https://api.discogs.com/artists/43525""}]",
1017133,21-9,track,You're The One,3:20,"[{""name"": ""Metropolitan Jazz Affair"", ""anv"": """", ""join"": """", ""role"": """", ""tracks"": """", ""id"": 173962, ""resource_url"": ""https://api.discogs.com/artists/173962""}]",
1017133,21-10,track,What A Sound,3:38,"[{""name"": ""Mulatu Astatke"", ""anv"": """", ""join"": """", ""role"": """", ""tracks"": """", ""id"": 286112, ""resource_url"": ""https://api.discogs.com/artists/286112""}]",
1017133,21-11,track,Sweet Butterfly,5:34,"[{""name"": ""General Elektriks"", ""anv"": ""General Electrics"", ""join"": """", ""role"": """", ""tracks"": """", ""id"": 786649, ""resource_url"": ""https://api.discogs.com/artists/786649""}]",
1017133,,heading,2002,,"[{""name"": ""Sébastien Schuller"", ""anv"": """", ""join"": """", ""role"": """", ""tracks"": """", ""id"": 509938, ""resource_url"": ""https://api.discogs.com/artists/509938""}]",
1017133,22-1,track,Jingle,,"[{""name"": ""Wendy Rene"", ""anv"": """", ""join"": """", ""role"": """", ""tracks"": """", ""id"": 136176, ""resource_url"": ""https://api.discogs.com/artists/136176""}]",
1017133,22-2,track,Sararevé,5:06,"[{""name"": ""Track Addicts"", ""anv"": """", ""join"": """", ""role"": """", ""tracks"": """", ""id"": 248750, ""resource_url"": ""https://api.discogs.com/artists/248750""}]",
1017133,22-3,track,Coffee Cold,3:21,"[{""name"": ""Unknown Artist"", ""anv"": """", ""join"": """", ""role"": """", ""tracks"": """", ""id"": 355, ""resource_url"": ""https://api.discogs.com/artists/355""}]",
1017133,22-4,track,Paris,3:46,"[{""name"": ""Las Ondas Marteles"", ""anv"": """", ""join"": """", ""role"": """", ""tracks"": """", ""id"": 641765, ""resource_url"": ""https://api.discogs.com/artists/641765""}]",
1017133,22-5,track,Manila,3:45,"[{""name"": ""Sporto Kantes"", ""anv"": """", ""join"": """", ""role"": """", ""tracks"": """", ""id"": 10302, ""resource_url"": ""https://api.discogs.com/artists/10302""}]",
1017133,22-6,track,Alpha & Omega,7:02,"[{""name"": ""Femi Kuti"", ""anv"": """", ""join"": """", ""role"": """", ""tracks"": """", ""id"": 3376, ""resource_url"": ""https://api.discogs.com/artists/3376""}]",
1017133,22-7,track,All That You Give,4:22,"[{""name"": ""Nouvelle Vague"", ""anv"": """", ""join"": """", ""role"": """", ""tracks"": """", ""id"": 212084, ""resource_url"": ""https://api.discogs.com/artists/212084""}]",
1017133,22-8,track,That Which Is Coming,6:18,"[{""name"": ""Munk"", ""anv"": """", ""join"": ""&"", ""role"": """", ""tracks"": """", ""id"": 32286, ""resource_url"": ""https://api.discogs.com/artists/32286""}, {""name"": ""James Murphy"", ""anv"": """", ""join"": """", ""role"": """", ""tracks"": """", ""id"": 153534, ""resource_url"": ""https://api.discogs.com/artists/153534""}]",
1017133,22-9,track,EPO,5:43,"[{""name"": ""Seu Jorge"", ""anv"": """", ""join"": """", ""role"": """", ""tracks"": """", ""id"": 17751, ""resource_url"": ""https://api.discogs.com/artists/17751""}]",
1017133,22-10,track,Décide-Toi,4:27,"[{""name"": ""Curtis Mayfield"", ""anv"": """", ""join"": """", ""role"": """", ""tracks"": """", ""id"": 17589, ""resource_url"": ""https://api.discogs.com/artists/17589""}]",
1017133,22-11,track,Taboo,4:18,"[{""name"": ""Beat Assailant"", ""anv"": """", ""join"": """", ""role"": """", ""tracks"": """", ""id"": 196024, ""resource_url"": ""https://api.discogs.com/artists/196024""}]",
1017133,22-12,track,Tunnel Music,5:26,"[{""name"": ""Dub Trio"", ""anv"": """", ""join"": """", ""role"": """", ""tracks"": """", ""id"": 235206, ""resource_url"": ""https://api.discogs.com/artists/235206""}]",
1017133,,heading,2003,,"[{""name"": ""10cc"", ""anv"": ""Ten CC"", ""join"": """", ""role"": """", ""tracks"": """", ""id"": 39775, ""resource_url"": ""https://api.discogs.com/artists/39775""}]",
1017133,23-1,track,Jingle,,"[{""name"": ""Spleen (3)"", ""anv"": """", ""join"": """", ""role"": """", ""tracks"": """", ""id"": 583745, ""resource_url"": ""https://api.discogs.com/artists/583745""}]",
1017133,23-2,track,In The Black Of Night,4:37,"[{""name"": ""Sébastien Tellier"", ""anv"": """", ""join"": """", ""role"": """", ""tracks"": """", ""id"": 2280, ""resource_url"": ""https://api.discogs.com/artists/2280""}]",
1017133,23-3,track,Computer Camp Love,3:04,"[{""name"": ""Unknown Artist"", ""anv"": """", ""join"": """", ""role"": """", ""tracks"": """", ""id"": 355, ""resource_url"": ""https://api.discogs.com/artists/355""}]",
1017133,23-4,track,Elvis,3:18,"[{""name"": ""Wax Tailor"", ""anv"": """", ""join"": """", ""role"": """", ""tracks"": """", ""id"": 288583, ""resource_url"": ""https://api.discogs.com/artists/288583""}]",
1017133,23-5,track,The World Is Coming To My Party,4:26,"[{""name"": ""El Diez"", ""anv"": """", ""join"": """", ""role"": """", ""tracks"": """", ""id"": 391219, ""resource_url"": ""https://api.discogs.com/artists/391219""}]",
1017133,23-6,track,A Strange Light In Your Eyes,5:38,"[{""name"": ""Apollo 9"", ""anv"": ""Apollo Nove"", ""join"": """", ""role"": """", ""tracks"": """", ""id"": 74762, ""resource_url"": ""https://api.discogs.com/artists/74762""}]",
1017133,23-7,track,Yunowhathislifeez (Motion City Mix),4:40,"[{""name"": ""Radio City"", ""anv"": """", ""join"": """", ""role"": """", ""tracks"": """", ""id"": 322581, ""resource_url"": ""https://api.discogs.com/artists/322581""}]",
1017133,23-8,track,Mètché Dershé,3:55,"[{""name"": ""Blackalicious"", ""anv"": """", ""join"": ""with"", ""role"": """", ""tracks"": """", ""id"": 3270, ""resource_url"": ""https://api.discogs.com/artists/3270""}, {""name"": ""Lateef The Truth Speaker"", ""anv"": ""Lateef"", ""join"": ""&"", ""role"": """", ""tracks"": """", ""id"": 25666, ""resource_url"": ""https://api.discogs.com/artists/25666""}, {""name"": ""Pigeon John"", ""anv"": """", ""join"": """", ""role"": """", ""tracks"": """", ""id"": 143058, ""resource_url"": ""https://api.discogs.com/artists/143058""}]",
1017133,23-9,track,Tu M'Intrigues,4:46,"[{""name"": ""David Walters"", ""anv"": """", ""join"": """", ""role"": """", ""tracks"": """", ""id"": 78248, ""resource_url"": ""https://api.discogs.com/artists/78248""}]",
1017133,23-10,track,Sleeping Song,4:15,"[{""name"": ""Fink"", ""anv"": """", ""join"": """", ""role"": """", ""tracks"": """", ""id"": 4080, ""resource_url"": ""https://api.discogs.com/artists/4080""}]",
1017133,23-11,track,After Laughter (Come Tears),2:56,"[{""name"": ""David McCallum"", ""anv"": """", ""join"": """", ""role"": """", ""tracks"": """", ""id"": 15156, ""resource_url"": ""https://api.discogs.com/artists/15156""}]",
1017133,23-12,track,Unwind,3:42,"[{""name"": ""One Self"", ""anv"": """", ""join"": """", ""role"": """", ""tracks"": """", ""id"": 301079, ""resource_url"": ""https://api.discogs.com/artists/301079""}]",
1017133,,heading,2004,,"[{""name"": ""Handsome Boy Modeling School"", ""anv"": """", ""join"": """", ""role"": """", ""tracks"": """", ""id"": 212492, ""resource_url"": ""https://api.discogs.com/artists/212492""}]",
1017133,24-1,track,Jingle,,"[{""name"": ""Syd Matters"", ""anv"": """", ""join"": """", ""role"": """", ""tracks"": """", ""id"": 171373, ""resource_url"": ""https://api.discogs.com/artists/171373""}]",
1017133,24-2,track,Rima Caribena,2:57,"[{""name"": ""Joe Dukie"", ""anv"": """", ""join"": ""&"", ""role"": """", ""tracks"": """", ""id"": 173149, ""resource_url"": ""https://api.discogs.com/artists/173149""}, {""name"": ""DJ Fitchie"", ""anv"": """", ""join"": """", ""role"": """", ""tracks"": """", ""id"": 174768, ""resource_url"": ""https://api.discogs.com/artists/174768""}]",
1017133,24-3,track,Impressed,3:43,,
1017133,24-4,track,Oyimbo,4:16,,
1017133,24-5,track,Making Plans For Nigel,3:31,,
1017133,24-6,track,Kick Out The Chairs (WhoMadeWho Remix),3:26,,
1017133,24-7,track,Tive Razão,4:32,,
1017133,24-8,track,Billy Jack,6:05,,
1017133,24-9,track,Hard Twelve,4:00,,
1017133,24-10,track,Drive By Dub,4:10,,
1017133,24-11,track,Dreadlock Holiday,4:23,,
1017133,24-12,track,Bitches Of The Ground,5:13,,
1017133,24-13,track,La Ritournelle,7:33,,
1017133,,heading,2005,,,
1017133,25-1,track,Jingle,,,
1017133,25-2,track,Que Sera,2:44,,
1017133,25-3,track,Zun Zun,2:40,,
1017133,25-4,track,Inexplicata,4:19,,
1017133,25-5,track,The Hop,3:33,,
1017133,25-6,track,Side To Side,3:45,,
1017133,25-7,track,Mésy Bon Dyé,3:33,,
1017133,25-8,track,Pretty Little Thing,4:35,,
1017133,25-9,track,The Edge,2:52,,
1017133,25-10,track,Bluebird,3:49,,
1017133,25-11,track,I've Been Thinking,5:24,,
1017133,25-12,track,To All Of You,3:29,,
1017133,25-13,track,Midnight Marauders,7:06,,
1019169,A1,track,Boogie Down (Original Mix),,,"[{""name"": ""Fedde Le Grand"", ""anv"": """", ""join"": """", ""role"": ""Remix"", ""tracks"": """", ""id"": 239223, ""resource_url"": ""https://api.discogs.com/artists/239223""}]"
1019169,A2,track,Boogie Down (Fedde Le Grand Remix),,,"[{""name"": ""DJ Delicious"", ""anv"": """", ""join"": """", ""role"": ""Remix"", ""tracks"": """", ""id"": 12770, ""resource_url"": ""https://api.discogs.com/artists/12770""}]"
1019169,B1,track,Boogie Down (DJ Delicious Remix),,,"[{""name"": ""Igor Valente"", ""anv"": """", ""join"": """", ""role"": ""Remix"", ""tracks"": """", ""id"": 1162197, ""resource_url"": ""https://api.discogs.com/artists/1162197""}]"
1019169,B2,track,Boogie Down (Igor Valente Nu Funk Dub),,,
10212447,1,track,Strada Di Casa,,"[{""name"": ""Diego Amura"", ""anv"": """", ""join"": """", ""role"": """", ""tracks"": """", ""id"": 4763892, ""resource_url"": ""https://api.discogs.com/artists/4763892""}]","[{""name"": ""Drum Complex"", ""anv"": """", ""join"": """", ""role"": ""Remix"", ""tracks"": """", ""id"": 5722602, ""resource_url"": ""https://api.discogs.com/artists/5722602""}]"
10212447,2,track,The Last Chance (Drum Complex Remix ),,"[{""name"": ""Dr. Hoffmann Gabeen"", ""anv"": """", ""join"": """", ""role"": """", ""tracks"": """", ""id"": 5722605, ""resource_url"": ""https://api.discogs.com/artists/5722605""}]","[{""name"": ""Joton"", ""anv"": """", ""join"": """", ""role"": ""Remix"", ""tracks"": """", ""id"": 406984, ""resource_url"": ""https://api.discogs.com/artists/406984""}]"
10212447,3,track,Mindfulness,,"[{""name"": ""Darkotic (2)"", ""anv"": """", ""join"": """", ""role"": """", ""tracks"": """", ""id"": 4222073, ""resource_url"": ""https://api.discogs.com/artists/4222073""}]","[{""name"": ""Domen"", ""anv"": """", ""join"": """", ""role"": ""Remix"", ""tracks"": """", ""id"": 336029, ""resource_url"": ""https://api.discogs.com/artists/336029""}]"
10212447,4,track,Wild Yard,,"[{""name"": ""Alex Dolby"", ""anv"": """", ""join"": """", ""role"": """", ""tracks"": """", ""id"": 143905, ""resource_url"": ""https://api.discogs.com/artists/143905""}]","[{""name"": ""Regis"", ""anv"": """", ""join"": """", ""role"": ""Remix"", ""tracks"": """", ""id"": 1165, ""resource_url"": ""https://api.discogs.com/artists/1165""}]"
10212447,5,track,Miiit,,"[{""name"": ""Küjuu"", ""anv"": """", ""join"": """", ""role"": """", ""tracks"": """", ""id"": 4603751, ""resource_url"": ""https://api.discogs.com/artists/4603751""}]","[{""name"": ""Gotshell"", ""anv"": """", ""join"": """", ""role"": ""Remix"", ""tracks"": """", ""id"": 4543220, ""resource_url"": ""https://api.discogs.com/artists/4543220""}]"
10212447,6,track,Z Age,,"[{""name"": ""Dr. Cyanide"", ""anv"": """", ""join"": """", ""role"": """", ""tracks"": """", ""id"": 1073524, ""resource_url"": ""https://api.discogs.com/artists/1073524""}]","[{""name"": ""Paul Birken"", ""anv"": """", ""join"": """", ""role"": ""Remix"", ""tracks"": """", ""id"": 4384, ""resource_url"": ""https://api.discogs.com/artists/4384""}]"
10212447,7,track,Optical Tools (Joton Rmx 2),,"[{""name"": ""Joaquin Ruiz"", ""anv"": """", ""join"": """", ""role"": """", ""tracks"": """", ""id"": 5722603, ""resource_url"": ""https://api.discogs.com/artists/5722603""}]",
10212447,8,track,Drums And Bones,,"[{""name"": ""Liss C."", ""anv"": """", ""join"": """", ""role"": """", ""tracks"": """", ""id"": 2366451, ""resource_url"": ""https://api.discogs.com/artists/2366451""}]",
10212447,9,track,13.3,,"[{""name"": ""Drop-E"", ""anv"": """", ""join"": """", ""role"": """", ""tracks"": """", ""id"": 4820005, ""resource_url"": ""https://api.discogs.com/artists/4820005""}]",
10212447,10,track,Infrared,,"[{""name"": ""Pyramidal Decode"", ""anv"": """", ""join"": """", ""role"": """", ""tracks"": """", ""id"": 5504691, ""resource_url"": ""https://api.discogs.com/artists/5504691""}]",
10212447,11,track,Dont Try To Fuck Up,,"[{""name"": ""XXX (37)"", ""anv"": """", ""join"": """", ""role"": """", ""tracks"": """", ""id"": 5105343, ""resource_url"": ""https://api.discogs.com/artists/5105343""}]",
10212447,12,track,Childs Play,,"[{""name"": ""D&S (7)"", ""anv"": """", ""join"": """", ""role"": """", ""tracks"": """", ""id"": 6066652, ""resource_url"": ""https://api.discogs.com/artists/6066652""}]",
10212447,13,track,Lion In The Way ,,"[{""name"": ""Mike Nylons"", ""anv"": """", ""join"": """", ""role"": """", ""tracks"": """", ""id"": 244477, ""resource_url"": ""https://api.discogs.com/artists/244477""}]",
10212447,14,track,Four,,"[{""name"": ""Mikadroid"", ""anv"": """", ""join"": ""&"", ""role"": """", ""tracks"": """", ""id"": 5680365, ""resource_url"": ""https://api.discogs.com/artists/5680365""}, {""name"": ""Dubras"", ""anv"": """", ""join"": """", ""role"": """", ""tracks"": """", ""id"": 5722607, ""resource_url"": ""https://api.discogs.com/artists/5722607""}]",
10212447,15,track,End Of The Night (Domen Remix),,"[{""name"": ""Kalter Ende"", ""anv"": """", ""join"": """", ""role"": """", ""tracks"": """", ""id"": 2005312, ""resource_url"": ""https://api.discogs.com/artists/2005312""}]",
10212447,16,track,Ashen Horse (Unrelease Version),,"[{""name"": ""YYL"", ""anv"": """", ""join"": """", ""role"": """", ""tracks"": """", ""id"": 5722606, ""resource_url"": ""https://api.discogs.com/artists/5722606""}]",
10212447,17,track,Avarice,,"[{""name"": ""P.E.A.R.L."", ""anv"": """", ""join"": """", ""role"": """", ""tracks"": """", ""id"": 859801, ""resource_url"": ""https://api.discogs.com/artists/859801""}]",
10212447,18,track,Confirmation,,"[{""name"": ""Melania ."", ""anv"": """", ""join"": """", ""role"": """", ""tracks"": """", ""id"": 5724353, ""resource_url"": ""https://api.discogs.com/artists/5724353""}]",
10212447,19,track,Assault On Precinct 6,,"[{""name"": ""6SISS"", ""anv"": """", ""join"": """", ""role"": """", ""tracks"": """", ""id"": 3228028, ""resource_url"": ""https://api.discogs.com/artists/3228028""}]",
10212447,20,track,Bipolar Perversions,,"[{""name"": ""Liss C."", ""anv"": """", ""join"": """", ""role"": """", ""tracks"": """", ""id"": 2366451, ""resource_url"": ""https://api.discogs.com/artists/2366451""}]",
10212447,21,track,Peels A Tangerine (Regis Remix),,"[{""name"": ""Svreca"", ""anv"": """", ""join"": """", ""role"": """", ""tracks"": """", ""id"": 695689, ""resource_url"": ""https://api.discogs.com/artists/695689""}]",
10212447,22,track,Anguish,,"[{""name"": ""Roebin de Freitas"", ""anv"": """", ""join"": """", ""role"": """", ""tracks"": """", ""id"": 714807, ""resource_url"": ""https://api.discogs.com/artists/714807""}]",
10212447,23,track,Blomka,,"[{""name"": ""Shxcxchcxsh"", ""anv"": """", ""join"": """", ""role"": """", ""tracks"": """", ""id"": 2767020, ""resource_url"": ""https://api.discogs.com/artists/2767020""}]",
10212447,24,track,Onscreen,,"[{""name"": ""6SISS"", ""anv"": """", ""join"": """", ""role"": """", ""tracks"": """", ""id"": 3228028, ""resource_url"": ""https://api.discogs.com/artists/3228028""}]",
10212447,25,track,A Dark Corner ,,"[{""name"": ""6SISS"", ""anv"": """", ""join"": """", ""role"": """", ""tracks"": """", ""id"": 3228028, ""resource_url"": ""https://api.discogs.com/artists/3228028""}]",
10212447,26,track,Lax_conduction,,"[{""name"": ""Paul Birken"", ""anv"": """", ""join"": """", ""role"": """", ""tracks"": """", ""id"": 4384, ""resource_url"": ""https://api.discogs.com/artists/4384""}]",
10212447,27,track,Nuestra Planeta,,"[{""name"": ""Post Scriptum (6)"", ""anv"": """", ""join"": """", ""role"": """", ""tracks"": """", ""id"": 4413232, ""resource_url"": ""https://api.discogs.com/artists/4413232""}]",
10212447,28,track,Unknow Track,,"[{""name"": ""Gravity Disturbance"", ""anv"": """", ""join"": """", ""role"": """", ""tracks"": """", ""id"": 5170316, ""resource_url"": ""https://api.discogs.com/artists/5170316""}]",
10212447,29,track,Mass Conductor Tiercel,,"[{""name"": ""Bnjmn"", ""anv"": """", ""join"": """", ""role"": """", ""tracks"": """", ""id"": 1844953, ""resource_url"": ""https://api.discogs.com/artists/1844953""}]",
10212447,30,track,Mettareflector,,"[{""name"": ""Vortex Count"", ""anv"": """", ""join"": """", ""role"": """", ""tracks"": """", ""id"": 4770819, ""resource_url"": ""https://api.discogs.com/artists/4770819""}]",
10212447,31,track,Days Of Madness,,"[{""name"": ""Eliom"", ""anv"": """", ""join"": """", ""role"": """", ""tracks"": """", ""id"": 5722604, ""resource_url"": ""https://api.discogs.com/artists/5722604""}]",
10212447,32,track,Worked With Your Girl ,,"[{""name"": ""XXX (37)"", ""anv"": """", ""join"": """", ""role"": """", ""tracks"": """", ""id"": 5105343, ""resource_url"": ""https://api.discogs.com/artists/5105343""}]",
10212447,33,track,Perseverance,,"[{""name"": ""Rhombic"", ""anv"": """", ""join"": """", ""role"": """", ""tracks"": """", ""id"": 5619399, ""resource_url"": ""https://api.discogs.com/artists/5619399""}]",
10212447,34,track,Unknown Thought,,"[{""name"": ""0X-303"", ""anv"": """", ""join"": """", ""role"": """", ""tracks"": """", ""id"": 5722601, ""resource_url"": ""https://api.discogs.com/artists/5722601""}]",
10212447,35,track,Stepmode (Gotshell Remix),,"[{""name"": ""Housemeister"", ""anv"": """", ""join"": """", ""role"": """", ""tracks"": """", ""id"": 52112, ""resource_url"": ""https://api.discogs.com/artists/52112""}]",
10212447,36,track,Twelve Tones Manoeuvre,,"[{""name"": ""Rhombic"", ""anv"": """", ""join"": """", ""role"": """", ""tracks"": """", ""id"": 5619399, ""resource_url"": ""https://api.discogs.com/artists/5619399""}]",
10212447,37,track,Ever So Merry (Paul Birken Remix),,"[{""name"": ""Keepsakes (2)"", ""anv"": """", ""join"": """", ""role"": """", ""tracks"": """", ""id"": 3296734, ""resource_url"": ""https://api.discogs.com/artists/3296734""}]",
10212447,38,track,Don't Get Fat,,"[{""name"": ""XXX (37)"", ""anv"": """", ""join"": """", ""role"": """", ""tracks"": """", ""id"": 5105343, ""resource_url"": ""https://api.discogs.com/artists/5105343""}]",
10212447,39,track,RE-001,,"[{""name"": ""A Thousand Details"", ""anv"": """", ""join"": """", ""role"": """", ""tracks"": """", ""id"": 4394372, ""resource_url"": ""https://api.discogs.com/artists/4394372""}]",
10212447,40,track,Year Zero,,"[{""name"": ""Post Scriptum (6)"", ""anv"": """", ""join"": """", ""role"": """", ""tracks"": """", ""id"": 4413232, ""resource_url"": ""https://api.discogs.com/artists/4413232""}]",
10212447,41,track,000041,,"[{""name"": ""E110101"", ""anv"": """", ""join"": """", ""role"": """", ""tracks"": """", ""id"": 4456915, ""resource_url"": ""https://api.discogs.com/artists/4456915""}]",
1021298,A,track,Nord Rock Part I,,,
1021298,B1,track,Nord Rock Part II,,,
1021298,B2,track,Siddharta,,,
10217861,A,track,Days Of Wine And Roses,,"[{""name"": ""The Dream Syndicate"", ""anv"": """", ""join"": """", ""role"": """", ""tracks"": """", ""id"": 306995, ""resource_url"": ""https://api.discogs.com/artists/306995""}]",
10217861,B1,track,Meet My Family Doctor,,"[{""name"": ""The Flesh Eaters"", ""anv"": ""Flesh Eaters"", ""join"": """", ""role"": """", ""tracks"": """", ""id"": 257142, ""resource_url"": ""https://api.discogs.com/artists/257142""}]",
10217861,B2,track,Next To Nothing,,"[{""name"": ""Savage Republic"", ""anv"": """", ""join"": """", ""role"": """", ""tracks"": """", ""id"": 121133, ""resource_url"": ""https://api.discogs.com/artists/121133""}]",
102185,1-01,track,Trauma,4:35,"[{""name"": ""80 Aum"", ""anv"": """", ""join"": """", ""role"": """", ""tracks"": """", ""id"": 7677, ""resource_url"": ""https://api.discogs.com/artists/7677""}]","[{""name"": ""Edoo / Nash"", ""anv"": """", ""join"": """", ""role"": ""Written By"", ""tracks"": """", ""id"": 0, ""resource_url"": """"}, {""name"": ""Jayant Edoo"", ""anv"": ""Edoo"", ""join"": """", ""role"": ""Written-By"", ""tracks"": """", ""id"": 445098, ""resource_url"": ""https://api.discogs.com/artists/445098""}, {""name"": ""Larenzo Nash"", ""anv"": ""Nash"", ""join"": """", ""role"": ""Written-By"", ""tracks"": """", ""id"": 49598, ""resource_url"": ""https://api.discogs.com/artists/49598""}]"
102185,1-02,track,Psychotic,4:14,"[{""name"": ""Dooms Day Machine"", ""anv"": """", ""join"": """", ""role"": """", ""tracks"": """", ""id"": 77136, ""resource_url"": ""https://api.discogs.com/artists/77136""}]","[{""name"": ""Leon van Houwelingen"", ""anv"": ""L.van Houwelingen"", ""join"": """", ""role"": ""Written-By"", ""tracks"": """", ""id"": 139928, ""resource_url"": ""https://api.discogs.com/artists/139928""}]"
102185,1-03,track,Who The Fuck Are You ?,4:49,"[{""name"": ""Bass Inc."", ""anv"": """", ""join"": """", ""role"": """", ""tracks"": """", ""id"": 28453, ""resource_url"": ""https://api.discogs.com/artists/28453""}]","[{""name"": ""Ronald Winkel"", ""anv"": ""R.Winkel"", ""join"": """", ""role"": ""Written-By"", ""tracks"": """", ""id"": 169081, ""resource_url"": ""https://api.discogs.com/artists/169081""}]"
102185,1-04,track,House On Fire,4:51,"[{""name"": ""Motion 1"", ""anv"": ""Motion I"", ""join"": """", ""role"": """", ""tracks"": """", ""id"": 60310, ""resource_url"": ""https://api.discogs.com/artists/60310""}]","[{""name"": ""Dave Astler"", ""anv"": """", ""join"": """", ""role"": ""Written-By"", ""tracks"": """", ""id"": 1593598, ""resource_url"": ""https://api.discogs.com/artists/1593598""}]"
102185,1-05,track,Horny Rhythm,4:33,"[{""name"": ""Joey Tonad"", ""anv"": """", ""join"": """", ""role"": """", ""tracks"": """", ""id"": 38183, ""resource_url"": ""https://api.discogs.com/artists/38183""}]","[{""name"": ""Joey Tonad"", ""anv"": ""J.Tonad"", ""join"": """", ""role"": ""Written-By"", ""tracks"": """", ""id"": 38183, ""resource_url"": ""https://api.discogs.com/artists/38183""}]"
102185,1-06,track,Fat Motherfucker,4:21,"[{""name"": ""S.T.O.R.E."", ""anv"": """", ""join"": """", ""role"": """", ""tracks"": """", ""id"": 74141, ""resource_url"": ""https://api.discogs.com/artists/74141""}]","[{""name"": ""S.T.O.R.E."", ""anv"": ""R.Store"", ""join"": """", ""role"": ""Written-By"", ""tracks"": """", ""id"": 74141, ""resource_url"": ""https://api.discogs.com/artists/74141""}]"
102185,1-07,track,Victim Of Hardware,3:36,"[{""name"": ""Virtual Industries"", ""anv"": """", ""join"": """", ""role"": """", ""tracks"": """", ""id"": 77494, ""resource_url"": ""https://api.discogs.com/artists/77494""}]","[{""name"": ""John Krengiëlczak"", ""anv"": ""J. Krengielczak"", ""join"": """", ""role"": ""Written-By"", ""tracks"": """", ""id"": 469132, ""resource_url"": ""https://api.discogs.com/artists/469132""}]"
102185,1-08,track,What About A Fucking War ?,3:19,"[{""name"": ""Crash (42)"", ""anv"": """", ""join"": """", ""role"": """", ""tracks"": """", ""id"": 3288198, ""resource_url"": ""https://api.discogs.com/artists/3288198""}]","[{""name"": ""Trash D.J."", ""anv"": """", ""join"": """", ""role"": ""Written-By"", ""tracks"": """", ""id"": 109265, ""resource_url"": ""https://api.discogs.com/artists/109265""}]"
102185,1-09,track,Schizofrenia,4:29,"[{""name"": ""Psychopath"", ""anv"": """", ""join"": """", ""role"": """", ""tracks"": """", ""id"": 74143, ""resource_url"": ""https://api.discogs.com/artists/74143""}]","[{""name"": ""Psychopath"", ""anv"": """", ""join"": """", ""role"": ""Written-By"", ""tracks"": """", ""id"": 74143, ""resource_url"": ""https://api.discogs.com/artists/74143""}]"
102185,1-10,track,Are We Oppressed ?,4:23,"[{""name"": ""Rotterdamnation"", ""anv"": """", ""join"": """", ""role"": """", ""tracks"": """", ""id"": 62271, ""resource_url"": ""https://api.discogs.com/artists/62271""}]","[{""name"": ""John Krengiëlczak"", ""anv"": ""J.Krengielczak"", ""join"": """", ""role"": ""Written-By"", ""tracks"": """", ""id"": 469132, ""resource_url"": ""https://api.discogs.com/artists/469132""}]"
102185,1-11,track,Bash Your Brains In,4:23,"[{""name"": ""DJ Hellhound"", ""anv"": ""D.J. Hellhound"", ""join"": """", ""role"": """", ""tracks"": """", ""id"": 77495, ""resource_url"": ""https://api.discogs.com/artists/77495""}]","[{""name"": ""Shopper"", ""anv"": """", ""join"": """", ""role"": ""Written-By"", ""tracks"": """", ""id"": 1390211, ""resource_url"": ""https://api.discogs.com/artists/1390211""}]"
102185,1-12,track,Machinery,4:37,"[{""name"": ""Dave Morton"", ""anv"": """", ""join"": """", ""role"": """", ""tracks"": """", ""id"": 77496, ""resource_url"": ""https://api.discogs.com/artists/77496""}]","[{""name"": ""Dave Morton"", ""anv"": """", ""join"": """", ""role"": ""Written-By"", ""tracks"": """", ""id"": 77496, ""resource_url"": ""https://api.discogs.com/artists/77496""}]"
102185,1-13,track,Just A Tempo,4:43,"[{""name"": ""Incubus"", ""anv"": """", ""join"": """", ""role"": """", ""tracks"": """", ""id"": 7402, ""resource_url"": ""https://api.discogs.com/artists/7402""}]","[{""name"": ""Jayant Edoo"", ""anv"": ""J.Edoo"", ""join"": """", ""role"": ""Written-By"", ""tracks"": """", ""id"": 445098, ""resource_url"": ""https://api.discogs.com/artists/445098""}]"
102185,1-14,track,Ox,3:18,"[{""name"": ""Ox"", ""anv"": """", ""join"": """", ""role"": """", ""tracks"": """", ""id"": 77497, ""resource_url"": ""https://api.discogs.com/artists/77497""}]","[{""name"": ""John Krengiëlczak"", ""anv"": ""J. Krengielczak"", ""join"": """", ""role"": ""Written-By"", ""tracks"": """", ""id"": 469132, ""resource_url"": ""https://api.discogs.com/artists/469132""}]"
102185,1-15,track,Believe,4:49,"[{""name"": ""The Possessed (2)"", ""anv"": """", ""join"": """", ""role"": """", ""tracks"": """", ""id"": 270824, ""resource_url"": ""https://api.discogs.com/artists/270824""}]","[{""name"": ""Howie Nolan"", ""anv"": ""H.Nolan"", ""join"": """", ""role"": ""Written-By"", ""tracks"": """", ""id"": 588508, ""resource_url"": ""https://api.discogs.com/artists/588508""}]"
102185,1-16a,track,You're The Baddest M.F.,4:06,"[{""name"": ""Trash D.J."", ""anv"": """", ""join"": """", ""role"": """", ""tracks"": """", ""id"": 109265, ""resource_url"": ""https://api.discogs.com/artists/109265""}]","[{""name"": ""Trash D.J."", ""anv"": """", ""join"": """", ""role"": ""Written-By"", ""tracks"": """", ""id"": 109265, ""resource_url"": ""https://api.discogs.com/artists/109265""}]"
102185,1-16b,track,(Silence),0:54,"[{""name"": ""No Artist"", ""anv"": """", ""join"": """", ""role"": """", ""tracks"": """", ""id"": 118760, ""resource_url"": ""https://api.discogs.com/artists/118760""}]","[{""name"": ""Edoo / Nash"", ""anv"": """", ""join"": """", ""role"": ""Written By"", ""tracks"": """", ""id"": 0, ""resource_url"": """"}, {""name"": ""Jayant Edoo"", ""anv"": ""Edoo"", ""join"": """", ""role"": ""Written-By"", ""tracks"": """", ""id"": 445098, ""resource_url"": ""https://api.discogs.com/artists/445098""}, {""name"": ""Larenzo Nash"", ""anv"": ""Nash"", ""join"": """", ""role"": ""Written-By"", ""tracks"": """", ""id"": 49598, ""resource_url"": ""https://api.discogs.com/artists/49598""}]"
102185,1-16c,track,Untitled,2:57,"[{""name"": ""Unknown Artist"", ""anv"": """", ""join"": """", ""role"": """", ""tracks"": """", ""id"": 355, ""resource_url"": ""https://api.discogs.com/artists/355""}]","[{""name"": ""Leon van Houwelingen"", ""anv"": ""L.van Houwelingen"", ""join"": """", ""role"": ""Written-By"", ""tracks"": """", ""id"": 139928, ""resource_url"": ""https://api.discogs.com/artists/139928""}]"
102185,2-01,track,Kaos,3:47,"[{""name"": ""80 Aum"", ""anv"": """", ""join"": """", ""role"": """", ""tracks"": """", ""id"": 7677, ""resource_url"": ""https://api.discogs.com/artists/7677""}]","[{""name"": ""Ronald Winkel"", ""anv"": ""R.Winkel"", ""join"": """", ""role"": ""Written-By"", ""tracks"": """", ""id"": 169081, ""resource_url"": ""https://api.discogs.com/artists/169081""}]"
102185,2-02,track,Mental Disorder,4:14,"[{""name"": ""Dooms Day Machine"", ""anv"": """", ""join"": """", ""role"": """", ""tracks"": """", ""id"": 77136, ""resource_url"": ""https://api.discogs.com/artists/77136""}]","[{""name"": ""Howie Nolan"", ""anv"": """", ""join"": """", ""role"": ""Written-By"", ""tracks"": """", ""id"": 588508, ""resource_url"": ""https://api.discogs.com/artists/588508""}]"
102185,2-03,track,What's Going AUM,4:17,"[{""name"": ""Bass Inc."", ""anv"": """", ""join"": """", ""role"": """", ""tracks"": """", ""id"": 28453, ""resource_url"": ""https://api.discogs.com/artists/28453""}]","[{""name"": ""Joey Tonad"", ""anv"": ""J.Tonad"", ""join"": """", ""role"": ""Written-By"", ""tracks"": """", ""id"": 38183, ""resource_url"": ""https://api.discogs.com/artists/38183""}]"
102185,2-04,track,Elles D Is O.k.,4:25,"[{""name"": ""The User"", ""anv"": ""He User"", ""join"": """", ""role"": """", ""tracks"": """", ""id"": 77138, ""resource_url"": ""https://api.discogs.com/artists/77138""}]","[{""name"": ""John Krengiëlczak"", ""anv"": ""J. Krengielczak"", ""join"": """", ""role"": ""Written-By"", ""tracks"": """", ""id"": 469132, ""resource_url"": ""https://api.discogs.com/artists/469132""}]"
102185,2-05,track,Dance Orgasm,5:21,"[{""name"": ""Joey Tonad"", ""anv"": ""Joey Tonado"", ""join"": """", ""role"": """", ""tracks"": """", ""id"": 38183, ""resource_url"": ""https://api.discogs.com/artists/38183""}]","[{""name"": ""E.Kool /R.Daniels /J.Voogt"", ""anv"": """", ""join"": """", ""role"": ""Written By"", ""tracks"": """", ""id"": 0, ""resource_url"": """"}, {""name"": ""Edwin Kool"", ""anv"": ""E.Kool"", ""join"": """", ""role"": ""Written-By"", ""tracks"": """", ""id"": 584143, ""resource_url"": ""https://api.discogs.com/artists/584143""}, {""name"": ""Jaco Voogt"", ""anv"": ""J.Voogt"", ""join"": """", ""role"": ""Written-By"", ""tracks"": """", ""id"": 584142, ""resource_url"": ""https://api.discogs.com/artists/584142""}, {""name"": ""Ron Daniels"", ""anv"": ""R.Daniels"", ""join"": """", ""role"": ""Written-By"", ""tracks"": """", ""id"": 584144, ""resource_url"": ""https://api.discogs.com/artists/584144""}]"
102185,2-06,track,Dominator Revisited,3:56,"[{""name"": ""Second Division Corporation"", ""anv"": """", ""join"": """", ""role"": """", ""tracks"": """", ""id"": 77139, ""resource_url"": ""https://api.discogs.com/artists/77139""}]","[{""name"": ""Shopper"", ""anv"": """", ""join"": """", ""role"": ""Written-By"", ""tracks"": """", ""id"": 1390211, ""resource_url"": ""https://api.discogs.com/artists/1390211""}]"
102185,2-07,track,Power Of Yoga,4:08,"[{""name"": ""Masters Of Torture"", ""anv"": """", ""join"": """", ""role"": """", ""tracks"": """", ""id"": 77499, ""resource_url"": ""https://api.discogs.com/artists/77499""}]","[{""name"": ""Howie Nolan"", ""anv"": """", ""join"": """", ""role"": ""Written-By"", ""tracks"": """", ""id"": 588508, ""resource_url"": ""https://api.discogs.com/artists/588508""}]"
102185,2-08,track,The Power Of Darkness,4:14,"[{""name"": ""DJ Hellhound"", ""anv"": ""D.J. Hellhound"", ""join"": """", ""role"": """", ""tracks"": """", ""id"": 77495, ""resource_url"": ""https://api.discogs.com/artists/77495""}]","[{""name"": ""John Krengiëlczak"", ""anv"": ""J.Krengielczak"", ""join"": """", ""role"": ""Written-By"", ""tracks"": """", ""id"": 469132, ""resource_url"": ""https://api.discogs.com/artists/469132""}]"
102185,2-09,track,Orgasm Flow,4:18,"[{""name"": ""Psycho Dealer"", ""anv"": """", ""join"": """", ""role"": """", ""tracks"": """", ""id"": 71065, ""resource_url"": ""https://api.discogs.com/artists/71065""}]","[{""name"": ""E.Kool/ R.Daniels /J.Voogt"", ""anv"": """", ""join"": """", ""role"": ""Written By"", ""tracks"": """", ""id"": 0, ""resource_url"": """"}, {""name"": ""Edwin Kool"", ""anv"": ""E.Kool"", ""join"": """", ""role"": ""Written-By"", ""tracks"": """", ""id"": 584143, ""resource_url"": ""https://api.discogs.com/artists/584143""}, {""name"": ""Jaco Voogt"", ""anv"": ""J.Voogt"", ""join"": """", ""role"": ""Written-By"", ""tracks"": """", ""id"": 584142, ""resource_url"": ""https://api.discogs.com/artists/584142""}, {""name"": ""Ron Daniels"", ""anv"": ""R.Daniels"", ""join"": """", ""role"": ""Written-By"", ""tracks"": """", ""id"": 584144, ""resource_url"": ""https://api.discogs.com/artists/584144""}]"
102185,2-10,track,Aumthopia Hardtrance X.I.6,2:28,"[{""name"": ""Distortion Crew"", ""anv"": """", ""join"": """", ""role"": """", ""tracks"": """", ""id"": 77500, ""resource_url"": ""https://api.discogs.com/artists/77500""}]","[{""name"": ""Leon van Houwelingen"", ""anv"": ""L.van Houwelingen"", ""join"": """", ""role"": ""Written-By"", ""tracks"": """", ""id"": 139928, ""resource_url"": ""https://api.discogs.com/artists/139928""}]"
102185,2-11,track,Candyman,4:13,"[{""name"": ""Internal Error"", ""anv"": """", ""join"": """", ""role"": """", ""tracks"": """", ""id"": 60302, ""resource_url"": ""https://api.discogs.com/artists/60302""}]","[{""name"": ""S.T.O.R.E."", ""anv"": ""R.Store"", ""join"": """", ""role"": ""Written-By"", ""tracks"": """", ""id"": 74141, ""resource_url"": ""https://api.discogs.com/artists/74141""}]"
102185,2-12,track,Dogs Donuts & Money,3:52,"[{""name"": ""Fast Food Junky"", ""anv"": """", ""join"": """", ""role"": """", ""tracks"": """", ""id"": 77501, ""resource_url"": ""https://api.discogs.com/artists/77501""}]","[{""name"": ""John Krengiëlczak"", ""anv"": ""J.Krengielczak"", ""join"": """", ""role"": ""Written-By"", ""tracks"": """", ""id"": 469132, ""resource_url"": ""https://api.discogs.com/artists/469132""}]"
102185,2-13,track,Fuck This Shit,4:10,"[{""name"": ""S.T.O.R.E."", ""anv"": """", ""join"": """", ""role"": """", ""tracks"": """", ""id"": 74141, ""resource_url"": ""https://api.discogs.com/artists/74141""}]","[{""name"": ""Trash D.J."", ""anv"": """", ""join"": """", ""role"": ""Written-By"", ""tracks"": """", ""id"": 109265, ""resource_url"": ""https://api.discogs.com/artists/109265""}]"
102185,2-14,track,Where Is The Youth ?,3:34,"[{""name"": ""The Lost Generation (2)"", ""anv"": """", ""join"": """", ""role"": """", ""tracks"": """", ""id"": 64745, ""resource_url"": ""https://api.discogs.com/artists/64745""}]","[{""name"": ""Ronald Winkel"", ""anv"": ""R.Winkel"", ""join"": """", ""role"": ""Written-By"", ""tracks"": """", ""id"": 169081, ""resource_url"": ""https://api.discogs.com/artists/169081""}]"
102185,2-15,track,To Hell With You,4:04,"[{""name"": ""Trash D.J."", ""anv"": """", ""join"": """", ""role"": """", ""tracks"": """", ""id"": 109265, ""resource_url"": ""https://api.discogs.com/artists/109265""}]","[{""name"": ""Jayant Edoo"", ""anv"": ""J.Edoo"", ""join"": """", ""role"": ""Written-By"", ""tracks"": """", ""id"": 445098, ""resource_url"": ""https://api.discogs.com/artists/445098""}]"
102185,2-16,track,Do You Suck Dicks?,4:37,"[{""name"": ""Bass Inc."", ""anv"": """", ""join"": """", ""role"": """", ""tracks"": """", ""id"": 28453, ""resource_url"": ""https://api.discogs.com/artists/28453""}]","[{""name"": ""E.Kool / R.Daniels / J.Voogt"", ""anv"": """", ""join"": """", ""role"": ""Written By"", ""tracks"": """", ""id"": 0, ""resource_url"": """"}, {""name"": ""Edwin Kool"", ""anv"": ""E.Kool"", ""join"": """", ""role"": ""Written-By"", ""tracks"": """", ""id"": 584143, ""resource_url"": ""https://api.discogs.com/artists/584143""}, {""name"": ""Jaco Voogt"", ""anv"": ""J.Voogt"", ""join"": """", ""role"": ""Written-By"", ""tracks"": """", ""id"": 584142, ""resource_url"": ""https://api.discogs.com/artists/584142""}, {""name"": ""Ron Daniels"", ""anv"": ""R.Daniels"", ""join"": """", ""role"": ""Written-By"", ""tracks"": """", ""id"": 584144, ""resource_url"": ""https://api.discogs.com/artists/584144""}]"
102185,2-17,track,Drop The Beat,4:25,"[{""name"": ""Incubus"", ""anv"": """", ""join"": """", ""role"": """", ""tracks"": """", ""id"": 7402, ""resource_url"": ""https://api.discogs.com/artists/7402""}]",
102185,2-18,track,Trasher,4:55,"[{""name"": ""Fuzz Bucket"", ""anv"": """", ""join"": """", ""role"": """", ""tracks"": """", ""id"": 77141, ""resource_url"": ""https://api.discogs.com/artists/77141""}]",
102252,1-01,track,Octopus (Capricorn Remix),6:00,"[{""name"": ""Art Of Trance"", ""anv"": ""The Art Of Trance"", ""join"": """", ""role"": """", ""tracks"": """", ""id"": 4224, ""resource_url"": ""https://api.discogs.com/artists/4224""}]","[{""name"": ""Capricorn"", ""anv"": """", ""join"": """", ""role"": ""Remix"", ""tracks"": """", ""id"": 7061, ""resource_url"": ""https://api.discogs.com/artists/7061""}, {""name"": ""Hans Weekhout"", ""anv"": """", ""join"": """", ""role"": ""Remix, Mixed By [Producer Mixed], Engineer"", ""tracks"": """", ""id"": 31053, ""resource_url"": ""https://api.discogs.com/artists/31053""}, {""name"": ""Simon Berry"", ""anv"": """", ""join"": """", ""role"": ""Written-By, Producer"", ""tracks"": """", ""id"": 66469, ""resource_url"": ""https://api.discogs.com/artists/66469""}]"
102252,1-02,track,3.2,10:04,"[{""name"": ""Humate"", ""anv"": """", ""join"": """", ""role"": """", ""tracks"": """", ""id"": 1612, ""resource_url"": ""https://api.discogs.com/artists/1612""}]","[{""name"": ""Gerret Frerichs"", ""anv"": """", ""join"": """", ""role"": ""Written-By, Producer"", ""tracks"": """", ""id"": 15914, ""resource_url"": ""https://api.discogs.com/artists/15914""}, {""name"": ""Patrick Kjonberg"", ""anv"": ""P.Kgonberg"", ""join"": """", ""role"": ""Written-By, Producer"", ""tracks"": """", ""id"": 446351, ""resource_url"": ""https://api.discogs.com/artists/446351""}]"
102252,1-03,track,Funky Drive,8:26,"[{""name"": ""X-Connection"", ""anv"": """", ""join"": """", ""role"": """", ""tracks"": """", ""id"": 25555, ""resource_url"": ""https://api.discogs.com/artists/25555""}]","[{""name"": ""DJ Misjah & DJ Groovehead"", ""anv"": ""Misjah DJ Groovehead"", ""join"": """", ""role"": ""Written-By, Producer"", ""tracks"": """", ""id"": 15205, ""resource_url"": ""https://api.discogs.com/artists/15205""}]"
102252,1-04,track,Deception,5:49,"[{""name"": ""DJ Randy"", ""anv"": ""DJ Randi"", ""join"": """", ""role"": """", ""tracks"": """", ""id"": 3891, ""resource_url"": ""https://api.discogs.com/artists/3891""}]","[{""name"": ""Randy Joubert"", ""anv"": ""Randi Joubert"", ""join"": """", ""role"": ""Written-By, Producer"", ""tracks"": """", ""id"": 82866, ""resource_url"": ""https://api.discogs.com/artists/82866""}]"
102252,1-05,track,Dimenuendo,4:59,"[{""name"": ""Massive Overdose"", ""anv"": """", ""join"": """", ""role"": """", ""tracks"": """", ""id"": 42666, ""resource_url"": ""https://api.discogs.com/artists/42666""}]","[{""name"": ""Patrick De Meyer"", ""anv"": ""P.De Meyer"", ""join"": """", ""role"": ""Written-By, Producer"", ""tracks"": """", ""id"": 116415, ""resource_url"": ""https://api.discogs.com/artists/116415""}, {""name"": ""Wim Perdaen"", ""anv"": ""W.Perdaen"", ""join"": """", ""role"": ""Written-By, Producer"", ""tracks"": """", ""id"": 160754, ""resource_url"": ""https://api.discogs.com/artists/160754""}]"
102252,1-06,track,Rok Da House (Baby Doc Remix),6:14,"[{""name"": ""Wicked Wipe"", ""anv"": """", ""join"": """", ""role"": """", ""tracks"": """", ""id"": 4576, ""resource_url"": ""https://api.discogs.com/artists/4576""}]","[{""name"": ""Baby Doc"", ""anv"": """", ""join"": """", ""role"": ""Remix"", ""tracks"": """", ""id"": 71, ""resource_url"": ""https://api.discogs.com/artists/71""}, {""name"": ""Hoschi & R-Damski"", ""anv"": """", ""join"": """", ""role"": ""Written-By, Producer"", ""tracks"": """", ""id"": 1471883, ""resource_url"": ""https://api.discogs.com/artists/1471883""}]"
102252,1-07,track,Snapshot,5:51,"[{""name"": ""Zargo"", ""anv"": """", ""join"": """", ""role"": """", ""tracks"": """", ""id"": 5803, ""resource_url"": ""https://api.discogs.com/artists/5803""}]","[{""name"": ""Egon Zo"", ""anv"": """", ""join"": """", ""role"": ""Written-By, Producer"", ""tracks"": """", ""id"": 56155, ""resource_url"": ""https://api.discogs.com/artists/56155""}, {""name"": ""Zargo"", ""anv"": """", ""join"": """", ""role"": ""Written-By, Producer"", ""tracks"": """", ""id"": 5803, ""resource_url"": ""https://api.discogs.com/artists/5803""}]"
102252,1-08,track,Lobotomie,10:38,"[{""name"": ""Emmanuel Top"", ""anv"": """", ""join"": """", ""role"": """", ""tracks"": """", ""id"": 1240, ""resource_url"": ""https://api.discogs.com/artists/1240""}]","[{""name"": ""Emmanuel Top"", ""anv"": """", ""join"": """", ""role"": ""Written-By, Producer"", ""tracks"": """", ""id"": 1240, ""resource_url"": ""https://api.discogs.com/artists/1240""}]"
102252,1-09,track,Children (Exclusive Mix),7:33,"[{""name"": ""Robert Miles"", ""anv"": """", ""join"": """", ""role"": """", ""tracks"": """", ""id"": 7292, ""resource_url"": ""https://api.discogs.com/artists/7292""}]","[{""name"": ""Roberto Milani"", ""anv"": """", ""join"": """", ""role"": ""Written-By, Producer"", ""tracks"": """", ""id"": 103283, ""resource_url"": ""https://api.discogs.com/artists/103283""}]"
102252,1-10,track,Happiness,7:59,"[{""name"": ""Taucher"", ""anv"": """", ""join"": ""&"", ""role"": """", ""tracks"": """", ""id"": 66851, ""resource_url"": ""https://api.discogs.com/artists/66851""}, {""name"": ""DJ Koma"", ""anv"": ""Koma"", ""join"": """", ""role"": """", ""tracks"": """", ""id"": 82028, ""resource_url"": ""https://api.discogs.com/artists/82028""}]","[{""name"": ""Ace (4)"", ""anv"": """", ""join"": """", ""role"": ""Written-By, Producer"", ""tracks"": """", ""id"": 240784, ""resource_url"": ""https://api.discogs.com/artists/240784""}, {""name"": ""DJ Koma"", ""anv"": ""Koma"", ""join"": """", ""role"": ""Written-By, Producer"", ""tracks"": """", ""id"": 82028, ""resource_url"": ""https://api.discogs.com/artists/82028""}, {""name"": ""DJ Qiu"", ""anv"": ""Q"", ""join"": """", ""role"": ""Written-By, Producer"", ""tracks"": """", ""id"": 135073, ""resource_url"": ""https://api.discogs.com/artists/135073""}, {""name"": ""Taucher"", ""anv"": """", ""join"": """", ""role"": ""Written-By, Producer"", ""tracks"": """", ""id"": 66851, ""resource_url"": ""https://api.discogs.com/artists/66851""}]"
102252,2-01,track,Spacebar,5:36,"[{""name"": ""Lo-Tec"", ""anv"": ""Lo Tec"", ""join"": """", ""role"": """", ""tracks"": """", ""id"": 77654, ""resource_url"": ""https://api.discogs.com/artists/77654""}]","[{""name"": ""Wenne"", ""anv"": """", ""join"": """", ""role"": ""Written-By [Uncredited], Producer [Uncredited]"", ""tracks"": """", ""id"": 1332686, ""resource_url"": ""https://api.discogs.com/artists/1332686""}]"
102252,2-02,track,Novelty Waves,5:14,"[{""name"": ""Biosphere"", ""anv"": """", ""join"": """", ""role"": """", ""tracks"": """", ""id"": 3956, ""resource_url"": ""https://api.discogs.com/artists/3956""}]","[{""name"": ""Geir Jenssen"", ""anv"": ""Gier Jenssen"", ""join"": """", ""role"": ""Written-By, Producer"", ""tracks"": """", ""id"": 25441, ""resource_url"": ""https://api.discogs.com/artists/25441""}]"
102252,2-03,track,Trashcan,8:09,"[{""name"": ""Dobre"", ""anv"": """", ""join"": """", ""role"": """", ""tracks"": """", ""id"": 1326, ""resource_url"": ""https://api.discogs.com/artists/1326""}]","[{""name"": ""Dobre"", ""anv"": """", ""join"": """", ""role"": ""Written-By, Producer"", ""tracks"": """", ""id"": 1326, ""resource_url"": ""https://api.discogs.com/artists/1326""}]"
102252,2-04,track,Plasmids,9:48,"[{""name"": ""Tata Box Inhibitors"", ""anv"": """", ""join"": """", ""role"": """", ""tracks"": """", ""id"": 3388, ""resource_url"": ""https://api.discogs.com/artists/3388""}]","[{""name"": ""Dobre"", ""anv"": """", ""join"": """", ""role"": ""Written-By, Producer"", ""tracks"": """", ""id"": 1326, ""resource_url"": ""https://api.discogs.com/artists/1326""}, {""name"": ""Jamez"", ""anv"": """", ""join"": """", ""role"": ""Written-By, Producer"", ""tracks"": """", ""id"": 1327, ""resource_url"": ""https://api.discogs.com/artists/1327""}]"
102252,2-05,track,Asphyx,9:52,"[{""name"": ""Sterac"", ""anv"": """", ""join"": """", ""role"": """", ""tracks"": """", ""id"": 1174, ""resource_url"": ""https://api.discogs.com/artists/1174""}]","[{""name"": ""Steve Rachmad"", ""anv"": ""S. Rachmad"", ""join"": """", ""role"": ""Written-By, Producer"", ""tracks"": """", ""id"": 1617, ""resource_url"": ""https://api.discogs.com/artists/1617""}]"
102252,2-06,track,Surf De Neige,8:18,"[{""name"": ""Night On Earth"", ""anv"": """", ""join"": """", ""role"": """", ""tracks"": """", ""id"": 11356, ""resource_url"": ""https://api.discogs.com/artists/11356""}]","[{""name"": ""Jeroen Verheij"", ""anv"": ""Jeroen Verheu"", ""join"": """", ""role"": ""Written-By, Producer"", ""tracks"": """", ""id"": 13360, ""resource_url"": ""https://api.discogs.com/artists/13360""}]"
102252,2-07,track,Ha Ha,7:45,"[{""name"": ""Anthony Acid"", ""anv"": """", ""join"": """", ""role"": """", ""tracks"": """", ""id"": 14334, ""resource_url"": ""https://api.discogs.com/artists/14334""}]","[{""name"": ""Anthony Acid"", ""anv"": """", ""join"": """", ""role"": ""Written-By, Producer"", ""tracks"": """", ""id"": 14334, ""resource_url"": ""https://api.discogs.com/artists/14334""}]"
102252,2-08,track,Move My Body (Live Mix),7:34,"[{""name"": ""Acid Jesus"", ""anv"": """", ""join"": """", ""role"": """", ""tracks"": """", ""id"": 2905, ""resource_url"": ""https://api.discogs.com/artists/2905""}]","[{""name"": ""Jörn Elling Wuttke"", ""anv"": ""Jorn Elling Wuttke"", ""join"": """", ""role"": ""Written-By, Producer"", ""tracks"": """", ""id"": 20742, ""resource_url"": ""https://api.discogs.com/artists/20742""}, {""name"": ""Roman Flügel"", ""anv"": ""Roman Flugel"", ""join"": """", ""role"": ""Written-By, Producer"", ""tracks"": """", ""id"": 13111, ""resource_url"": ""https://api.discogs.com/artists/13111""}]"
102252,2-09,track,Seaplain,9:41,"[{""name"": ""Vita Men"", ""anv"": """", ""join"": """", ""role"": """", ""tracks"": """", ""id"": 73353, ""resource_url"": ""https://api.discogs.com/artists/73353""}]","[{""name"": ""Gary Shepherd"", ""anv"": ""Gary Shepard"", ""join"": """", ""role"": ""Written-By, Producer"", ""tracks"": """", ""id"": 101986, ""resource_url"": ""https://api.discogs.com/artists/101986""}]"
102252,2-10,track,Tabla Rasa,6:49,"[{""name"": ""Sven Van Hees"", ""anv"": """", ""join"": """", ""role"": """", ""tracks"": """", ""id"": 2659, ""resource_url"": ""https://api.discogs.com/artists/2659""}]","[{""name"": ""Sven Van Hees"", ""anv"": """", ""join"": """", ""role"": ""Written-By, Producer"", ""tracks"": """", ""id"": 2659, ""resource_url"": ""https://api.discogs.com/artists/2659""}]"
10233162,1,track,Changing Form,5:22,,
10233162,2,track,Beta Waves,4:04,,
10233162,3,track,Oscar Styles,5:20,,
10233162,4,track,Finding Time,3:57,,
10233162,5,track,Nu Romantic Soul,6:01,,
10233162,6,track,Helix Patters,4:20,,
10233162,7,track,Kaleidoscope,6:21,,
10233162,8,track,Cosmelians,5:08,,
1026849,A1,track,Mu,4:30,,
1026849,A2,track,Lemuria,5:02,,
1026849,A3,track,Yucatan,5:27,,
1026849,A4,track,Bimini,5:45,,
1026849,B1,track,Atlantis,21:51,,
10269061,A,track,Gorby Or Not Gorby,3:58,,
10269061,B,track,Gorby Or Not Gorby (Instrumental),3:58,,
103032,A1,track,Rock Me Ba Ba,,,
103032,B1,track,Believe,,,
103032,C1,track,Lover Number Six,,,
103032,D1,track,Beat About The Bush,,,
10325934,1,track,3 Circles,5:54,"[{""name"": ""Patrick O'Hearn"", ""anv"": """", ""join"": """", ""role"": """", ""tracks"": """", ""id"": 97769, ""resource_url"": ""https://api.discogs.com/artists/97769""}]","[{""name"": ""Patrick O'Hearn"", ""anv"": ""P. O'Hearn"", ""join"": """", ""role"": ""Written-By"", ""tracks"": """", ""id"": 97769, ""resource_url"": ""https://api.discogs.com/artists/97769""}]"
10325934,2,track,The Forgotten Lands,5:12,"[{""name"": ""David Arkenstone"", ""anv"": """", ""join"": """", ""role"": """", ""tracks"": """", ""id"": 242462, ""resource_url"": ""https://api.discogs.com/artists/242462""}]","[{""name"": ""David Arkenstone"", ""anv"": ""D. Arkenstone"", ""join"": """", ""role"": ""Written-By"", ""tracks"": """", ""id"": 242462, ""resource_url"": ""https://api.discogs.com/artists/242462""}]"
10325934,3,track,Cloudburst,2:17,"[{""name"": ""David Rogers (2)"", ""anv"": ""Rogers"", ""join"": ""&"", ""role"": """", ""tracks"": """", ""id"": 441362, ""resource_url"": ""https://api.discogs.com/artists/441362""}, {""name"": ""Paul Shaw"", ""anv"": ""Shaw"", ""join"": """", ""role"": """", ""tracks"": """", ""id"": 441361, ""resource_url"": ""https://api.discogs.com/artists/441361""}]","[{""name"": ""Rogers / Shaw"", ""anv"": """", ""join"": """", ""role"": ""Written By"", ""tracks"": """", ""id"": 0, ""resource_url"": """"}, {""name"": ""David Rogers (2)"", ""anv"": ""Rogers"", ""join"": """", ""role"": ""Written-By"", ""tracks"": """", ""id"": 441362, ""resource_url"": ""https://api.discogs.com/artists/441362""}, {""name"": ""Paul Shaw"", ""anv"": ""Shaw"", ""join"": """", ""role"": ""Written-By"", ""tracks"": """", ""id"": 441361, ""resource_url"": ""https://api.discogs.com/artists/441361""}]"
10325934,4,track,Sunrise,4:39,"[{""name"": ""Dean Evenson"", ""anv"": """", ""join"": """", ""role"": """", ""tracks"": """", ""id"": 240851, ""resource_url"": ""https://api.discogs.com/artists/240851""}]","[{""name"": ""Dean Evenson"", ""anv"": ""D. Evenson"", ""join"": """", ""role"": ""Written-By"", ""tracks"": """", ""id"": 240851, ""resource_url"": ""https://api.discogs.com/artists/240851""}]"
10325934,5,track,Memoria ,4:57,"[{""name"": ""Marcomé"", ""anv"": """", ""join"": """", ""role"": """", ""tracks"": """", ""id"": 1027720, ""resource_url"": ""https://api.discogs.com/artists/1027720""}]","[{""name"": ""Marcomé"", ""anv"": """", ""join"": """", ""role"": ""Written-By"", ""tracks"": """", ""id"": 1027720, ""resource_url"": ""https://api.discogs.com/artists/1027720""}]"
10325934,6,track,Sweet Rain,4:22,"[{""name"": ""Bill Douglas"", ""anv"": """", ""join"": """", ""role"": """", ""tracks"": """", ""id"": 281270, ""resource_url"": ""https://api.discogs.com/artists/281270""}]","[{""name"": ""Bill Douglas"", ""anv"": ""B. Douglas"", ""join"": """", ""role"": ""Written-By"", ""tracks"": """", ""id"": 281270, ""resource_url"": ""https://api.discogs.com/artists/281270""}]"
10325934,7,track,Ancient Chant 1,2:59,"[{""name"": ""Mike Trim"", ""anv"": """", ""join"": ""&"", ""role"": """", ""tracks"": """", ""id"": 1068675, ""resource_url"": ""https://api.discogs.com/artists/1068675""}, {""name"": ""Biddy Blyth"", ""anv"": """", ""join"": """", ""role"": """", ""tracks"": """", ""id"": 3059451, ""resource_url"": ""https://api.discogs.com/artists/3059451""}]","[{""name"": ""M. Trim / B. Blyth"", ""anv"": """", ""join"": """", ""role"": ""Written By"", ""tracks"": """", ""id"": 0, ""resource_url"": """"}, {""name"": ""Biddy Blyth"", ""anv"": ""B. Blyth"", ""join"": """", ""role"": ""Written-By"", ""tracks"": """", ""id"": 3059451, ""resource_url"": ""https://api.discogs.com/artists/3059451""}, {""name"": ""Mike Trim"", ""anv"": ""M. Trim"", ""join"": """", ""role"": ""Written-By"", ""tracks"": """", ""id"": 1068675, ""resource_url"": ""https://api.discogs.com/artists/1068675""}]"
10325934,8,track,Valle De Mai,8:14,"[{""name"": ""Megabyte (3)"", ""anv"": """", ""join"": """", ""role"": """", ""tracks"": """", ""id"": 89243, ""resource_url"": ""https://api.discogs.com/artists/89243""}]","[{""name"": ""Leroy McByte"", ""anv"": """", ""join"": """", ""role"": ""Written-By"", ""tracks"": """", ""id"": 795467, ""resource_url"": ""https://api.discogs.com/artists/795467""}, {""name"": ""Maxx Mega Jr."", ""anv"": ""Maxx Mega"", ""join"": """", ""role"": ""Written-By"", ""tracks"": """", ""id"": 795469, ""resource_url"": ""https://api.discogs.com/artists/795469""}]"
10325934,9,track,Awakening,5:31,"[{""name"": ""Mēlōsphere"", ""anv"": """", ""join"": """", ""role"": """", ""tracks"": """", ""id"": 5773756, ""resource_url"": ""https://api.discogs.com/artists/5773756""}]","[{""name"": ""Michael Levanios"", ""anv"": """", ""join"": """", ""role"": ""Written-By"", ""tracks"": """", ""id"": 3289799, ""resource_url"": ""https://api.discogs.com/artists/3289799""}]"
10325934,10,track,Kaleidoscope,6:02,"[{""name"": ""Tom Barabas"", ""anv"": """", ""join"": """", ""role"": """", ""tracks"": """", ""id"": 762037, ""resource_url"": ""https://api.discogs.com/artists/762037""}]","[{""name"": ""Tom Barabas"", ""anv"": ""T. Barabas"", ""join"": """", ""role"": ""Written-By"", ""tracks"": """", ""id"": 762037, ""resource_url"": ""https://api.discogs.com/artists/762037""}]"
10325934,11,track,Kintamani,5:04,"[{""name"": ""Jon Mark"", ""anv"": """", ""join"": """", ""role"": """", ""tracks"": """", ""id"": 236764, ""resource_url"": ""https://api.discogs.com/artists/236764""}]","[{""name"": ""Jon Mark"", ""anv"": ""J. Mark"", ""join"": """", ""role"": ""Written-By"", ""tracks"": """", ""id"": 236764, ""resource_url"": ""https://api.discogs.com/artists/236764""}]"
10327535,1-1,track,Sweet Marie,2:20,"[{""name"": ""Van Brothers"", ""anv"": """", ""join"": """", ""role"": """", ""tracks"": """", ""id"": 2073729, ""resource_url"": ""https://api.discogs.com/artists/2073729""}]",
10327535,1-2,track,Be Mine,2:21,"[{""name"": ""Tex Carson"", ""anv"": """", ""join"": """", ""role"": """", ""tracks"": """", ""id"": 4521652, ""resource_url"": ""https://api.discogs.com/artists/4521652""}]",
10327535,1-3,track,Mr. Freight Train,2:43,"[{""name"": ""Johnny Nelms"", ""anv"": """", ""join"": """", ""role"": """", ""tracks"": """", ""id"": 3018485, ""resource_url"": ""https://api.discogs.com/artists/3018485""}]",
10327535,1-4,track,Lonely Old World,2:08,"[{""name"": ""Dale Richards"", ""anv"": """", ""join"": """", ""role"": """", ""tracks"": """", ""id"": 5778680, ""resource_url"": ""https://api.discogs.com/artists/5778680""}]",
10327535,1-5,track,"Weary Blues, Goodbye",2:09,"[{""name"": ""Bob Perry (3)"", ""anv"": """", ""join"": """", ""role"": """", ""tracks"": """", ""id"": 1810811, ""resource_url"": ""https://api.discogs.com/artists/1810811""}]",
10327535,1-6,track,Lonesome River,2:02,"[{""name"": ""Archie Poe"", ""anv"": """", ""join"": """", ""role"": """", ""tracks"": """", ""id"": 5330635, ""resource_url"": ""https://api.discogs.com/artists/5330635""}]",
10327535,1-7,track,Rose In The Garden,1:59,"[{""name"": ""Johnny White And His Country Rhythm Boys"", ""anv"": """", ""join"": """", ""role"": """", ""tracks"": """", ""id"": 5778681, ""resource_url"": ""https://api.discogs.com/artists/5778681""}]",
10327535,1-8,track,Ranger Boogie,2:26,"[{""name"": ""Lefty King And His Rangers"", ""anv"": ""Lefty King & His Rangers"", ""join"": """", ""role"": """", ""tracks"": """", ""id"": 6527723, ""resource_url"": ""https://api.discogs.com/artists/6527723""}]",
10327535,1-9,track,Salty Dog Blues,1:35,"[{""name"": ""Carl Phillips (2)"", ""anv"": """", ""join"": """", ""role"": """", ""tracks"": """", ""id"": 2378378, ""resource_url"": ""https://api.discogs.com/artists/2378378""}]",
10327535,1-10,track,The Moon Won't Tell,2:16,"[{""name"": ""Jack Reno"", ""anv"": """", ""join"": """", ""role"": """", ""tracks"": """", ""id"": 2023354, ""resource_url"": ""https://api.discogs.com/artists/2023354""}]",
10327535,1-11,track,I've Been Around Too Long,2:14,"[{""name"": ""Eddie Collins (3)"", ""anv"": """", ""join"": """", ""role"": """", ""tracks"": """", ""id"": 3281061, ""resource_url"": ""https://api.discogs.com/artists/3281061""}]",
10327535,1-12,track,On Strike,2:28,"[{""name"": ""David Hiser"", ""anv"": """", ""join"": """", ""role"": """", ""tracks"": """", ""id"": 2098578, ""resource_url"": ""https://api.discogs.com/artists/2098578""}]",
10327535,1-13,track,Do Drop In,2:25,"[{""name"": ""Cecil Cline And His Band"", ""anv"": """", ""join"": """", ""role"": """", ""tracks"": """", ""id"": 4033837, ""resource_url"": ""https://api.discogs.com/artists/4033837""}]",
10327535,1-14,track,Three Times Seven,2:01,"[{""name"": ""Slim Beach With Rambling Ramblers"", ""anv"": """", ""join"": """", ""role"": """", ""tracks"": """", ""id"": 5778683, ""resource_url"": ""https://api.discogs.com/artists/5778683""}]",
10327535,1-15,track,Two Tone Ten Ton,1:58,"[{""name"": ""Ken Marvin"", ""anv"": """", ""join"": """", ""role"": """", ""tracks"": """", ""id"": 2260896, ""resource_url"": ""https://api.discogs.com/artists/2260896""}]",
10327535,1-16,track,Riding The Steel,2:39,"[{""name"": ""Jim King And His Cosden Cowboys"", ""anv"": """", ""join"": """", ""role"": """", ""tracks"": """", ""id"": 5778682, ""resource_url"": ""https://api.discogs.com/artists/5778682""}]",
10327535,1-17,track,Hello Memphis,3:18,"[{""name"": ""Mason Dixon (3)"", ""anv"": """", ""join"": """", ""role"": """", ""tracks"": """", ""id"": 3229646, ""resource_url"": ""https://api.discogs.com/artists/3229646""}]",
10327535,1-18,track,Please Send Me A Picture,1:53,"[{""name"": ""Jim & Edith Young"", ""anv"": """", ""join"": ""With"", ""role"": """", ""tracks"": """", ""id"": 4606335, ""resource_url"": ""https://api.discogs.com/artists/4606335""}, {""name"": ""Lee Slaughters & The Cumberland Play Boys"", ""anv"": ""The Cumberland Play Boys"", ""join"": """", ""role"": """", ""tracks"": """", ""id"": 2635593, ""resource_url"": ""https://api.discogs.com/artists/2635593""}]",
10327535,1-19,track,Carry Me Down,2:04,"[{""name"": ""Sandy Beeler"", ""anv"": """", ""join"": """", ""role"": """", ""tracks"": """", ""id"": 5034412, ""resource_url"": ""https://api.discogs.com/artists/5034412""}]",
10327535,1-20,track,The Corner Of Love,1:49,"[{""name"": ""Ken Lightner & The Hay Riders"", ""anv"": ""Ken Lightener And The Hay Ryders"", ""join"": """", ""role"": """", ""tracks"": """", ""id"": 4611527, ""resource_url"": ""https://api.discogs.com/artists/4611527""}]",
10327535,1-21,track,No Substitute For Love,2:20,"[{""name"": ""Patty Prater"", ""anv"": """", ""join"": ""&"", ""role"": """", ""tracks"": """", ""id"": 1810812, ""resource_url"": ""https://api.discogs.com/artists/1810812""}, {""name"": ""Merle Ray & The Southern Rockets"", ""anv"": """", ""join"": """", ""role"": """", ""tracks"": """", ""id"": 1810808, ""resource_url"": ""https://api.discogs.com/artists/1810808""}]",
10327535,1-22,track,I Can't Do Without You,2:29,"[{""name"": ""The Dixieland Drifters"", ""anv"": """", ""join"": """", ""role"": """", ""tracks"": """", ""id"": 3351180, ""resource_url"": ""https://api.discogs.com/artists/3351180""}]",
10327535,1-23,track,Lost Love,2:18,"[{""name"": ""Little Dickie Chaffin"", ""anv"": """", ""join"": """", ""role"": """", ""tracks"": """", ""id"": 2683898, ""resource_url"": ""https://api.discogs.com/artists/2683898""}]",
10327535,1-24,track,Servant Of Love,1:55,"[{""name"": ""Van Brothers"", ""anv"": """", ""join"": """", ""role"": """", ""tracks"": """", ""id"": 2073729, ""resource_url"": ""https://api.discogs.com/artists/2073729""}]",
10327535,2-1,track,Hawaiian Boogie,2:07,"[{""name"": ""Artie Davis"", ""anv"": """", ""join"": """", ""role"": """", ""tracks"": """", ""id"": 5778679, ""resource_url"": ""https://api.discogs.com/artists/5778679""}]",
10327535,2-2,track,Uh Huh Honey,1:47,"[{""name"": ""Ken Marvin"", ""anv"": """", ""join"": """", ""role"": """", ""tracks"": """", ""id"": 2260896, ""resource_url"": ""https://api.discogs.com/artists/2260896""}]",
10327535,2-3,track,I Don't Care Anymore,2:05,"[{""name"": ""Les And His Western Playboys"", ""anv"": """", ""join"": """", ""role"": """", ""tracks"": """", ""id"": 5778676, ""resource_url"": ""https://api.discogs.com/artists/5778676""}]",
10327535,2-4,track,Your Turn To Cry,2:23,"[{""name"": ""The Country Boys"", ""anv"": """", ""join"": """", ""role"": """", ""tracks"": """", ""id"": 1824352, ""resource_url"": ""https://api.discogs.com/artists/1824352""}]",
10327535,2-5,track,Searight Blues,2:20,"[{""name"": ""Jimmy Welch (3)"", ""anv"": """", ""join"": """", ""role"": """", ""tracks"": """", ""id"": 2482321, ""resource_url"": ""https://api.discogs.com/artists/2482321""}]",
10327535,2-6,track,Hand Full Of Love,2:29,"[{""name"": ""Lyle Keefer"", ""anv"": """", ""join"": """", ""role"": """", ""tracks"": """", ""id"": 3580193, ""resource_url"": ""https://api.discogs.com/artists/3580193""}]",
10327535,2-7,track,Juke Box,2:29,"[{""name"": ""Bob Perry (3)"", ""anv"": """", ""join"": """", ""role"": """", ""tracks"": """", ""id"": 1810811, ""resource_url"": ""https://api.discogs.com/artists/1810811""}]",
10327535,2-8,track,Evil Ways,1:49,"[{""name"": ""Jimmie Zack & The Blues Rockers"", ""anv"": ""Jimmy Zack & The Blues Rockers"", ""join"": """", ""role"": """", ""tracks"": """", ""id"": 4981585, ""resource_url"": ""https://api.discogs.com/artists/4981585""}]",
10327535,2-9,track,The Thing For Me To Do,2:04,"[{""name"": ""Bill Russ"", ""anv"": """", ""join"": """", ""role"": """", ""tracks"": """", ""id"": 3471626, ""resource_url"": ""https://api.discogs.com/artists/3471626""}]",
10327535,2-10,track,"Sitting, Thinkin' And Drinking",2:17,"[{""name"": ""Marty Collins & The Westerners"", ""anv"": """", ""join"": """", ""role"": """", ""tracks"": """", ""id"": 11600432, ""resource_url"": ""https://api.discogs.com/artists/11600432""}]",
10327535,2-11,track,Gamblin' Man,2:03,"[{""name"": ""Marvin Paul"", ""anv"": """", ""join"": """", ""role"": """", ""tracks"": """", ""id"": 3770546, ""resource_url"": ""https://api.discogs.com/artists/3770546""}]",
10327535,2-12,track,Fodder Fossil's Blues,1:41,"[{""name"": ""Country Boy Eddie With The Country Boy Eddie Show Band"", ""anv"": ""\""Country Boy Eddie\"" With The Country Boys & The Nuggets"", ""join"": """", ""role"": """", ""tracks"": """", ""id"": 3996507, ""resource_url"": ""https://api.discogs.com/artists/3996507""}]",
10327535,2-13,track,Dodge City Kitty,2:44,"[{""name"": ""David Hiser"", ""anv"": """", ""join"": """", ""role"": """", ""tracks"": """", ""id"": 2098578, ""resource_url"": ""https://api.discogs.com/artists/2098578""}]",
10327535,2-14,track,I Want My Case Continued (My Lawyer's Out Of Town),2:15,"[{""name"": ""\""Hoss\"" Barnett & The \""Roll With Hoss\"" Combo"", ""anv"": """", ""join"": """", ""role"": """", ""tracks"": """", ""id"": 5778677, ""resource_url"": ""https://api.discogs.com/artists/5778677""}]",
10327535,2-15,track,Cherokee Stomp,1:47,"[{""name"": ""Bobby Tidwell"", ""anv"": """", ""join"": ""&"", ""role"": """", ""tracks"": """", ""id"": 4317630, ""resource_url"": ""https://api.discogs.com/artists/4317630""}, {""name"": ""The Kiamichi Mountain Boys"", ""anv"": ""Kiamichi Mt. Boys"", ""join"": """", ""role"": """", ""tracks"": """", ""id"": 2448279, ""resource_url"": ""https://api.discogs.com/artists/2448279""}]",
10327535,2-16,track,Country Courting,2:03,"[{""name"": ""Albert Parsley"", ""anv"": ""Al Parsley"", ""join"": """", ""role"": """", ""tracks"": """", ""id"": 4899113, ""resource_url"": ""https://api.discogs.com/artists/4899113""}]",
10327535,2-17,track,The Bluest One In Town,2:31,"[{""name"": ""Gene Scarbrough"", ""anv"": """", ""join"": """", ""role"": """", ""tracks"": """", ""id"": 3613210, ""resource_url"": ""https://api.discogs.com/artists/3613210""}]",
10327535,2-18,track,Nobody Cares,2:17,"[{""name"": ""Jimmie Pearson"", ""anv"": """", ""join"": ""&"", ""role"": """", ""tracks"": """", ""id"": 4609144, ""resource_url"": ""https://api.discogs.com/artists/4609144""}, {""name"": ""Jerry Hutchinson & The Melody Boys"", ""anv"": ""The Melody Boys"", ""join"": """", ""role"": """", ""tracks"": """", ""id"": 4609142, ""resource_url"": ""https://api.discogs.com/artists/4609142""}]",
10327535,2-19,track,Alone Tonight,2:24,"[{""name"": ""Jacoby Bros."", ""anv"": ""Jacoby Brothers (Boy & Gene)"", ""join"": """", ""role"": """", ""tracks"": """", ""id"": 3229812, ""resource_url"": ""https://api.discogs.com/artists/3229812""}]",
10327535,2-20,track,Fool About My Baby,2:10,"[{""name"": ""Doug Swaney"", ""anv"": """", ""join"": """", ""role"": """", ""tracks"": """", ""id"": 5778684, ""resource_url"": ""https://api.discogs.com/artists/5778684""}]",
10327535,2-21,track,Royal Flush,2:20,"[{""name"": ""Darnell Miller"", ""anv"": """", ""join"": ""With"", ""role"": """", ""tracks"": """", ""id"": 2441538, ""resource_url"": ""https://api.discogs.com/artists/2441538""}, {""name"": ""The Swing Kings (7)"", ""anv"": """", ""join"": """", ""role"": """", ""tracks"": """", ""id"": 5778678, ""resource_url"": ""https://api.discogs.com/artists/5778678""}]",
10327535,2-22,track,Hey! Castro,2:19,"[{""name"": ""Charlie Stewart (2)"", ""anv"": """", ""join"": ""&"", ""role"": """", ""tracks"": """", ""id"": 2588380, ""resource_url"": ""https://api.discogs.com/artists/2588380""}, {""name"": ""The Gem Tones"", ""anv"": """", ""join"": """", ""role"": """", ""tracks"": """", ""id"": 4259593, ""resource_url"": ""https://api.discogs.com/artists/4259593""}]",
10327535,2-23,track,"I Love Her, Right Or Wrong",2:01,"[{""name"": ""Red Le Blance"", ""anv"": ""Red Le Blanc"", ""join"": """", ""role"": """", ""tracks"": """", ""id"": 1143773, ""resource_url"": ""https://api.discogs.com/artists/1143773""}]",
10327535,2-24,track,T' For Texas,2:04,"[{""name"": ""Bill Lanham (2)"", ""anv"": """", ""join"": """", ""role"": """", ""tracks"": """", ""id"": 4522491, ""resource_url"": ""https://api.discogs.com/artists/4522491""}]",
10332190,1,track,Marisa (Original Mix),,"[{""name"": ""Yotto"", ""anv"": """", ""join"": """", ""role"": """", ""tracks"": """", ""id"": 1593106, ""resource_url"": ""https://api.discogs.com/artists/1593106""}]","[{""name"": ""Carl Bee"", ""anv"": """", ""join"": """", ""role"": ""Remix"", ""tracks"": """", ""id"": 1896827, ""resource_url"": ""https://api.discogs.com/artists/1896827""}]"
10332190,2,track,Funk Phenomena (Extended Mix),,"[{""name"": ""Armand Van Helden"", ""anv"": """", ""join"": ""vs"", ""role"": """", ""tracks"": """", ""id"": 3352, ""resource_url"": ""https://api.discogs.com/artists/3352""}, {""name"": ""ANOTR"", ""anv"": """", ""join"": """", ""role"": """", ""tracks"": """", ""id"": 4555640, ""resource_url"": ""https://api.discogs.com/artists/4555640""}]","[{""name"": ""Forteba"", ""anv"": """", ""join"": """", ""role"": ""Remix"", ""tracks"": """", ""id"": 645881, ""resource_url"": ""https://api.discogs.com/artists/645881""}]"
10332190,3,track,Adieu (Original Mix),,"[{""name"": ""Tchami"", ""anv"": """", ""join"": """", ""role"": """", ""tracks"": """", ""id"": 3462852, ""resource_url"": ""https://api.discogs.com/artists/3462852""}]","[{""name"": ""Solomun"", ""anv"": """", ""join"": """", ""role"": ""Remix"", ""tracks"": """", ""id"": 509534, ""resource_url"": ""https://api.discogs.com/artists/509534""}]"
10332190,4,track,Higher (Original Mix),,"[{""name"": ""Adam Rickfors"", ""anv"": """", ""join"": ""&"", ""role"": """", ""tracks"": """", ""id"": 1387942, ""resource_url"": ""https://api.discogs.com/artists/1387942""}, {""name"": ""Philip Oakleaves"", ""anv"": """", ""join"": ""Feat."", ""role"": """", ""tracks"": """", ""id"": 5639800, ""resource_url"": ""https://api.discogs.com/artists/5639800""}, {""name"": ""T-Birch"", ""anv"": """", ""join"": """", ""role"": """", ""tracks"": """", ""id"": 6187155, ""resource_url"": ""https://api.discogs.com/artists/6187155""}]","[{""name"": ""Steve Lawler"", ""anv"": ""Lawler"", ""join"": """", ""role"": ""Remix"", ""tracks"": """", ""id"": 4485, ""resource_url"": ""https://api.discogs.com/artists/4485""}]"
10332190,5,track,Yellowknife (Original Mix),,"[{""name"": ""Sean Roman"", ""anv"": """", ""join"": """", ""role"": """", ""tracks"": """", ""id"": 546221, ""resource_url"": ""https://api.discogs.com/artists/546221""}]","[{""name"": ""David Herrero"", ""anv"": """", ""join"": """", ""role"": ""Remix"", ""tracks"": """", ""id"": 1750174, ""resource_url"": ""https://api.discogs.com/artists/1750174""}]"
10332190,6,track,Same Man (Original Mix),,"[{""name"": ""Franky Rizardo"", ""anv"": """", ""join"": """", ""role"": """", ""tracks"": """", ""id"": 648439, ""resource_url"": ""https://api.discogs.com/artists/648439""}]","[{""name"": ""2000 & One"", ""anv"": ""2000 And One"", ""join"": """", ""role"": ""Remix"", ""tracks"": """", ""id"": 5633, ""resource_url"": ""https://api.discogs.com/artists/5633""}]"
10332190,7,track,The First Time (Original Mix),,"[{""name"": ""Bontan"", ""anv"": """", ""join"": """", ""role"": """", ""tracks"": """", ""id"": 3142797, ""resource_url"": ""https://api.discogs.com/artists/3142797""}]","[{""name"": ""MYNC Project"", ""anv"": ""MYNC"", ""join"": """", ""role"": ""Remix"", ""tracks"": """", ""id"": 62077, ""resource_url"": ""https://api.discogs.com/artists/62077""}]"
10332190,8,track,Subculture (Original Mix),,"[{""name"": ""Space Jump Salute"", ""anv"": """", ""join"": """", ""role"": """", ""tracks"": """", ""id"": 3570461, ""resource_url"": ""https://api.discogs.com/artists/3570461""}]","[{""name"": ""Kydus"", ""anv"": """", ""join"": """", ""role"": ""Remix"", ""tracks"": """", ""id"": 3783994, ""resource_url"": ""https://api.discogs.com/artists/3783994""}]"
10332190,9,track,Joy & Pain (Carl Bee Remix),,"[{""name"": ""Apexape"", ""anv"": """", ""join"": ""Feat."", ""role"": """", ""tracks"": """", ""id"": 4770436, ""resource_url"": ""https://api.discogs.com/artists/4770436""}, {""name"": ""Josh Barry"", ""anv"": """", ""join"": """", ""role"": """", ""tracks"": """", ""id"": 4045854, ""resource_url"": ""https://api.discogs.com/artists/4045854""}]","[{""name"": ""Route 94"", ""anv"": """", ""join"": """", ""role"": ""Remix"", ""tracks"": """", ""id"": 3031099, ""resource_url"": ""https://api.discogs.com/artists/3031099""}]"
10332190,10,track,Mexico (Original Mix),,"[{""name"": ""Scurrilous"", ""anv"": """", ""join"": """", ""role"": """", ""tracks"": """", ""id"": 5436520, ""resource_url"": ""https://api.discogs.com/artists/5436520""}]","[{""name"": ""DJ DLG"", ""anv"": ""DLG"", ""join"": """", ""role"": ""Remix"", ""tracks"": """", ""id"": 66506, ""resource_url"": ""https://api.discogs.com/artists/66506""}]"
10332190,11,track,Buzzout (Original Mix),,"[{""name"": ""Max Chapman"", ""anv"": """", ""join"": ""&"", ""role"": """", ""tracks"": """", ""id"": 2743976, ""resource_url"": ""https://api.discogs.com/artists/2743976""}, {""name"": ""Kieran Andrews"", ""anv"": """", ""join"": """", ""role"": """", ""tracks"": """", ""id"": 3667380, ""resource_url"": ""https://api.discogs.com/artists/3667380""}]","[{""name"": ""Gerd Janson"", ""anv"": """", ""join"": """", ""role"": ""Remix"", ""tracks"": """", ""id"": 796780, ""resource_url"": ""https://api.discogs.com/artists/796780""}, {""name"": ""Shan (14)"", ""anv"": """", ""join"": """", ""role"": ""Remix"", ""tracks"": """", ""id"": 4590719, ""resource_url"": ""https://api.discogs.com/artists/4590719""}]"
10332190,12,track,Understand It (Forteba Remix),,"[{""name"": ""Andy Bach"", ""anv"": """", ""join"": """", ""role"": """", ""tracks"": """", ""id"": 809169, ""resource_url"": ""https://api.discogs.com/artists/809169""}]","[{""name"": ""Christian Smith"", ""anv"": """", ""join"": """", ""role"": ""Remix"", ""tracks"": """", ""id"": 16, ""resource_url"": ""https://api.discogs.com/artists/16""}, {""name"": ""John Selway"", ""anv"": """", ""join"": """", ""role"": ""Remix"", ""tracks"": """", ""id"": 17, ""resource_url"": ""https://api.discogs.com/artists/17""}]"
10332190,13,track,Down With Tha (Original Mix),,"[{""name"": ""Waze & Odyssey"", ""anv"": """", ""join"": """", ""role"": """", ""tracks"": """", ""id"": 2587576, ""resource_url"": ""https://api.discogs.com/artists/2587576""}]","[{""name"": ""Gunjah"", ""anv"": """", ""join"": """", ""role"": ""Remix"", ""tracks"": """", ""id"": 134093, ""resource_url"": ""https://api.discogs.com/artists/134093""}]"
10332190,14,track,Ride (Solomun Remix),,"[{""name"": ""Dubfire"", ""anv"": """", ""join"": ""&"", ""role"": """", ""tracks"": """", ""id"": 11909, ""resource_url"": ""https://api.discogs.com/artists/11909""}, {""name"": ""Miss Kittin"", ""anv"": """", ""join"": """", ""role"": """", ""tracks"": """", ""id"": 5593, ""resource_url"": ""https://api.discogs.com/artists/5593""}]",
10332190,15,track,He Is The Voice I Hear (Original Mix),,"[{""name"": ""The Black Madonna"", ""anv"": """", ""join"": """", ""role"": """", ""tracks"": """", ""id"": 2152713, ""resource_url"": ""https://api.discogs.com/artists/2152713""}]",
10332190,16,track,Meditate (Original Mix),,"[{""name"": ""Paul Woolford"", ""anv"": """", ""join"": """", ""role"": """", ""tracks"": """", ""id"": 45802, ""resource_url"": ""https://api.discogs.com/artists/45802""}]",
10332190,17,track,Final Credits (Original Mix),,"[{""name"": ""Midland"", ""anv"": """", ""join"": """", ""role"": """", ""tracks"": """", ""id"": 1202712, ""resource_url"": ""https://api.discogs.com/artists/1202712""}]",
10332190,18,track,Call You Back (Original Mix),,"[{""name"": ""Josh Butler (3)"", ""anv"": """", ""join"": ""&"", ""role"": """", ""tracks"": """", ""id"": 2821715, ""resource_url"": ""https://api.discogs.com/artists/2821715""}, {""name"": ""Bontan"", ""anv"": """", ""join"": """", ""role"": """", ""tracks"": """", ""id"": 3142797, ""resource_url"": ""https://api.discogs.com/artists/3142797""}]",
10332190,19,track,Look At Me Sartre (Original Mix),,"[{""name"": ""Kevin Over"", ""anv"": """", ""join"": """", ""role"": """", ""tracks"": """", ""id"": 1006914, ""resource_url"": ""https://api.discogs.com/artists/1006914""}]",
10332190,20,track,Shift (Original Mix),,"[{""name"": ""Christopher Kah"", ""anv"": """", ""join"": """", ""role"": """", ""tracks"": """", ""id"": 259660, ""resource_url"": ""https://api.discogs.com/artists/259660""}]",
10332190,21,track,Living In The City (Original Mix),,"[{""name"": ""Lee Foss"", ""anv"": """", ""join"": ""&"", ""role"": """", ""tracks"": """", ""id"": 1546934, ""resource_url"": ""https://api.discogs.com/artists/1546934""}, {""name"": ""Lee Curtiss"", ""anv"": """", ""join"": ""Feat."", ""role"": """", ""tracks"": """", ""id"": 58745, ""resource_url"": ""https://api.discogs.com/artists/58745""}, {""name"": ""Spencer Nezey"", ""anv"": """", ""join"": ""&"", ""role"": """", ""tracks"": """", ""id"": 967049, ""resource_url"": ""https://api.discogs.com/artists/967049""}, {""name"": ""Alex Nazar"", ""anv"": """", ""join"": """", ""role"": """", ""tracks"": """", ""id"": 2776547, ""resource_url"": ""https://api.discogs.com/artists/2776547""}]",
10332190,22,track,Hulk (Lawlers Idiosyncratic Mix),,"[{""name"": ""DJ Wady"", ""anv"": """", ""join"": ""&"", ""role"": """", ""tracks"": """", ""id"": 296448, ""resource_url"": ""https://api.discogs.com/artists/296448""}, {""name"": ""Patrick M"", ""anv"": """", ""join"": """", ""role"": """", ""tracks"": """", ""id"": 249267, ""resource_url"": ""https://api.discogs.com/artists/249267""}]",
10332190,23,track,Burn (Original Mix),,"[{""name"": ""Shenoda"", ""anv"": """", ""join"": """", ""role"": """", ""tracks"": """", ""id"": 758329, ""resource_url"": ""https://api.discogs.com/artists/758329""}]",
10332190,24,track,Chase The Funk (David Herrero Remix),,"[{""name"": ""NDKj"", ""anv"": """", ""join"": """", ""role"": """", ""tracks"": """", ""id"": 488185, ""resource_url"": ""https://api.discogs.com/artists/488185""}]",
10332190,25,track,Bells Of Brighton (2000 And One Remix),,"[{""name"": ""Steve Mac"", ""anv"": """", ""join"": ""&"", ""role"": """", ""tracks"": """", ""id"": 30428, ""resource_url"": ""https://api.discogs.com/artists/30428""}, {""name"": ""Mark Brown"", ""anv"": """", ""join"": """", ""role"": """", ""tracks"": """", ""id"": 403483, ""resource_url"": ""https://api.discogs.com/artists/403483""}]",
10332190,26,track,Not Also You (Original Mix),,"[{""name"": ""Henrik Schwarz"", ""anv"": """", ""join"": """", ""role"": """", ""tracks"": """", ""id"": 149910, ""resource_url"": ""https://api.discogs.com/artists/149910""}]",
10332190,27,track,Special Brew (MYNC Ibiza Refill),,"[{""name"": ""MYNC Project"", ""anv"": ""MYNC"", ""join"": ""&"", ""role"": """", ""tracks"": """", ""id"": 62077, ""resource_url"": ""https://api.discogs.com/artists/62077""}, {""name"": ""Goodwill"", ""anv"": """", ""join"": """", ""role"": """", ""tracks"": """", ""id"": 160352, ""resource_url"": ""https://api.discogs.com/artists/160352""}]",
10332190,28,track,Tim Bongconga (Original Mix),,"[{""name"": ""Lee Walker (4)"", ""anv"": """", ""join"": """", ""role"": """", ""tracks"": """", ""id"": 3108494, ""resource_url"": ""https://api.discogs.com/artists/3108494""}]",
10332190,29,track,Iceland (Kydus Remix),,"[{""name"": ""Flyboy (6)"", ""anv"": """", ""join"": ""Feat."", ""role"": """", ""tracks"": """", ""id"": 5423732, ""resource_url"": ""https://api.discogs.com/artists/5423732""}, {""name"": ""Gavrielle"", ""anv"": """", ""join"": """", ""role"": """", ""tracks"": """", ""id"": 4583345, ""resource_url"": ""https://api.discogs.com/artists/4583345""}]",
10332190,30,track,The King (Original Mix),,"[{""name"": ""Pirupa"", ""anv"": """", ""join"": ""&"", ""role"": """", ""tracks"": """", ""id"": 1229039, ""resource_url"": ""https://api.discogs.com/artists/1229039""}, {""name"": ""NiCe7"", ""anv"": """", ""join"": """", ""role"": """", ""tracks"": """", ""id"": 1055234, ""resource_url"": ""https://api.discogs.com/artists/1055234""}]",
10332190,31,track,Back To The Music (Route 94 Remix),,"[{""name"": ""Sooney"", ""anv"": """", ""join"": """", ""role"": """", ""tracks"": """", ""id"": 5615267, ""resource_url"": ""https://api.discogs.com/artists/5615267""}]",
10332190,32,track,Lifting Me High (DLG Huge Mix),,"[{""name"": ""Harry \""Choo Choo\"" Romero"", ""anv"": ""Harry Choo Choo Romero"", ""join"": ""&"", ""role"": """", ""tracks"": """", ""id"": 224519, ""resource_url"": ""https://api.discogs.com/artists/224519""}, {""name"": ""Jose Nuñez"", ""anv"": ""Jose Nunez"", ""join"": """", ""role"": """", ""tracks"": """", ""id"": 525683, ""resource_url"": ""https://api.discogs.com/artists/525683""}]",
10332190,33,track,I Gave My Love (Shan & Gerd Janson Remix),,"[{""name"": ""Move D"", ""anv"": """", ""join"": """", ""role"": """", ""tracks"": """", ""id"": 838, ""resource_url"": ""https://api.discogs.com/artists/838""}]",
10332190,34,track,Get It Alive (Original Mix),,"[{""name"": ""Coyu"", ""anv"": """", ""join"": ""&"", ""role"": """", ""tracks"": """", ""id"": 1295680, ""resource_url"": ""https://api.discogs.com/artists/1295680""}, {""name"": ""Affkt"", ""anv"": """", ""join"": """", ""role"": """", ""tracks"": """", ""id"": 1270739, ""resource_url"": ""https://api.discogs.com/artists/1270739""}]",
10332190,35,track,With You (Original Mix),,"[{""name"": ""Corey James"", ""anv"": """", ""join"": ""Feat."", ""role"": """", ""tracks"": """", ""id"": 4457316, ""resource_url"": ""https://api.discogs.com/artists/4457316""}, {""name"": ""Santez"", ""anv"": """", ""join"": """", ""role"": """", ""tracks"": """", ""id"": 2669526, ""resource_url"": ""https://api.discogs.com/artists/2669526""}]",
10332190,36,track,Tenerife Y La Gomera (Original Mix),,"[{""name"": ""SKJG Project"", ""anv"": """", ""join"": """", ""role"": """", ""tracks"": """", ""id"": 1731101, ""resource_url"": ""https://api.discogs.com/artists/1731101""}]",
10332190,37,track,Where It Begins (Original Mix),,"[{""name"": ""Layton Giordani"", ""anv"": """", ""join"": """", ""role"": """", ""tracks"": """", ""id"": 3565583, ""resource_url"": ""https://api.discogs.com/artists/3565583""}]",
10332190,38,track,Cala Llonga (Original Mix),,"[{""name"": ""Toyboy & Robin"", ""anv"": """", ""join"": """", ""role"": """", ""tracks"": """", ""id"": 3172280, ""resource_url"": ""https://api.discogs.com/artists/3172280""}]",
10332190,39,track,New Heights (Christian Smith & John Selway Remix),,"[{""name"": ""Mark Brown"", ""anv"": """", ""join"": """", ""role"": """", ""tracks"": """", ""id"": 403483, ""resource_url"": ""https://api.discogs.com/artists/403483""}]",
10332190,40,track,Play It (Original Mix),,"[{""name"": ""Secondcity"", ""anv"": """", ""join"": ""&"", ""role"": """", ""tracks"": """", ""id"": 3596183, ""resource_url"": ""https://api.discogs.com/artists/3596183""}, {""name"": ""Manu Gonzalez"", ""anv"": """", ""join"": """", ""role"": """", ""tracks"": """", ""id"": 2854691, ""resource_url"": ""https://api.discogs.com/artists/2854691""}]",
10332190,41,track,Fire (Gunjah Remix),,"[{""name"": ""Matthew Heyer"", ""anv"": """", ""join"": """", ""role"": """", ""tracks"": """", ""id"": 4913378, ""resource_url"": ""https://api.discogs.com/artists/4913378""}]",
10332190,42,track,Cr2 Presents: Ibiza Opening Party 2017 (Continuous Mix 1),95:13,"[{""name"": ""Various"", ""anv"": """", ""join"": """", ""role"": """", ""tracks"": """", ""id"": 194, ""resource_url"": ""https://api.discogs.com/artists/194""}]",
10332190,43,track,Cr2 Presents: Ibiza Opening Party 2017 (Continuous Mix 2),98:02,"[{""name"": ""Various"", ""anv"": """", ""join"": """", ""role"": """", ""tracks"": """", ""id"": 194, ""resource_url"": ""https://api.discogs.com/artists/194""}]",
10343749,A,track,Are You Going With Me,,,"[{""name"": ""Kerri Chandler"", ""anv"": """", ""join"": """", ""role"": ""Keyboards"", ""tracks"": """", ""id"": 59, ""resource_url"": ""https://api.discogs.com/artists/59""}, {""name"": ""Lyle Mays"", ""anv"": """", ""join"": """", ""role"": ""Written-By"", ""tracks"": """", ""id"": 222583, ""resource_url"": ""https://api.discogs.com/artists/222583""}, {""name"": ""Pat Metheny"", ""anv"": """", ""join"": """", ""role"": ""Written-By"", ""tracks"": """", ""id"": 20185, ""resource_url"": ""https://api.discogs.com/artists/20185""}]"
10343749,B1,track,Time Is Destiny,,,"[{""name"": ""Jeff Craven"", ""anv"": """", ""join"": """", ""role"": ""Vocals"", ""tracks"": """", ""id"": 473978, ""resource_url"": ""https://api.discogs.com/artists/473978""}]"
10343749,B2,track,Midnight City Blues,,,
10343749,C,track,Who Is It You Love?,,,
10343749,D1,track,Digital Brazil,,,
10343749,D2,track,It All Comes Back To You,,,
10357353,A1,track,I Need A Man (Original Mix),,,"[{""name"": ""Disscode"", ""anv"": """", ""join"": """", ""role"": ""Remix"", ""tracks"": """", ""id"": 63146, ""resource_url"": ""https://api.discogs.com/artists/63146""}]"
10357353,A2,track,I Need A Man (Disscode's Nu Nrg Remix),,,"[{""name"": ""Hard 2 Dance"", ""anv"": """", ""join"": """", ""role"": ""Remix"", ""tracks"": """", ""id"": 25194, ""resource_url"": ""https://api.discogs.com/artists/25194""}]"
10357353,AA1,track,I Need A Man (Hard 2 Dance Wizz'ard Remix),,,"[{""name"": ""Dr. Magic"", ""anv"": ""Dr Magic"", ""join"": """", ""role"": ""Featuring"", ""tracks"": """", ""id"": 157293, ""resource_url"": ""https://api.discogs.com/artists/157293""}]"
10357353,AA2,track,Get It On,,,
10365073,A1,track,Si No Puedes Mecerme = If You Can't Rock Me,3:47,,
10365073,A2,track,No Soy Tan Orgulloso Como Para No Pedir = Ain't Too Proud To Beg,3:32,,
10365073,A3,track,Es Solo Rock And Roll (Pero Me Gusta) = It's Only Rock 'N Roll (But I Like I,5:08,,
10365073,A4,track,Hasta El Siguiente Adios = Till The Next Goodbye,4:39,,
10365073,A5,track,El Tiempo No Espera A Nadie = Time Waits For No One,6:31,,
10365073,B1,track,Lujo = Luxury,4:30,,
10365073,B2,track,Baila Hermanita = Dance Little Sister,4:12,,
10365073,B3,track,Si De Verdad Quieres Ser Mi Amigo = If You Really Want To Be My Friend,6:17,,
10365073,B4,track,Corto Y Risado = Short And Curlies,2:44,,
10365073,B5,track,Archivo De Huellas Dactilares = Fingerprint File,6:41,,
10369244,1,track,Mexican Love,,"[{""name"": ""Eddy And The Backfires"", ""anv"": """", ""join"": """", ""role"": """", ""tracks"": """", ""id"": 3359686, ""resource_url"": ""https://api.discogs.com/artists/3359686""}]",
10369244,2,track,Little Bit More,,"[{""name"": ""The Cordwood Draggers"", ""anv"": """", ""join"": """", ""role"": """", ""tracks"": """", ""id"": 4661310, ""resource_url"": ""https://api.discogs.com/artists/4661310""}]",
10369244,3,track,Cherokee Boogie,,"[{""name"": ""Rhythm Train"", ""anv"": """", ""join"": """", ""role"": """", ""tracks"": """", ""id"": 2018522, ""resource_url"": ""https://api.discogs.com/artists/2018522""}]",
10369244,4,track,You're Gonna Cry,,"[{""name"": ""Hot'n'Cold"", ""anv"": """", ""join"": """", ""role"": """", ""tracks"": """", ""id"": 1776803, ""resource_url"": ""https://api.discogs.com/artists/1776803""}]",
10369244,5,track,Greyhound Girl,,"[{""name"": ""Pete & The Atomics"", ""anv"": """", ""join"": """", ""role"": """", ""tracks"": """", ""id"": 5624930, ""resource_url"": ""https://api.discogs.com/artists/5624930""}]",
10369244,6,track,One Hand Loose,,"[{""name"": ""The Roadrunners (5)"", ""anv"": ""Russ Be-Bop & The Roadrunners"", ""join"": """", ""role"": """", ""tracks"": """", ""id"": 2074065, ""resource_url"": ""https://api.discogs.com/artists/2074065""}]",
10369244,7,track,Jail Bait,,"[{""name"": ""Rancho Deluxe"", ""anv"": """", ""join"": """", ""role"": """", ""tracks"": """", ""id"": 1940116, ""resource_url"": ""https://api.discogs.com/artists/1940116""}]",
10369244,8,track,Oh Baby (You Look So Pretty),,"[{""name"": ""Count IV (2)"", ""anv"": """", ""join"": """", ""role"": """", ""tracks"": """", ""id"": 6638424, ""resource_url"": ""https://api.discogs.com/artists/6638424""}]",
10369244,9,track,Stop Whistlin' Wolf,,"[{""name"": ""Fortyfive RPM"", ""anv"": ""45 RPM"", ""join"": """", ""role"": """", ""tracks"": """", ""id"": 4815014, ""resource_url"": ""https://api.discogs.com/artists/4815014""}]",
10369244,10,track,There's A Will,,"[{""name"": ""Jesse Al Tuscan & The Lumberjacks"", ""anv"": """", ""join"": """", ""role"": """", ""tracks"": """", ""id"": 4364837, ""resource_url"": ""https://api.discogs.com/artists/4364837""}]",
10369244,11,track,Cecil Brown (the original Rockabilly Nugget),,"[{""name"": ""The Caravans"", ""anv"": """", ""join"": """", ""role"": """", ""tracks"": """", ""id"": 355124, ""resource_url"": ""https://api.discogs.com/artists/355124""}]",
10369244,12,track,Wanderin' Mind,,"[{""name"": ""The Roy Kay Trio"", ""anv"": """", ""join"": """", ""role"": """", ""tracks"": """", ""id"": 3305705, ""resource_url"": ""https://api.discogs.com/artists/3305705""}]",
10369244,13,track,Lost Highway,,"[{""name"": ""Chrome Daddies"", ""anv"": """", ""join"": """", ""role"": """", ""tracks"": """", ""id"": 2997840, ""resource_url"": ""https://api.discogs.com/artists/2997840""}]",
10369244,14,track,Who's Kissing You,,"[{""name"": ""Johnny Kansas"", ""anv"": """", ""join"": ""&"", ""role"": """", ""tracks"": """", ""id"": 2997838, ""resource_url"": ""https://api.discogs.com/artists/2997838""}, {""name"": ""Ike & The Capers"", ""anv"": ""The Capers"", ""join"": """", ""role"": """", ""tracks"": """", ""id"": 1969557, ""resource_url"": ""https://api.discogs.com/artists/1969557""}]",
10369244,15,track,Mean Live Wire,,"[{""name"": ""The Planet Boppers"", ""anv"": """", ""join"": """", ""role"": """", ""tracks"": """", ""id"": 5792598, ""resource_url"": ""https://api.discogs.com/artists/5792598""}]",
10369244,16,track,Ruby Black Hair,,"[{""name"": ""The Voodoo Shakers"", ""anv"": """", ""join"": """", ""role"": """", ""tracks"": """", ""id"": 2341998, ""resource_url"": ""https://api.discogs.com/artists/2341998""}]",
10369244,17,track,All Screwed Up,,"[{""name"": ""Ray Thompson (2)"", ""anv"": ""Ray Thompson & The Invisible Rays"", ""join"": """", ""role"": """", ""tracks"": """", ""id"": 516828, ""resource_url"": ""https://api.discogs.com/artists/516828""}]",
10369244,18,track,Havin' Some Fun,,"[{""name"": ""Mark Kelf & The Valley Boys"", ""anv"": """", ""join"": """", ""role"": """", ""tracks"": """", ""id"": 4088792, ""resource_url"": ""https://api.discogs.com/artists/4088792""}]",
10369244,19,track,You Can Do No Wrong,,"[{""name"": ""Mars Attacks (3)"", ""anv"": """", ""join"": """", ""role"": """", ""tracks"": """", ""id"": 3030354, ""resource_url"": ""https://api.discogs.com/artists/3030354""}]",
10369244,20,track,Highway 99,,"[{""name"": ""Mark Lee Allen"", ""anv"": """", ""join"": ""&"", ""role"": """", ""tracks"": """", ""id"": 1338134, ""resource_url"": ""https://api.discogs.com/artists/1338134""}, {""name"": ""The Driver Brothers"", ""anv"": """", ""join"": """", ""role"": """", ""tracks"": """", ""id"": 1338137, ""resource_url"": ""https://api.discogs.com/artists/1338137""}]",
10369244,21,track,Mighty Good Man,,"[{""name"": ""Raik And The Chainballs"", ""anv"": """", ""join"": """", ""role"": """", ""tracks"": """", ""id"": 2289796, ""resource_url"": ""https://api.discogs.com/artists/2289796""}]",
10369244,22,track,The Itch,,"[{""name"": ""The Rizlaz"", ""anv"": """", ""join"": """", ""role"": """", ""tracks"": """", ""id"": 3158259, ""resource_url"": ""https://api.discogs.com/artists/3158259""}]",
10369244,23,track,Louisiana Man,,"[{""name"": ""Jesse Al Tuscan & The Lumberjacks"", ""anv"": """", ""join"": """", ""role"": """", ""tracks"": """", ""id"": 4364837, ""resource_url"": ""https://api.discogs.com/artists/4364837""}]",
10369244,24,track,Kidnapped,,"[{""name"": ""The Houserockers"", ""anv"": """", ""join"": """", ""role"": """", ""tracks"": """", ""id"": 2603849, ""resource_url"": ""https://api.discogs.com/artists/2603849""}]",
10369244,25,track,Don't You Love Me,,"[{""name"": ""Dusty Gray & His Rough Ridin' Ramblers"", ""anv"": """", ""join"": """", ""role"": """", ""tracks"": """", ""id"": 4809514, ""resource_url"": ""https://api.discogs.com/artists/4809514""}]",
10369244,26,track,Suzie Q,,"[{""name"": ""The Roadrunners (5)"", ""anv"": ""Russ Be-Bop & The Roadrunners"", ""join"": """", ""role"": """", ""tracks"": """", ""id"": 2074065, ""resource_url"": ""https://api.discogs.com/artists/2074065""}]",
10369244,27,track,El Muerto Bajo Tu Carna,,"[{""name"": ""Antonio Garcia Y Los Roqueros"", ""anv"": """", ""join"": """", ""role"": """", ""tracks"": """", ""id"": 3313776, ""resource_url"": ""https://api.discogs.com/artists/3313776""}]",
10396452,A1,track,Medicinal High,7:55,,
10396452,A2,track,Medicinal Drum,7:29,,
10396452,AA1,track,MKS 93,7:18,,
10396452,AA2,track,Reel,4:12,,
1040908,1,track,Billy Skit,0:58,,"[{""name"": ""Chris Martin (6)"", ""anv"": ""C. Martin"", ""join"": """", ""role"": ""Written-By"", ""tracks"": """", ""id"": 608750, ""resource_url"": ""https://api.discogs.com/artists/608750""}, {""name"": ""Eric Murray"", ""anv"": ""E. Murry"", ""join"": """", ""role"": ""Written-By"", ""tracks"": """", ""id"": 610288, ""resource_url"": ""https://api.discogs.com/artists/610288""}, {""name"": ""Jamal Grinnage"", ""anv"": ""J. Grinnage"", ""join"": """", ""role"": ""Written-By"", ""tracks"": """", ""id"": 610292, ""resource_url"": ""https://api.discogs.com/artists/610292""}]"
1040908,2,track,Breakin' The Rules,4:12,,"[{""name"": ""Jay-Z"", ""anv"": """", ""join"": """", ""role"": ""Featuring"", ""tracks"": """", ""id"": 21742, ""resource_url"": ""https://api.discogs.com/artists/21742""}, {""name"": ""Teflon (2)"", ""anv"": ""Tef"", ""join"": """", ""role"": ""Featuring"", ""tracks"": """", ""id"": 360473, ""resource_url"": ""https://api.discogs.com/artists/360473""}, {""name"": ""Fox (4)"", ""anv"": """", ""join"": """", ""role"": ""Vocals [Uncredited]"", ""tracks"": """", ""id"": 417672, ""resource_url"": ""https://api.discogs.com/artists/417672""}, {""name"": ""Eric Murray"", ""anv"": ""E. Murry"", ""join"": """", ""role"": ""Written-By"", ""tracks"": """", ""id"": 610288, ""resource_url"": ""https://api.discogs.com/artists/610288""}, {""name"": ""Frankie Sullivan"", ""anv"": ""F. Sullivan"", ""join"": """", ""role"": ""Written-By"", ""tracks"": """", ""id"": 284218, ""resource_url"": ""https://api.discogs.com/artists/284218""}, {""name"": ""Jamal Grinnage"", ""anv"": ""J. Grinnage"", ""join"": """", ""role"": ""Written-By"", ""tracks"": """", ""id"": 610292, ""resource_url"": ""https://api.discogs.com/artists/610292""}, {""name"": ""Jim Peterik"", ""anv"": ""J. Peterik"", ""join"": """", ""role"": ""Written-By"", ""tracks"": """", ""id"": 284217, ""resource_url"": ""https://api.discogs.com/artists/284217""}, {""name"": ""Lawrence Elliott (2)"", ""anv"": ""L. Elliott"", ""join"": """", ""role"": ""Written-By"", ""tracks"": """", ""id"": 3211432, ""resource_url"": ""https://api.discogs.com/artists/3211432""}, {""name"": ""Linwood Starling"", ""anv"": ""L. Starling"", ""join"": """", ""role"": ""Written-By"", ""tracks"": """", ""id"": 237764, ""resource_url"": ""https://api.discogs.com/artists/237764""}, {""name"": ""Shawn Carter"", ""anv"": ""S. Carter"", ""join"": """", ""role"": ""Written-By"", ""tracks"": """", ""id"": 447899, ""resource_url"": ""https://api.discogs.com/artists/447899""}]"
1040908,3,track,4 Alarm Blaze,4:29,,"[{""name"": ""Eric Murray"", ""anv"": ""E. Murry"", ""join"": """", ""role"": ""Written-By"", ""tracks"": """", ""id"": 610288, ""resource_url"": ""https://api.discogs.com/artists/610288""}, {""name"": ""Jamal Grinnage"", ""anv"": ""J. Grinnage"", ""join"": """", ""role"": ""Written-By"", ""tracks"": """", ""id"": 610292, ""resource_url"": ""https://api.discogs.com/artists/610292""}, {""name"": ""Lawrence Elliott (2)"", ""anv"": ""L. Elliott"", ""join"": """", ""role"": ""Written-By"", ""tracks"": """", ""id"": 3211432, ""resource_url"": ""https://api.discogs.com/artists/3211432""}]"
1040908,4,track,Blood Sweat And Tears,4:43,,"[{""name"": ""O.C."", ""anv"": """", ""join"": """", ""role"": ""Featuring"", ""tracks"": """", ""id"": 22910, ""resource_url"": ""https://api.discogs.com/artists/22910""}, {""name"": ""Eric Murray"", ""anv"": ""E. Murry"", ""join"": """", ""role"": ""Written-By"", ""tracks"": """", ""id"": 610288, ""resource_url"": ""https://api.discogs.com/artists/610288""}, {""name"": ""Jamal Grinnage"", ""anv"": ""J. Grinnage"", ""join"": """", ""role"": ""Written-By"", ""tracks"": """", ""id"": 610292, ""resource_url"": ""https://api.discogs.com/artists/610292""}, {""name"": ""Omar Credle"", ""anv"": ""O. Credle"", ""join"": """", ""role"": ""Written-By"", ""tracks"": """", ""id"": 679390, ""resource_url"": ""https://api.discogs.com/artists/679390""}]"
1040908,5,track,Down 4 Whateva,3:33,,"[{""name"": ""Eric Murray"", ""anv"": ""E. Murry"", ""join"": """", ""role"": ""Written-By"", ""tracks"": """", ""id"": 610288, ""resource_url"": ""https://api.discogs.com/artists/610288""}, {""name"": ""Jamal Grinnage"", ""anv"": ""J. Grinnage"", ""join"": """", ""role"": ""Written-By"", ""tracks"": """", ""id"": 610292, ""resource_url"": ""https://api.discogs.com/artists/610292""}, {""name"": ""Lawrence Elliott (2)"", ""anv"": ""L. Elliott"", ""join"": """", ""role"": ""Written-By"", ""tracks"": """", ""id"": 3211432, ""resource_url"": ""https://api.discogs.com/artists/3211432""}]"
1040908,6,track,Facing Off,3:38,,"[{""name"": ""Heather B."", ""anv"": ""Heather B"", ""join"": """", ""role"": ""Featuring"", ""tracks"": """", ""id"": 212995, ""resource_url"": ""https://api.discogs.com/artists/212995""}, {""name"": ""Eric Murray"", ""anv"": ""E. Murry"", ""join"": """", ""role"": ""Written-By"", ""tracks"": """", ""id"": 610288, ""resource_url"": ""https://api.discogs.com/artists/610288""}, {""name"": ""Heather Gardner (2)"", ""anv"": ""H. Gardner"", ""join"": """", ""role"": ""Written-By"", ""tracks"": """", ""id"": 1894570, ""resource_url"": ""https://api.discogs.com/artists/1894570""}, {""name"": ""Jamal Grinnage"", ""anv"": ""J. Grinnage"", ""join"": """", ""role"": ""Written-By"", ""tracks"": """", ""id"": 610292, ""resource_url"": ""https://api.discogs.com/artists/610292""}, {""name"": ""Walter Dewgarde"", ""anv"": ""W. Dewgarde"", ""join"": """", ""role"": ""Written-By"", ""tracks"": """", ""id"": 939665, ""resource_url"": ""https://api.discogs.com/artists/939665""}]"
1040908,7,track,My Kinda Nigga Part II,4:07,,"[{""name"": ""Freddie Foxxx"", ""anv"": """", ""join"": """", ""role"": ""Featuring"", ""tracks"": """", ""id"": 159342, ""resource_url"": ""https://api.discogs.com/artists/159342""}, {""name"": ""Chris Martin (6)"", ""anv"": ""C. Martin"", ""join"": """", ""role"": ""Written-By"", ""tracks"": """", ""id"": 608750, ""resource_url"": ""https://api.discogs.com/artists/608750""}, {""name"": ""Eric Murray"", ""anv"": ""E. Murry"", ""join"": """", ""role"": ""Written-By"", ""tracks"": """", ""id"": 610288, ""resource_url"": ""https://api.discogs.com/artists/610288""}, {""name"": ""Freddie Foxxx"", ""anv"": ""F. Foxxx"", ""join"": """", ""role"": ""Written-By"", ""tracks"": """", ""id"": 159342, ""resource_url"": ""https://api.discogs.com/artists/159342""}, {""name"": ""Jamal Grinnage"", ""anv"": ""J. Grinnage"", ""join"": """", ""role"": ""Written-By"", ""tracks"": """", ""id"": 610292, ""resource_url"": ""https://api.discogs.com/artists/610292""}]"
1040908,8,track,I Luv,4:50,,"[{""name"": ""Gang Starr"", ""anv"": ""Gangstarr"", ""join"": """", ""role"": ""Featuring"", ""tracks"": """", ""id"": 29058, ""resource_url"": ""https://api.discogs.com/artists/29058""}, {""name"": ""Chris Martin (6)"", ""anv"": ""L. Martin"", ""join"": """", ""role"": ""Written-By"", ""tracks"": """", ""id"": 608750, ""resource_url"": ""https://api.discogs.com/artists/608750""}, {""name"": ""Eric Murray"", ""anv"": ""E. Murry"", ""join"": """", ""role"": ""Written-By"", ""tracks"": """", ""id"": 610288, ""resource_url"": ""https://api.discogs.com/artists/610288""}, {""name"": ""Jamal Grinnage"", ""anv"": ""J. Grinnage"", ""join"": """", ""role"": ""Written-By"", ""tracks"": """", ""id"": 610292, ""resource_url"": ""https://api.discogs.com/artists/610292""}, {""name"": ""Keith Elam"", ""anv"": ""K. Elam"", ""join"": """", ""role"": ""Written-By"", ""tracks"": """", ""id"": 294477, ""resource_url"": ""https://api.discogs.com/artists/294477""}]"
1040908,9,track,Salute Part II,4:17,,"[{""name"": ""Eric Murray"", ""anv"": ""E. Murry"", ""join"": """", ""role"": ""Written-By"", ""tracks"": """", ""id"": 610288, ""resource_url"": ""https://api.discogs.com/artists/610288""}, {""name"": ""Jamal Grinnage"", ""anv"": ""J. Grinnage"", ""join"": """", ""role"": ""Written-By"", ""tracks"": """", ""id"": 610292, ""resource_url"": ""https://api.discogs.com/artists/610292""}, {""name"": ""Lawrence Elliott (2)"", ""anv"": ""L. Elliott"", ""join"": """", ""role"": ""Written-By"", ""tracks"": """", ""id"": 3211432, ""resource_url"": ""https://api.discogs.com/artists/3211432""}]"
1040908,10,track,Ride With Us,4:43,,"[{""name"": ""DJ Premier"", ""anv"": """", ""join"": """", ""role"": ""Remix"", ""tracks"": """", ""id"": 21151, ""resource_url"": ""https://api.discogs.com/artists/21151""}, {""name"": ""Eric Murray"", ""anv"": ""E. Murry"", ""join"": """", ""role"": ""Written-By"", ""tracks"": """", ""id"": 610288, ""resource_url"": ""https://api.discogs.com/artists/610288""}, {""name"": ""Jamal Grinnage"", ""anv"": ""J. Grinnage"", ""join"": """", ""role"": ""Written-By"", ""tracks"": """", ""id"": 610292, ""resource_url"": ""https://api.discogs.com/artists/610292""}, {""name"": ""Lawrence Elliott (2)"", ""anv"": ""L. Elliott"", ""join"": """", ""role"": ""Written-By"", ""tracks"": """", ""id"": 3211432, ""resource_url"": ""https://api.discogs.com/artists/3211432""}]"
1040908,11,track,Handle Ur Bizness (DJ Premier Remix),4:15,,"[{""name"": ""Eric Murray"", ""anv"": ""E. Murry"", ""join"": """", ""role"": ""Written-By"", ""tracks"": """", ""id"": 610288, ""resource_url"": ""https://api.discogs.com/artists/610288""}, {""name"": ""Jamal Grinnage"", ""anv"": ""J. Grinnage"", ""join"": """", ""role"": ""Written-By"", ""tracks"": """", ""id"": 610292, ""resource_url"": ""https://api.discogs.com/artists/610292""}]"
1040908,12,track,Fly Nigga Hill Figga,4:07,,"[{""name"": ""Eric Murray"", ""anv"": ""E. Murry"", ""join"": """", ""role"": ""Written-By"", ""tracks"": """", ""id"": 610288, ""resource_url"": ""https://api.discogs.com/artists/610288""}, {""name"": ""Jamal Grinnage"", ""anv"": ""J. Grinnage"", ""join"": """", ""role"": ""Written-By"", ""tracks"": """", ""id"": 610292, ""resource_url"": ""https://api.discogs.com/artists/610292""}, {""name"": ""Lawrence Elliott (2)"", ""anv"": ""L. Elliott"", ""join"": """", ""role"": ""Written-By"", ""tracks"": """", ""id"": 3211432, ""resource_url"": ""https://api.discogs.com/artists/3211432""}]"
1040908,13,track,What The Future Holds,3:57,,"[{""name"": ""Chris Martin (6)"", ""anv"": ""C. Martin"", ""join"": """", ""role"": ""Written-By"", ""tracks"": """", ""id"": 608750, ""resource_url"": ""https://api.discogs.com/artists/608750""}, {""name"": ""Eric Murray"", ""anv"": ""E. Murry"", ""join"": """", ""role"": ""Written-By"", ""tracks"": """", ""id"": 610288, ""resource_url"": ""https://api.discogs.com/artists/610288""}, {""name"": ""Jamal Grinnage"", ""anv"": ""J. Grinnage"", ""join"": """", ""role"": ""Written-By"", ""tracks"": """", ""id"": 610292, ""resource_url"": ""https://api.discogs.com/artists/610292""}]"
1040908,14,track,Downtown Swinga '98,4:13,,"[{""name"": ""Treach"", ""anv"": """", ""join"": """", ""role"": ""Featuring"", ""tracks"": """", ""id"": 112735, ""resource_url"": ""https://api.discogs.com/artists/112735""}, {""name"": ""Laze E Laze"", ""anv"": ""Laze"", ""join"": """", ""role"": ""Instruments"", ""tracks"": """", ""id"": 178161, ""resource_url"": ""https://api.discogs.com/artists/178161""}, {""name"": ""Anthony Shawn Criss"", ""anv"": ""A. Criss"", ""join"": """", ""role"": ""Written-By"", ""tracks"": """", ""id"": 723252, ""resource_url"": ""https://api.discogs.com/artists/723252""}, {""name"": ""Eric Murray"", ""anv"": ""E. Murry"", ""join"": """", ""role"": ""Written-By"", ""tracks"": """", ""id"": 610288, ""resource_url"": ""https://api.discogs.com/artists/610288""}, {""name"": ""Jamal Grinnage"", ""anv"": ""J. Grinnage"", ""join"": """", ""role"": ""Written-By"", ""tracks"": """", ""id"": 610292, ""resource_url"": ""https://api.discogs.com/artists/610292""}, {""name"": ""Lawrence Elliott (2)"", ""anv"": ""L. Elliott"", ""join"": """", ""role"": ""Written-By"", ""tracks"": """", ""id"": 3211432, ""resource_url"": ""https://api.discogs.com/artists/3211432""}]"
1040908,15,track,Fame Skit,1:52,,"[{""name"": ""Eric Murray"", ""anv"": ""E. Murry"", ""join"": """", ""role"": ""Written-By"", ""tracks"": """", ""id"": 610288, ""resource_url"": ""https://api.discogs.com/artists/610288""}, {""name"": ""Jamal Grinnage"", ""anv"": ""J. Grinnage"", ""join"": """", ""role"": ""Written-By"", ""tracks"": """", ""id"": 610292, ""resource_url"": ""https://api.discogs.com/artists/610292""}]"
1040908,16,track,Brooklyn/Jersey Get Wild,4:08,,
1040908,17,track,New York Salute,2:56,,
10414894,A1,track,If You Can't Rock Me,3:47,,"[{""name"": ""Keith Richards"", ""anv"": """", ""join"": """", ""role"": ""Written-By"", ""tracks"": """", ""id"": 166570, ""resource_url"": ""https://api.discogs.com/artists/166570""}, {""name"": ""Mick Jagger"", ""anv"": """", ""join"": """", ""role"": ""Written-By"", ""tracks"": """", ""id"": 90541, ""resource_url"": ""https://api.discogs.com/artists/90541""}]"
10414894,A2,track,Ain't Too Proud To Beg,3:32,,"[{""name"": ""Edward Holland, Jr."", ""anv"": ""Eddie Holland"", ""join"": """", ""role"": ""Written-By"", ""tracks"": """", ""id"": 589715, ""resource_url"": ""https://api.discogs.com/artists/589715""}, {""name"": ""Norman Whitfield"", ""anv"": """", ""join"": """", ""role"": ""Written-By"", ""tracks"": """", ""id"": 101822, ""resource_url"": ""https://api.discogs.com/artists/101822""}]"
10414894,A3,track,It's Only Rock 'N Roll (But I Like It),5:08,,"[{""name"": ""Keith Richards"", ""anv"": """", ""join"": """", ""role"": ""Written-By"", ""tracks"": """", ""id"": 166570, ""resource_url"": ""https://api.discogs.com/artists/166570""}, {""name"": ""Mick Jagger"", ""anv"": """", ""join"": """", ""role"": ""Written-By"", ""tracks"": """", ""id"": 90541, ""resource_url"": ""https://api.discogs.com/artists/90541""}]"
10414894,A4,track,Till The Next Goodbye,4:39,,"[{""name"": ""Keith Richards"", ""anv"": """", ""join"": """", ""role"": ""Written-By"", ""tracks"": """", ""id"": 166570, ""resource_url"": ""https://api.discogs.com/artists/166570""}, {""name"": ""Mick Jagger"", ""anv"": """", ""join"": """", ""role"": ""Written-By"", ""tracks"": """", ""id"": 90541, ""resource_url"": ""https://api.discogs.com/artists/90541""}]"
10414894,A5,track,Time Waits For No One,6:31,,"[{""name"": ""Keith Richards"", ""anv"": """", ""join"": """", ""role"": ""Written-By"", ""tracks"": """", ""id"": 166570, ""resource_url"": ""https://api.discogs.com/artists/166570""}, {""name"": ""Mick Jagger"", ""anv"": """", ""join"": """", ""role"": ""Written-By"", ""tracks"": """", ""id"": 90541, ""resource_url"": ""https://api.discogs.com/artists/90541""}]"
10414894,B1,track,Luxury,4:30,,"[{""name"": ""Keith Richards"", ""anv"": """", ""join"": """", ""role"": ""Written-By"", ""tracks"": """", ""id"": 166570, ""resource_url"": ""https://api.discogs.com/artists/166570""}, {""name"": ""Mick Jagger"", ""anv"": """", ""join"": """", ""role"": ""Written-By"", ""tracks"": """", ""id"": 90541, ""resource_url"": ""https://api.discogs.com/artists/90541""}]"
10414894,B2,track,Dance Little Sister,4:12,,"[{""name"": ""Keith Richards"", ""anv"": """", ""join"": """", ""role"": ""Written-By"", ""tracks"": """", ""id"": 166570, ""resource_url"": ""https://api.discogs.com/artists/166570""}, {""name"": ""Mick Jagger"", ""anv"": """", ""join"": """", ""role"": ""Written-By"", ""tracks"": """", ""id"": 90541, ""resource_url"": ""https://api.discogs.com/artists/90541""}]"
10414894,B3,track,If You Really Want To Be My Friend,6:17,,"[{""name"": ""Keith Richards"", ""anv"": """", ""join"": """", ""role"": ""Written-By"", ""tracks"": """", ""id"": 166570, ""resource_url"": ""https://api.discogs.com/artists/166570""}, {""name"": ""Mick Jagger"", ""anv"": """", ""join"": """", ""role"": ""Written-By"", ""tracks"": """", ""id"": 90541, ""resource_url"": ""https://api.discogs.com/artists/90541""}]"
10414894,B4,track,Short And Curlies,2:44,,"[{""name"": ""Keith Richards"", ""anv"": """", ""join"": """", ""role"": ""Written-By"", ""tracks"": """", ""id"": 166570, ""resource_url"": ""https://api.discogs.com/artists/166570""}, {""name"": ""Mick Jagger"", ""anv"": """", ""join"": """", ""role"": ""Written-By"", ""tracks"": """", ""id"": 90541, ""resource_url"": ""https://api.discogs.com/artists/90541""}]"
10414894,B5,track,Fingerprint File,6:41,,"[{""name"": ""Glyn Johns"", ""anv"": """", ""join"": """", ""role"": ""Mixed By"", ""tracks"": """", ""id"": 52230, ""resource_url"": ""https://api.discogs.com/artists/52230""}, {""name"": ""Keith Richards"", ""anv"": """", ""join"": """", ""role"": ""Written-By"", ""tracks"": """", ""id"": 166570, ""resource_url"": ""https://api.discogs.com/artists/166570""}, {""name"": ""Mick Jagger"", ""anv"": """", ""join"": """", ""role"": ""Written-By"", ""tracks"": """", ""id"": 90541, ""resource_url"": ""https://api.discogs.com/artists/90541""}]"
1042422,1,track,Merry Corpse Mass,4:59,,
1042422,2,track,Tradition Curse,10:04,,
1043582,,heading,Mixed By Jamie Thinnes,,"[{""name"": ""David Panda"", ""anv"": """", ""join"": ""Feat."", ""role"": """", ""tracks"": """", ""id"": 94592, ""resource_url"": ""https://api.discogs.com/artists/94592""}, {""name"": ""Derek Conyer"", ""anv"": """", ""join"": """", ""role"": """", ""tracks"": """", ""id"": 47766, ""resource_url"": ""https://api.discogs.com/artists/47766""}]","[{""name"": ""Derek Conyer"", ""anv"": """", ""join"": """", ""role"": ""Featuring"", ""tracks"": """", ""id"": 47766, ""resource_url"": ""https://api.discogs.com/artists/47766""}, {""name"": ""Charles Webster"", ""anv"": """", ""join"": """", ""role"": ""Remix"", ""tracks"": """", ""id"": 4858, ""resource_url"": ""https://api.discogs.com/artists/4858""}, {""name"": ""David Panda"", ""anv"": """", ""join"": """", ""role"": ""Written-By, Producer"", ""tracks"": """", ""id"": 94592, ""resource_url"": ""https://api.discogs.com/artists/94592""}, {""name"": ""Derek Conyer"", ""anv"": """", ""join"": """", ""role"": ""Written-By, Producer"", ""tracks"": """", ""id"": 47766, ""resource_url"": ""https://api.discogs.com/artists/47766""}]"
1043582,1-01,track,This Time (Charles Webster Remix),7:22,"[{""name"": ""Jamie Thinnes"", ""anv"": """", ""join"": ""&"", ""role"": """", ""tracks"": """", ""id"": 241814, ""resource_url"": ""https://api.discogs.com/artists/241814""}, {""name"": ""Lance DeSardi"", ""anv"": """", ""join"": ""Feat."", ""role"": """", ""tracks"": """", ""id"": 1911, ""resource_url"": ""https://api.discogs.com/artists/1911""}, {""name"": ""Belinda Kazanci"", ""anv"": """", ""join"": """", ""role"": """", ""tracks"": """", ""id"": 174859, ""resource_url"": ""https://api.discogs.com/artists/174859""}]","[{""name"": ""Belinda Kazanci"", ""anv"": """", ""join"": """", ""role"": ""Featuring"", ""tracks"": """", ""id"": 174859, ""resource_url"": ""https://api.discogs.com/artists/174859""}, {""name"": ""Jamie Thinnes"", ""anv"": """", ""join"": """", ""role"": ""Written-By, Producer"", ""tracks"": """", ""id"": 241814, ""resource_url"": ""https://api.discogs.com/artists/241814""}, {""name"": ""Lance DeSardi"", ""anv"": """", ""join"": """", ""role"": ""Written-By, Producer"", ""tracks"": """", ""id"": 1911, ""resource_url"": ""https://api.discogs.com/artists/1911""}]"
1043582,1-02,track,Wake You Up (Kona Dub),3:37,"[{""name"": ""David Panda"", ""anv"": """", ""join"": ""Feat."", ""role"": """", ""tracks"": """", ""id"": 94592, ""resource_url"": ""https://api.discogs.com/artists/94592""}, {""name"": ""Frosche"", ""anv"": """", ""join"": """", ""role"": """", ""tracks"": """", ""id"": 122303, ""resource_url"": ""https://api.discogs.com/artists/122303""}]","[{""name"": ""Frosche"", ""anv"": """", ""join"": """", ""role"": ""Featuring"", ""tracks"": """", ""id"": 122303, ""resource_url"": ""https://api.discogs.com/artists/122303""}, {""name"": ""Franck Roger"", ""anv"": """", ""join"": """", ""role"": ""Remix"", ""tracks"": """", ""id"": 102110, ""resource_url"": ""https://api.discogs.com/artists/102110""}, {""name"": ""Frosche"", ""anv"": ""Fredric \""Frosche\"" Lingren"", ""join"": """", ""role"": ""Written-By"", ""tracks"": """", ""id"": 122303, ""resource_url"": ""https://api.discogs.com/artists/122303""}, {""name"": ""David Panda"", ""anv"": """", ""join"": """", ""role"": ""Written-By, Producer"", ""tracks"": """", ""id"": 94592, ""resource_url"": ""https://api.discogs.com/artists/94592""}]"
1043582,1-03,track,Loving Back (Franck Roger Vocal Mix),5:57,"[{""name"": ""Franck Roger"", ""anv"": """", ""join"": """", ""role"": """", ""tracks"": """", ""id"": 102110, ""resource_url"": ""https://api.discogs.com/artists/102110""}]","[{""name"": ""Franck Roger"", ""anv"": """", ""join"": """", ""role"": ""Producer, Written-By"", ""tracks"": """", ""id"": 102110, ""resource_url"": ""https://api.discogs.com/artists/102110""}]"
1043582,1-04,track,N.J. Track,4:06,"[{""name"": ""S.U.M.O."", ""anv"": """", ""join"": """", ""role"": """", ""tracks"": """", ""id"": 203294, ""resource_url"": ""https://api.discogs.com/artists/203294""}]","[{""name"": ""Alf Tumble"", ""anv"": """", ""join"": """", ""role"": ""Written-By, Producer"", ""tracks"": """", ""id"": 70430, ""resource_url"": ""https://api.discogs.com/artists/70430""}, {""name"": ""Combo"", ""anv"": """", ""join"": """", ""role"": ""Written-By, Producer"", ""tracks"": """", ""id"": 307569, ""resource_url"": ""https://api.discogs.com/artists/307569""}]"
1043582,1-05,track,You,5:57,"[{""name"": ""Untitled Orchestra"", ""anv"": """", ""join"": """", ""role"": """", ""tracks"": """", ""id"": 15053, ""resource_url"": ""https://api.discogs.com/artists/15053""}]","[{""name"": ""J.T. Donaldson"", ""anv"": """", ""join"": """", ""role"": ""Producer"", ""tracks"": """", ""id"": 185, ""resource_url"": ""https://api.discogs.com/artists/185""}]"
1043582,1-06,track,It's Never Forever,6:30,"[{""name"": ""Franck Roger"", ""anv"": """", ""join"": """", ""role"": """", ""tracks"": """", ""id"": 102110, ""resource_url"": ""https://api.discogs.com/artists/102110""}]","[{""name"": ""Franck Roger"", ""anv"": """", ""join"": """", ""role"": ""Producer"", ""tracks"": """", ""id"": 102110, ""resource_url"": ""https://api.discogs.com/artists/102110""}]"
1043582,1-07,track,We Walk To Dance,4:39,"[{""name"": ""2nd Shift"", ""anv"": """", ""join"": ""Feat."", ""role"": """", ""tracks"": """", ""id"": 223, ""resource_url"": ""https://api.discogs.com/artists/223""}, {""name"": ""Anthony Pearson"", ""anv"": """", ""join"": """", ""role"": """", ""tracks"": """", ""id"": 15052, ""resource_url"": ""https://api.discogs.com/artists/15052""}]","[{""name"": ""Anthony Pearson"", ""anv"": """", ""join"": """", ""role"": ""Featuring, Producer, Written-By"", ""tracks"": """", ""id"": 15052, ""resource_url"": ""https://api.discogs.com/artists/15052""}, {""name"": ""J.T. Donaldson"", ""anv"": """", ""join"": """", ""role"": ""Producer, Written-By"", ""tracks"": """", ""id"": 185, ""resource_url"": ""https://api.discogs.com/artists/185""}, {""name"": ""Timothy Shumaker"", ""anv"": ""Tim Shumaker"", ""join"": """", ""role"": ""Producer, Written-By"", ""tracks"": """", ""id"": 540153, ""resource_url"": ""https://api.discogs.com/artists/540153""}]"
1043582,1-08,track,It's Been A Long Time,4:39,"[{""name"": ""CPen"", ""anv"": """", ""join"": """", ""role"": """", ""tracks"": """", ""id"": 666, ""resource_url"": ""https://api.discogs.com/artists/666""}]","[{""name"": ""Cpen"", ""anv"": """", ""join"": """", ""role"": ""Producer, Written-By"", ""tracks"": """", ""id"": 666, ""resource_url"": ""https://api.discogs.com/artists/666""}]"
1043582,1-09,track,Crimson Strides (Classic Mix),6:28,"[{""name"": ""S.U.M.O."", ""anv"": """", ""join"": """", ""role"": """", ""tracks"": """", ""id"": 203294, ""resource_url"": ""https://api.discogs.com/artists/203294""}]","[{""name"": ""Halo"", ""anv"": """", ""join"": """", ""role"": ""Producer [Additional]"", ""tracks"": """", ""id"": 6347, ""resource_url"": ""https://api.discogs.com/artists/6347""}, {""name"": ""The World's Most Beautiful"", ""anv"": ""World's Most Beautiful"", ""join"": """", ""role"": ""Producer [Additional]"", ""tracks"": """", ""id"": 218455, ""resource_url"": ""https://api.discogs.com/artists/218455""}, {""name"": ""Halo"", ""anv"": """", ""join"": """", ""role"": ""Remix"", ""tracks"": """", ""id"": 6347, ""resource_url"": ""https://api.discogs.com/artists/6347""}, {""name"": ""Jamie Thinnes"", ""anv"": """", ""join"": """", ""role"": ""Remix, Producer [Additional]"", ""tracks"": """", ""id"": 241814, ""resource_url"": ""https://api.discogs.com/artists/241814""}, {""name"": ""The World's Most Beautiful"", ""anv"": """", ""join"": """", ""role"": ""Remix, Producer [Additional]"", ""tracks"": """", ""id"": 218455, ""resource_url"": ""https://api.discogs.com/artists/218455""}, {""name"": ""Alf Tumble"", ""anv"": """", ""join"": """", ""role"": ""Written-By, Producer"", ""tracks"": """", ""id"": 70430, ""resource_url"": ""https://api.discogs.com/artists/70430""}, {""name"": ""Combo"", ""anv"": """", ""join"": """", ""role"": ""Written-By, Producer"", ""tracks"": """", ""id"": 307569, ""resource_url"": ""https://api.discogs.com/artists/307569""}]"
1043582,1-10,track,Santiago Boys (Jamie Thinnes & Halo Feat. The World's Most Beautiful Revisited Remix),6:59,"[{""name"": ""Franck Roger"", ""anv"": """", ""join"": ""&"", ""role"": """", ""tracks"": """", ""id"": 102110, ""resource_url"": ""https://api.discogs.com/artists/102110""}, {""name"": ""Olivier Portal"", ""anv"": """", ""join"": ""Feat."", ""role"": """", ""tracks"": """", ""id"": 32682, ""resource_url"": ""https://api.discogs.com/artists/32682""}, {""name"": ""Chris Wonder"", ""anv"": """", ""join"": """", ""role"": """", ""tracks"": """", ""id"": 207808, ""resource_url"": ""https://api.discogs.com/artists/207808""}]","[{""name"": ""Chris Wonder"", ""anv"": """", ""join"": """", ""role"": ""Featuring"", ""tracks"": """", ""id"": 207808, ""resource_url"": ""https://api.discogs.com/artists/207808""}, {""name"": ""Jon Cutler"", ""anv"": """", ""join"": """", ""role"": ""Remix, Producer [Remix]"", ""tracks"": """", ""id"": 6853, ""resource_url"": ""https://api.discogs.com/artists/6853""}, {""name"": ""Martino Lozej"", ""anv"": """", ""join"": """", ""role"": ""Written-By, Producer"", ""tracks"": """", ""id"": 213212, ""resource_url"": ""https://api.discogs.com/artists/213212""}, {""name"": ""Olivier Portal"", ""anv"": """", ""join"": """", ""role"": ""Written-By, Producer"", ""tracks"": """", ""id"": 32682, ""resource_url"": ""https://api.discogs.com/artists/32682""}]"
1043582,1-11,track,Me Myself & I (Jon Cutler Distant Main Mix),4:23,"[{""name"": ""Lefunken"", ""anv"": """", ""join"": ""Feat."", ""role"": """", ""tracks"": """", ""id"": 238460, ""resource_url"": ""https://api.discogs.com/artists/238460""}, {""name"": ""Stephanie Renee"", ""anv"": """", ""join"": """", ""role"": """", ""tracks"": """", ""id"": 313681, ""resource_url"": ""https://api.discogs.com/artists/313681""}]","[{""name"": ""Stephanie Renee"", ""anv"": """", ""join"": """", ""role"": ""Featuring"", ""tracks"": """", ""id"": 313681, ""resource_url"": ""https://api.discogs.com/artists/313681""}, {""name"": ""Duron Tarik"", ""anv"": """", ""join"": """", ""role"": ""Producer"", ""tracks"": """", ""id"": 150088, ""resource_url"": ""https://api.discogs.com/artists/150088""}, {""name"": ""Tyrone Payton"", ""anv"": """", ""join"": """", ""role"": ""Producer"", ""tracks"": """", ""id"": 57633, ""resource_url"": ""https://api.discogs.com/artists/57633""}]"
1043582,1-12,track,Knowing (Main Mix),6:07,"[{""name"": ""Groove Junkies"", ""anv"": """", ""join"": ""Pres."", ""role"": """", ""tracks"": """", ""id"": 42885, ""resource_url"": ""https://api.discogs.com/artists/42885""}, {""name"": ""Solomon Henderson"", ""anv"": """", ""join"": """", ""role"": """", ""tracks"": """", ""id"": 52081, ""resource_url"": ""https://api.discogs.com/artists/52081""}]","[{""name"": ""Solomon Henderson"", ""anv"": """", ""join"": """", ""role"": ""Featuring"", ""tracks"": """", ""id"": 52081, ""resource_url"": ""https://api.discogs.com/artists/52081""}, {""name"": ""Parrish Wintersmith"", ""anv"": """", ""join"": """", ""role"": ""Producer"", ""tracks"": """", ""id"": 271077, ""resource_url"": ""https://api.discogs.com/artists/271077""}, {""name"": ""Evan Landes"", ""anv"": """", ""join"": """", ""role"": ""Written-By, Producer"", ""tracks"": """", ""id"": 126943, ""resource_url"": ""https://api.discogs.com/artists/126943""}]"
1043582,,heading,Mixed By Groove Junkiesh,,"[{""name"": ""Groove Junkies"", ""anv"": """", ""join"": ""Feat."", ""role"": """", ""tracks"": """", ""id"": 42885, ""resource_url"": ""https://api.discogs.com/artists/42885""}, {""name"": ""Indeya"", ""anv"": """", ""join"": """", ""role"": """", ""tracks"": """", ""id"": 99028, ""resource_url"": ""https://api.discogs.com/artists/99028""}]","[{""name"": ""Indeya"", ""anv"": """", ""join"": """", ""role"": ""Featuring"", ""tracks"": """", ""id"": 99028, ""resource_url"": ""https://api.discogs.com/artists/99028""}, {""name"": ""Parrish Wintersmith"", ""anv"": """", ""join"": """", ""role"": ""Producer"", ""tracks"": """", ""id"": 271077, ""resource_url"": ""https://api.discogs.com/artists/271077""}, {""name"": ""Groove Junkies"", ""anv"": ""GJ"", ""join"": """", ""role"": ""Remix"", ""tracks"": """", ""id"": 42885, ""resource_url"": ""https://api.discogs.com/artists/42885""}, {""name"": ""Evan Landes"", ""anv"": """", ""join"": """", ""role"": ""Written-By, Producer"", ""tracks"": """", ""id"": 126943, ""resource_url"": ""https://api.discogs.com/artists/126943""}]"
1043582,2-01,track,Inside My Soul (GJ's Soul Excursion Mix),6:46,"[{""name"": ""Groove Junkies"", ""anv"": """", ""join"": ""Feat."", ""role"": """", ""tracks"": """", ""id"": 42885, ""resource_url"": ""https://api.discogs.com/artists/42885""}, {""name"": ""Alexander Sky"", ""anv"": """", ""join"": """", ""role"": """", ""tracks"": """", ""id"": 233975, ""resource_url"": ""https://api.discogs.com/artists/233975""}]","[{""name"": ""Alexander Sky"", ""anv"": """", ""join"": """", ""role"": ""Featuring"", ""tracks"": """", ""id"": 233975, ""resource_url"": ""https://api.discogs.com/artists/233975""}, {""name"": ""Groove Junkies"", ""anv"": ""GJ"", ""join"": """", ""role"": ""Remix"", ""tracks"": """", ""id"": 42885, ""resource_url"": ""https://api.discogs.com/artists/42885""}, {""name"": ""Evan Landes"", ""anv"": """", ""join"": """", ""role"": ""Written-By, Producer"", ""tracks"": """", ""id"": 126943, ""resource_url"": ""https://api.discogs.com/artists/126943""}, {""name"": ""Parrish Wintersmith"", ""anv"": """", ""join"": """", ""role"": ""Written-By, Producer"", ""tracks"": """", ""id"": 271077, ""resource_url"": ""https://api.discogs.com/artists/271077""}]"
1043582,2-02,track,Gonna Get By (Pt 2) (GJ's Peak Hour Mix),5:50,"[{""name"": ""Groove Junkies"", ""anv"": """", ""join"": ""Feat."", ""role"": """", ""tracks"": """", ""id"": 42885, ""resource_url"": ""https://api.discogs.com/artists/42885""}, {""name"": ""Solara"", ""anv"": """", ""join"": ""&"", ""role"": """", ""tracks"": """", ""id"": 88741, ""resource_url"": ""https://api.discogs.com/artists/88741""}, {""name"": ""Raya Beam"", ""anv"": """", ""join"": """", ""role"": """", ""tracks"": """", ""id"": 59826, ""resource_url"": ""https://api.discogs.com/artists/59826""}]","[{""name"": ""Raya Beam"", ""anv"": """", ""join"": """", ""role"": ""Featuring"", ""tracks"": """", ""id"": 59826, ""resource_url"": ""https://api.discogs.com/artists/59826""}, {""name"": ""Solara"", ""anv"": """", ""join"": """", ""role"": ""Featuring"", ""tracks"": """", ""id"": 88741, ""resource_url"": ""https://api.discogs.com/artists/88741""}, {""name"": ""Brian Tappert"", ""anv"": """", ""join"": """", ""role"": ""Remix"", ""tracks"": """", ""id"": 17115, ""resource_url"": ""https://api.discogs.com/artists/17115""}, {""name"": ""Leneth Hayles-Landes"", ""anv"": """", ""join"": """", ""role"": ""Written-By"", ""tracks"": """", ""id"": 655183, ""resource_url"": ""https://api.discogs.com/artists/655183""}, {""name"": ""Evan Landes"", ""anv"": """", ""join"": """", ""role"": ""Written-By, Producer"", ""tracks"": """", ""id"": 126943, ""resource_url"": ""https://api.discogs.com/artists/126943""}, {""name"": ""Parrish Wintersmith"", ""anv"": """", ""join"": """", ""role"": ""Written-By, Producer"", ""tracks"": """", ""id"": 271077, ""resource_url"": ""https://api.discogs.com/artists/271077""}]"
1043582,2-03,track,I've Got It Bad (GJ's Classic Vox),5:51,"[{""name"": ""Morten Trøst"", ""anv"": ""Morten Trust"", ""join"": """", ""role"": """", ""tracks"": """", ""id"": 96208, ""resource_url"": ""https://api.discogs.com/artists/96208""}]","[{""name"": ""Morten Trøst"", ""anv"": ""Morten Trust Aka Soulmagic"", ""join"": """", ""role"": ""Producer"", ""tracks"": """", ""id"": 96208, ""resource_url"": ""https://api.discogs.com/artists/96208""}, {""name"": ""Groove Junkies"", ""anv"": ""GJ"", ""join"": """", ""role"": ""Remix"", ""tracks"": """", ""id"": 42885, ""resource_url"": ""https://api.discogs.com/artists/42885""}, {""name"": ""Evan Landes"", ""anv"": """", ""join"": """", ""role"": ""Remix [Credited To]"", ""tracks"": """", ""id"": 126943, ""resource_url"": ""https://api.discogs.com/artists/126943""}, {""name"": ""Parrish Wintersmith"", ""anv"": """", ""join"": """", ""role"": ""Remix [Credited To]"", ""tracks"": """", ""id"": 271077, ""resource_url"": ""https://api.discogs.com/artists/271077""}, {""name"": ""William Duckett"", ""anv"": """", ""join"": """", ""role"": ""Written-By"", ""tracks"": """", ""id"": 299908, ""resource_url"": ""https://api.discogs.com/artists/299908""}]"
1043582,2-04,track,Deeper (Brian Tappert Soulfuric Mix),6:35,"[{""name"": ""Groove Junkies"", ""anv"": """", ""join"": """", ""role"": """", ""tracks"": """", ""id"": 42885, ""resource_url"": ""https://api.discogs.com/artists/42885""}]","[{""name"": ""Groove Junkies"", ""anv"": ""GJ"", ""join"": """", ""role"": ""Remix"", ""tracks"": """", ""id"": 42885, ""resource_url"": ""https://api.discogs.com/artists/42885""}, {""name"": ""Evan Landes"", ""anv"": """", ""join"": """", ""role"": ""Written-By, Producer"", ""tracks"": """", ""id"": 126943, ""resource_url"": ""https://api.discogs.com/artists/126943""}, {""name"": ""Parrish Wintersmith"", ""anv"": """", ""join"": """", ""role"": ""Written-By, Producer"", ""tracks"": """", ""id"": 271077, ""resource_url"": ""https://api.discogs.com/artists/271077""}]"
1043582,2-05,track,Love Has Come Around (GJ's Re-Rub Mix),4:50,"[{""name"": ""Groove Junkies"", ""anv"": """", ""join"": ""Feat."", ""role"": """", ""tracks"": """", ""id"": 42885, ""resource_url"": ""https://api.discogs.com/artists/42885""}, {""name"": ""Indeya"", ""anv"": """", ""join"": """", ""role"": """", ""tracks"": """", ""id"": 99028, ""resource_url"": ""https://api.discogs.com/artists/99028""}]","[{""name"": ""Indeya"", ""anv"": """", ""join"": """", ""role"": ""Featuring"", ""tracks"": """", ""id"": 99028, ""resource_url"": ""https://api.discogs.com/artists/99028""}, {""name"": ""Groove Junkies"", ""anv"": ""GJ"", ""join"": """", ""role"": ""Remix"", ""tracks"": """", ""id"": 42885, ""resource_url"": ""https://api.discogs.com/artists/42885""}, {""name"": ""Evan Landes"", ""anv"": """", ""join"": """", ""role"": ""Written-By, Producer"", ""tracks"": """", ""id"": 126943, ""resource_url"": ""https://api.discogs.com/artists/126943""}, {""name"": ""Parrish Wintersmith"", ""anv"": """", ""join"": """", ""role"": ""Written-By, Producer"", ""tracks"": """", ""id"": 271077, ""resource_url"": ""https://api.discogs.com/artists/271077""}]"
1043582,2-06,track,Midnight (GJ's Media Noche Mix),5:19,"[{""name"": ""Groove Junkies"", ""anv"": """", ""join"": ""Pres."", ""role"": """", ""tracks"": """", ""id"": 42885, ""resource_url"": ""https://api.discogs.com/artists/42885""}, {""name"": ""Solara"", ""anv"": """", ""join"": """", ""role"": """", ""tracks"": """", ""id"": 88741, ""resource_url"": ""https://api.discogs.com/artists/88741""}]","[{""name"": ""Diane Carter"", ""anv"": ""Diana Carter"", ""join"": """", ""role"": ""Backing Vocals"", ""tracks"": """", ""id"": 106643, ""resource_url"": ""https://api.discogs.com/artists/106643""}, {""name"": ""Evan Landes"", ""anv"": """", ""join"": """", ""role"": ""Producer, Written-By"", ""tracks"": """", ""id"": 126943, ""resource_url"": ""https://api.discogs.com/artists/126943""}, {""name"": ""Parrish Wintersmith"", ""anv"": """", ""join"": """", ""role"": ""Producer, Written-By"", ""tracks"": """", ""id"": 271077, ""resource_url"": ""https://api.discogs.com/artists/271077""}, {""name"": ""Groove Junkies"", ""anv"": ""GJ"", ""join"": """", ""role"": ""Remix"", ""tracks"": """", ""id"": 42885, ""resource_url"": ""https://api.discogs.com/artists/42885""}, {""name"": ""Solara"", ""anv"": """", ""join"": """", ""role"": ""Vocals [Featuring]"", ""tracks"": """", ""id"": 88741, ""resource_url"": ""https://api.discogs.com/artists/88741""}, {""name"": ""Kathie Talbot"", ""anv"": """", ""join"": """", ""role"": ""Written-By"", ""tracks"": """", ""id"": 81726, ""resource_url"": ""https://api.discogs.com/artists/81726""}, {""name"": ""Leneth Hayles-Landes"", ""anv"": """", ""join"": """", ""role"": ""Written-By"", ""tracks"": """", ""id"": 655183, ""resource_url"": ""https://api.discogs.com/artists/655183""}]"
1043582,2-07,track,Music's Gotcha Jumpin' (GJ's Soul Excursion Vox),6:04,"[{""name"": ""Groove Junkies"", ""anv"": """", ""join"": ""Pres."", ""role"": """", ""tracks"": """", ""id"": 42885, ""resource_url"": ""https://api.discogs.com/artists/42885""}, {""name"": ""Kathie Talbot"", ""anv"": """", ""join"": """", ""role"": """", ""tracks"": """", ""id"": 81726, ""resource_url"": ""https://api.discogs.com/artists/81726""}]","[{""name"": ""Evan Landes"", ""anv"": """", ""join"": """", ""role"": ""Producer, Written-By"", ""tracks"": """", ""id"": 126943, ""resource_url"": ""https://api.discogs.com/artists/126943""}, {""name"": ""Parrish Wintersmith"", ""anv"": """", ""join"": """", ""role"": ""Producer, Written-By"", ""tracks"": """", ""id"": 271077, ""resource_url"": ""https://api.discogs.com/artists/271077""}, {""name"": ""Groove Junkies"", ""anv"": ""GJ"", ""join"": """", ""role"": ""Remix"", ""tracks"": """", ""id"": 42885, ""resource_url"": ""https://api.discogs.com/artists/42885""}, {""name"": ""Kathie Talbot"", ""anv"": """", ""join"": """", ""role"": ""Vocals"", ""tracks"": """", ""id"": 81726, ""resource_url"": ""https://api.discogs.com/artists/81726""}]"
1043582,2-08,track,Sunshine (Sol Brillante) (GJ's Nueva Soul Mix),7:23,"[{""name"": ""Groove Junkies"", ""anv"": """", ""join"": ""Pres."", ""role"": """", ""tracks"": """", ""id"": 42885, ""resource_url"": ""https://api.discogs.com/artists/42885""}, {""name"": ""T.C. Moses"", ""anv"": """", ""join"": """", ""role"": """", ""tracks"": """", ""id"": 487033, ""resource_url"": ""https://api.discogs.com/artists/487033""}]","[{""name"": ""Groove Junkies"", ""anv"": ""GJ"", ""join"": """", ""role"": ""Remix"", ""tracks"": """", ""id"": 42885, ""resource_url"": ""https://api.discogs.com/artists/42885""}, {""name"": ""T.C. Moses"", ""anv"": """", ""join"": """", ""role"": ""Vocals"", ""tracks"": """", ""id"": 487033, ""resource_url"": ""https://api.discogs.com/artists/487033""}, {""name"": ""Evan Landes"", ""anv"": """", ""join"": """", ""role"": ""Written-By, Producer"", ""tracks"": """", ""id"": 126943, ""resource_url"": ""https://api.discogs.com/artists/126943""}, {""name"": ""Parrish Wintersmith"", ""anv"": """", ""join"": """", ""role"": ""Written-By, Producer"", ""tracks"": """", ""id"": 271077, ""resource_url"": ""https://api.discogs.com/artists/271077""}]"
1043582,2-09,track,Catch Your Shine (GJ's Soul Excursion Dub),5:36,"[{""name"": ""Groove Junkies"", ""anv"": """", ""join"": ""Pres."", ""role"": """", ""tracks"": """", ""id"": 42885, ""resource_url"": ""https://api.discogs.com/artists/42885""}, {""name"": ""Indeya"", ""anv"": """", ""join"": """", ""role"": """", ""tracks"": """", ""id"": 99028, ""resource_url"": ""https://api.discogs.com/artists/99028""}]","[{""name"": ""Parrish Wintersmith"", ""anv"": """", ""join"": """", ""role"": ""Producer"", ""tracks"": """", ""id"": 271077, ""resource_url"": ""https://api.discogs.com/artists/271077""}, {""name"": ""Evan Landes"", ""anv"": """", ""join"": """", ""role"": ""Producer, Written-By"", ""tracks"": """", ""id"": 126943, ""resource_url"": ""https://api.discogs.com/artists/126943""}, {""name"": ""Groove Junkies"", ""anv"": ""GJ"", ""join"": """", ""role"": ""Remix"", ""tracks"": """", ""id"": 42885, ""resource_url"": ""https://api.discogs.com/artists/42885""}, {""name"": ""Indeya"", ""anv"": """", ""join"": """", ""role"": ""Vocals"", ""tracks"": """", ""id"": 99028, ""resource_url"": ""https://api.discogs.com/artists/99028""}, {""name"": ""Diane Smith (8)"", ""anv"": ""Diane \""Indeya\"" Smith"", ""join"": """", ""role"": ""Written-By"", ""tracks"": """", ""id"": 12516520, ""resource_url"": ""https://api.discogs.com/artists/12516520""}]"
1043582,2-10,track,Devotion (GJ's Classic Vox),8:06,"[{""name"": ""Groove Junkies"", ""anv"": """", ""join"": ""Feat."", ""role"": """", ""tracks"": """", ""id"": 42885, ""resource_url"": ""https://api.discogs.com/artists/42885""}, {""name"": ""Diane Carter"", ""anv"": """", ""join"": """", ""role"": """", ""tracks"": """", ""id"": 106643, ""resource_url"": ""https://api.discogs.com/artists/106643""}]","[{""name"": ""Diane Carter"", ""anv"": """", ""join"": """", ""role"": ""Featuring, Written-By"", ""tracks"": """", ""id"": 106643, ""resource_url"": ""https://api.discogs.com/artists/106643""}, {""name"": ""Groove Junkies"", ""anv"": ""GJ"", ""join"": """", ""role"": ""Remix"", ""tracks"": """", ""id"": 42885, ""resource_url"": ""https://api.discogs.com/artists/42885""}, {""name"": ""Wayne Howard"", ""anv"": """", ""join"": """", ""role"": ""Written-By"", ""tracks"": """", ""id"": 476456, ""resource_url"": ""https://api.discogs.com/artists/476456""}, {""name"": ""Evan Landes"", ""anv"": """", ""join"": """", ""role"": ""Written-By, Producer"", ""tracks"": """", ""id"": 126943, ""resource_url"": ""https://api.discogs.com/artists/126943""}, {""name"": ""Parrish Wintersmith"", ""anv"": """", ""join"": """", ""role"": ""Written-By, Producer"", ""tracks"": """", ""id"": 271077, ""resource_url"": ""https://api.discogs.com/artists/271077""}]"
1043582,2-11,track,Oh Lord (GJ's Classic Vox),5:34,,
1043582,2-12,track,Feels Like Home (GJ's Classic Vox),5:59,,
1044111,A1,track,Love Lies (Original Mix),7:18,,"[{""name"": ""Alex Wolfenden"", ""anv"": """", ""join"": """", ""role"": ""Remix"", ""tracks"": """", ""id"": 391368, ""resource_url"": ""https://api.discogs.com/artists/391368""}]"
1044111,A2,track,Love Lies (Alex Wolfenden Bagnasty Remix),7:20,,"[{""name"": ""Phil Weeks"", ""anv"": """", ""join"": """", ""role"": ""Remix"", ""tracks"": """", ""id"": 2503, ""resource_url"": ""https://api.discogs.com/artists/2503""}]"
1044111,B1,track,Love Lies (Phil Weeks Circus Dub),6:39,,
1044111,B2,track,Love Lies (Funk Lies),5:46,,
10444779,1,track,Intro: A  Message To Our Sponsors,0:27,"[{""name"": ""Unknown Artist"", ""anv"": """", ""join"": """", ""role"": """", ""tracks"": """", ""id"": 355, ""resource_url"": ""https://api.discogs.com/artists/355""}]","[{""name"": ""Rare Earth"", ""anv"": """", ""join"": """", ""role"": ""Producer"", ""tracks"": """", ""id"": 21207, ""resource_url"": ""https://api.discogs.com/artists/21207""}, {""name"": ""Smokey Robinson"", ""anv"": ""William 'Smokey' Robinson"", ""join"": """", ""role"": ""Written-By"", ""tracks"": """", ""id"": 86094, ""resource_url"": ""https://api.discogs.com/artists/86094""}]"
10444779,2,track,Get Ready,1:17,"[{""name"": ""Rare Earth"", ""anv"": """", ""join"": """", ""role"": """", ""tracks"": """", ""id"": 21207, ""resource_url"": ""https://api.discogs.com/artists/21207""}]","[{""name"": ""Jim Abbiss"", ""anv"": """", ""join"": """", ""role"": ""Mixed By"", ""tracks"": """", ""id"": 252100, ""resource_url"": ""https://api.discogs.com/artists/252100""}, {""name"": ""Psychonauts"", ""anv"": """", ""join"": """", ""role"": ""Producer"", ""tracks"": """", ""id"": 4025, ""resource_url"": ""https://api.discogs.com/artists/4025""}, {""name"": ""Ken Flanagan"", ""anv"": """", ""join"": """", ""role"": ""Written-By"", ""tracks"": """", ""id"": 879182, ""resource_url"": ""https://api.discogs.com/artists/879182""}, {""name"": ""Lawrence Ceder"", ""anv"": """", ""join"": """", ""role"": ""Written-By"", ""tracks"": """", ""id"": 2139462, ""resource_url"": ""https://api.discogs.com/artists/2139462""}, {""name"": ""Psychonauts"", ""anv"": """", ""join"": """", ""role"": ""Written-By"", ""tracks"": """", ""id"": 4025, ""resource_url"": ""https://api.discogs.com/artists/4025""}]"
10444779,3,track,Circles,3:49,"[{""name"": ""Psychonauts"", ""anv"": """", ""join"": """", ""role"": """", ""tracks"": """", ""id"": 4025, ""resource_url"": ""https://api.discogs.com/artists/4025""}]","[{""name"": ""DJ Shadow"", ""anv"": """", ""join"": """", ""role"": ""Engineer"", ""tracks"": """", ""id"": 4478, ""resource_url"": ""https://api.discogs.com/artists/4478""}, {""name"": ""Dan The Automator"", ""anv"": ""The Automator"", ""join"": """", ""role"": ""Engineer [Assisted By]"", ""tracks"": """", ""id"": 27341, ""resource_url"": ""https://api.discogs.com/artists/27341""}, {""name"": ""DJ Shadow"", ""anv"": """", ""join"": """", ""role"": ""Producer, Mixed By"", ""tracks"": """", ""id"": 4478, ""resource_url"": ""https://api.discogs.com/artists/4478""}, {""name"": ""DJ Shadow"", ""anv"": """", ""join"": """", ""role"": ""Written-By"", ""tracks"": """", ""id"": 4478, ""resource_url"": ""https://api.discogs.com/artists/4478""}, {""name"": ""Josh Davies"", ""anv"": ""(J Davies)"", ""join"": """", ""role"": ""Written-By"", ""tracks"": """", ""id"": 2986978, ""resource_url"": ""https://api.discogs.com/artists/2986978""}]"
10444779,4,track,Organ Donor,1:11,"[{""name"": ""DJ Shadow"", ""anv"": """", ""join"": """", ""role"": """", ""tracks"": """", ""id"": 4478, ""resource_url"": ""https://api.discogs.com/artists/4478""}]","[{""name"": ""DJ Shadow"", ""anv"": """", ""join"": """", ""role"": ""Idiophone [Turns]"", ""tracks"": """", ""id"": 4478, ""resource_url"": ""https://api.discogs.com/artists/4478""}, {""name"": ""DJ Shadow"", ""anv"": """", ""join"": """", ""role"": ""Producer"", ""tracks"": """", ""id"": 4478, ""resource_url"": ""https://api.discogs.com/artists/4478""}, {""name"": ""Josh Davis"", ""anv"": ""J.Davis"", ""join"": """", ""role"": ""Written-By"", ""tracks"": """", ""id"": 219560, ""resource_url"": ""https://api.discogs.com/artists/219560""}, {""name"": ""Mark Richardson"", ""anv"": ""M.Richardson"", ""join"": """", ""role"": ""Written-By"", ""tracks"": """", ""id"": 27372, ""resource_url"": ""https://api.discogs.com/artists/27372""}]"
10444779,5,track,Divine Intervention,4:39,"[{""name"": ""Divine Styler"", ""anv"": """", ""join"": ""&"", ""role"": """", ""tracks"": """", ""id"": 8585, ""resource_url"": ""https://api.discogs.com/artists/8585""}, {""name"": ""DJ Shadow"", ""anv"": """", ""join"": """", ""role"": """", ""tracks"": """", ""id"": 4478, ""resource_url"": ""https://api.discogs.com/artists/4478""}]","[{""name"": ""Cameron Craig"", ""anv"": """", ""join"": """", ""role"": ""Engineer"", ""tracks"": """", ""id"": 355228, ""resource_url"": ""https://api.discogs.com/artists/355228""}, {""name"": ""Jim Abbiss"", ""anv"": """", ""join"": """", ""role"": ""Mixed By"", ""tracks"": """", ""id"": 252100, ""resource_url"": ""https://api.discogs.com/artists/252100""}, {""name"": ""James Lavelle"", ""anv"": """", ""join"": """", ""role"": ""Producer"", ""tracks"": """", ""id"": 21209, ""resource_url"": ""https://api.discogs.com/artists/21209""}, {""name"": ""South"", ""anv"": """", ""join"": """", ""role"": ""Producer"", ""tracks"": """", ""id"": 9968, ""resource_url"": ""https://api.discogs.com/artists/9968""}, {""name"": ""Richard File"", ""anv"": """", ""join"": """", ""role"": ""Producer [Additional]"", ""tracks"": """", ""id"": 204992, ""resource_url"": ""https://api.discogs.com/artists/204992""}, {""name"": ""Damian Taylor"", ""anv"": """", ""join"": """", ""role"": ""Producer [Additional], Engineer [Protools]"", ""tracks"": """", ""id"": 142312, ""resource_url"": ""https://api.discogs.com/artists/142312""}, {""name"": ""Brett Shaw"", ""anv"": """", ""join"": """", ""role"": ""Written-By, Performer"", ""tracks"": """", ""id"": 356201, ""resource_url"": ""https://api.discogs.com/artists/356201""}, {""name"": ""Jamie McDonald"", ""anv"": """", ""join"": """", ""role"": ""Written-By, Performer"", ""tracks"": """", ""id"": 695018, ""resource_url"": ""https://api.discogs.com/artists/695018""}, {""name"": ""Joel Cadbury"", ""anv"": """", ""join"": """", ""role"": ""Written-By, Performer"", ""tracks"": """", ""id"": 293195, ""resource_url"": ""https://api.discogs.com/artists/293195""}, {""name"": ""South"", ""anv"": """", ""join"": """", ""role"": ""Written-By, Performer"", ""tracks"": """", ""id"": 9968, ""resource_url"": ""https://api.discogs.com/artists/9968""}]"
10444779,6,track,Broken Head II,1:09,"[{""name"": ""South"", ""anv"": """", ""join"": """", ""role"": """", ""tracks"": """", ""id"": 9968, ""resource_url"": ""https://api.discogs.com/artists/9968""}]","[{""name"": ""The Chemical Brothers"", ""anv"": """", ""join"": """", ""role"": ""Producer"", ""tracks"": """", ""id"": 2290, ""resource_url"": ""https://api.discogs.com/artists/2290""}, {""name"": ""Ed Simons"", ""anv"": """", ""join"": """", ""role"": ""Written-By"", ""tracks"": """", ""id"": 428784, ""resource_url"": ""https://api.discogs.com/artists/428784""}, {""name"": ""Tom Rowlands"", ""anv"": ""Thomas Rowlands"", ""join"": """", ""role"": ""Written-By"", ""tracks"": """", ""id"": 88375, ""resource_url"": ""https://api.discogs.com/artists/88375""}]"
10444779,7,track,Piku,1:52,"[{""name"": ""The Chemical Brothers"", ""anv"": """", ""join"": """", ""role"": """", ""tracks"": """", ""id"": 2290, ""resource_url"": ""https://api.discogs.com/artists/2290""}]","[{""name"": ""Will O'Donovan"", ""anv"": """", ""join"": """", ""role"": ""Engineer"", ""tracks"": """", ""id"": 131299, ""resource_url"": ""https://api.discogs.com/artists/131299""}, {""name"": ""Dave Russell"", ""anv"": """", ""join"": """", ""role"": ""Engineer [Assistant]"", ""tracks"": """", ""id"": 183401, ""resource_url"": ""https://api.discogs.com/artists/183401""}, {""name"": ""Martin Jenkins"", ""anv"": """", ""join"": """", ""role"": ""Engineer [Assistant]"", ""tracks"": """", ""id"": 361247, ""resource_url"": ""https://api.discogs.com/artists/361247""}, {""name"": ""Damian Taylor"", ""anv"": """", ""join"": """", ""role"": ""Engineer [Protools], Producer [Additional]"", ""tracks"": """", ""id"": 142312, ""resource_url"": ""https://api.discogs.com/artists/142312""}, {""name"": ""Jeremy Shaw"", ""anv"": """", ""join"": """", ""role"": ""Keyboards [Key And Tuning]"", ""tracks"": """", ""id"": 87577, ""resource_url"": ""https://api.discogs.com/artists/87577""}, {""name"": ""Chris Potter"", ""anv"": """", ""join"": """", ""role"": ""Mastered By"", ""tracks"": """", ""id"": 39210, ""resource_url"": ""https://api.discogs.com/artists/39210""}, {""name"": ""Howie B."", ""anv"": """", ""join"": """", ""role"": ""Mixed By, Producer [Additional]"", ""tracks"": """", ""id"": 4831, ""resource_url"": ""https://api.discogs.com/artists/4831""}, {""name"": ""Howie B."", ""anv"": """", ""join"": """", ""role"": ""Producer, Arranged By"", ""tracks"": """", ""id"": 4831, ""resource_url"": ""https://api.discogs.com/artists/4831""}, {""name"": ""Howie B."", ""anv"": """", ""join"": """", ""role"": ""Programmed By"", ""tracks"": """", ""id"": 4831, ""resource_url"": ""https://api.discogs.com/artists/4831""}, {""name"": ""James Lavelle"", ""anv"": """", ""join"": """", ""role"": ""Remix [Additional]"", ""tracks"": """", ""id"": 21209, ""resource_url"": ""https://api.discogs.com/artists/21209""}, {""name"": ""Richard File"", ""anv"": """", ""join"": """", ""role"": ""Remix [Additional], Producer [Additional]"", ""tracks"": """", ""id"": 204992, ""resource_url"": ""https://api.discogs.com/artists/204992""}, {""name"": ""Howie B."", ""anv"": ""Howie B"", ""join"": """", ""role"": ""Written-By"", ""tracks"": """", ""id"": 4831, ""resource_url"": ""https://api.discogs.com/artists/4831""}, {""name"": ""Jeremy Shaw"", ""anv"": """", ""join"": """", ""role"": ""Written-By"", ""tracks"": """", ""id"": 87577, ""resource_url"": ""https://api.discogs.com/artists/87577""}, {""name"": ""Pete Herbert"", ""anv"": """", ""join"": """", ""role"": ""Written-By"", ""tracks"": """", ""id"": 76155, ""resource_url"": ""https://api.discogs.com/artists/76155""}, {""name"": ""Will O'Donovan"", ""anv"": """", ""join"": """", ""role"": ""Written-By"", ""tracks"": """", ""id"": 131299, ""resource_url"": ""https://api.discogs.com/artists/131299""}]"
10444779,8,track,Hey Jack (UNKLE Metamorphosis Mix),7:17,"[{""name"": ""Howie B."", ""anv"": ""Howie B"", ""join"": """", ""role"": """", ""tracks"": """", ""id"": 4831, ""resource_url"": ""https://api.discogs.com/artists/4831""}]","[{""name"": ""P&P Hartnoll"", ""anv"": """", ""join"": """", ""role"": ""Producer"", ""tracks"": """", ""id"": 247667, ""resource_url"": ""https://api.discogs.com/artists/247667""}, {""name"": ""Mickey Mann"", ""anv"": ""Micky Mann"", ""join"": """", ""role"": ""Producer [Extra]"", ""tracks"": """", ""id"": 100530, ""resource_url"": ""https://api.discogs.com/artists/100530""}, {""name"": ""Plump DJs"", ""anv"": """", ""join"": """", ""role"": ""Remix [Uncredited]"", ""tracks"": """", ""id"": 7961, ""resource_url"": ""https://api.discogs.com/artists/7961""}, {""name"": ""Andrew Bramley"", ""anv"": ""Bramley"", ""join"": """", ""role"": ""Written-By"", ""tracks"": """", ""id"": 692797, ""resource_url"": ""https://api.discogs.com/artists/692797""}, {""name"": ""Naomi Bedford"", ""anv"": ""Bedford"", ""join"": """", ""role"": ""Written-By"", ""tracks"": """", ""id"": 108982, ""resource_url"": ""https://api.discogs.com/artists/108982""}, {""name"": ""Paul Hartnoll"", ""anv"": ""Hartnoll"", ""join"": """", ""role"": ""Written-By"", ""tracks"": """", ""id"": 63854, ""resource_url"": ""https://api.discogs.com/artists/63854""}, {""name"": ""Phil Hartnoll"", ""anv"": ""Hartnoll"", ""join"": """", ""role"": ""Written-By"", ""tracks"": """", ""id"": 206444, ""resource_url"": ""https://api.discogs.com/artists/206444""}]"
10444779,9,track,Funny Break (One Is Enough) (Plump DJ's Mix),3:24,"[{""name"": ""Orbital"", ""anv"": """", ""join"": """", ""role"": """", ""tracks"": """", ""id"": 1279, ""resource_url"": ""https://api.discogs.com/artists/1279""}]","[{""name"": ""Matthew Benjamin"", ""anv"": ""Matthew 'Bushwacka!' B."", ""join"": """", ""role"": ""Written-By, Producer, Engineer"", ""tracks"": """", ""id"": 511038, ""resource_url"": ""https://api.discogs.com/artists/511038""}]"
10444779,10,track,Feel It,5:06,"[{""name"": ""Bushwacka!"", ""anv"": """", ""join"": """", ""role"": """", ""tracks"": """", ""id"": 4507, ""resource_url"": ""https://api.discogs.com/artists/4507""}]","[{""name"": ""Damian Taylor"", ""anv"": ""D.Taylor"", ""join"": """", ""role"": ""Mixed By, Producer [Additional]"", ""tracks"": """", ""id"": 142312, ""resource_url"": ""https://api.discogs.com/artists/142312""}, {""name"": ""Richard File"", ""anv"": ""R.File"", ""join"": """", ""role"": ""Written-By, Producer"", ""tracks"": """", ""id"": 204992, ""resource_url"": ""https://api.discogs.com/artists/204992""}]"
10444779,11,track,Kick A Hole (Tigerstyle),3:20,"[{""name"": ""Forme (2)"", ""anv"": """", ""join"": """", ""role"": """", ""tracks"": """", ""id"": 83104, ""resource_url"": ""https://api.discogs.com/artists/83104""}]","[{""name"": ""Meat Katie"", ""anv"": """", ""join"": """", ""role"": ""Remix, Producer [Additional]"", ""tracks"": """", ""id"": 3172, ""resource_url"": ""https://api.discogs.com/artists/3172""}, {""name"": ""Steve Gibbs"", ""anv"": """", ""join"": """", ""role"": ""Written-By, Producer"", ""tracks"": """", ""id"": 14387, ""resource_url"": ""https://api.discogs.com/artists/14387""}]"
10444779,12,track,Night Stalker (Meat Katie Remix),2:30,"[{""name"": ""Altitude"", ""anv"": """", ""join"": """", ""role"": """", ""tracks"": """", ""id"": 8037, ""resource_url"": ""https://api.discogs.com/artists/8037""}]","[{""name"": ""Green Velvet"", ""anv"": """", ""join"": """", ""role"": ""Written-By, Producer"", ""tracks"": """", ""id"": 219, ""resource_url"": ""https://api.discogs.com/artists/219""}]"
10444779,13,track,Physical 2000,1:55,"[{""name"": ""Peter Dildo"", ""anv"": """", ""join"": """", ""role"": """", ""tracks"": """", ""id"": 1651, ""resource_url"": ""https://api.discogs.com/artists/1651""}]","[{""name"": ""Duncan Forbes"", ""anv"": """", ""join"": """", ""role"": ""Producer, Engineer"", ""tracks"": """", ""id"": 62086, ""resource_url"": ""https://api.discogs.com/artists/62086""}, {""name"": ""Laurant Webb"", ""anv"": """", ""join"": """", ""role"": ""Producer, Engineer"", ""tracks"": """", ""id"": 166095, ""resource_url"": ""https://api.discogs.com/artists/166095""}, {""name"": ""FC Kahuna"", ""anv"": """", ""join"": """", ""role"": ""Remix [Additional]"", ""tracks"": """", ""id"": 3173, ""resource_url"": ""https://api.discogs.com/artists/3173""}, {""name"": ""Duncan Forbes"", ""anv"": """", ""join"": """", ""role"": ""Written-By"", ""tracks"": """", ""id"": 62086, ""resource_url"": ""https://api.discogs.com/artists/62086""}]"
10444779,14,track,La La Land (Extended Mix),2:40,"[{""name"": ""Green Velvet"", ""anv"": """", ""join"": """", ""role"": """", ""tracks"": """", ""id"": 219, ""resource_url"": ""https://api.discogs.com/artists/219""}]","[{""name"": ""FC Kahuna"", ""anv"": """", ""join"": """", ""role"": ""Producer, Arranged By"", ""tracks"": """", ""id"": 3173, ""resource_url"": ""https://api.discogs.com/artists/3173""}, {""name"": ""Jon Collyer"", ""anv"": ""J. Collyer"", ""join"": """", ""role"": ""Producer, Arranged By"", ""tracks"": """", ""id"": 291289, ""resource_url"": ""https://api.discogs.com/artists/291289""}, {""name"": ""Daniel Ormondroyd"", ""anv"": ""Ormondroyd"", ""join"": """", ""role"": ""Written-By"", ""tracks"": """", ""id"": 588725, ""resource_url"": ""https://api.discogs.com/artists/588725""}, {""name"": ""Jon Nowell"", ""anv"": ""Nowell"", ""join"": """", ""role"": ""Written-By"", ""tracks"": """", ""id"": 588724, ""resource_url"": ""https://api.discogs.com/artists/588724""}, {""name"": ""Jon Collyer"", ""anv"": ""Collyer"", ""join"": """", ""role"": ""Written-By, Producer, Arranged By"", ""tracks"": """", ""id"": 291289, ""resource_url"": ""https://api.discogs.com/artists/291289""}]"
10444779,15,track,Grab The Rope (FC Kahuna Mix),2:03,"[{""name"": ""Animated"", ""anv"": """", ""join"": """", ""role"": """", ""tracks"": """", ""id"": 15731, ""resource_url"": ""https://api.discogs.com/artists/15731""}]","[{""name"": ""John Collier"", ""anv"": ""Jon Collier"", ""join"": """", ""role"": ""Mixed By"", ""tracks"": """", ""id"": 849111, ""resource_url"": ""https://api.discogs.com/artists/849111""}, {""name"": ""FC Kahuna"", ""anv"": ""Dan & John Kahuna"", ""join"": """", ""role"": ""Remix, Engineer"", ""tracks"": """", ""id"": 3173, ""resource_url"": ""https://api.discogs.com/artists/3173""}, {""name"": ""Richard Morel"", ""anv"": """", ""join"": """", ""role"": ""Written-By, Producer"", ""tracks"": """", ""id"": 22419, ""resource_url"": ""https://api.discogs.com/artists/22419""}]"
10444779,16,track,Mindset To Cycle,3:38,"[{""name"": ""FC Kahuna"", ""anv"": """", ""join"": """", ""role"": """", ""tracks"": """", ""id"": 3173, ""resource_url"": ""https://api.discogs.com/artists/3173""}]","[{""name"": ""Matthew Benjamin"", ""anv"": ""Matthew 'Bushwacka!' B."", ""join"": """", ""role"": ""Remix [Additional], Producer [Additional]"", ""tracks"": """", ""id"": 511038, ""resource_url"": ""https://api.discogs.com/artists/511038""}, {""name"": ""Cheb Stewart"", ""anv"": """", ""join"": """", ""role"": ""Vocals"", ""tracks"": """", ""id"": 222067, ""resource_url"": ""https://api.discogs.com/artists/222067""}, {""name"": ""Anton Fielding"", ""anv"": """", ""join"": """", ""role"": ""Written-By, Producer"", ""tracks"": """", ""id"": 469970, ""resource_url"": ""https://api.discogs.com/artists/469970""}, {""name"": ""Chris Scott"", ""anv"": """", ""join"": """", ""role"": ""Written-By, Producer"", ""tracks"": """", ""id"": 47799, ""resource_url"": ""https://api.discogs.com/artists/47799""}]"
10444779,17,track,True (The Faggot Is You) (FC Kahuna's Headstart Mix),2:18,"[{""name"": ""Richard Morel"", ""anv"": ""Morel"", ""join"": """", ""role"": """", ""tracks"": """", ""id"": 22419, ""resource_url"": ""https://api.discogs.com/artists/22419""}]","[{""name"": ""Lewis Copeland"", ""anv"": """", ""join"": """", ""role"": ""Written-By, Producer, Engineer"", ""tracks"": """", ""id"": 71899, ""resource_url"": ""https://api.discogs.com/artists/71899""}, {""name"": ""Matthew Benjamin"", ""anv"": ""Matthew 'Bushwacka!' B"", ""join"": """", ""role"": ""Written-By, Producer, Engineer"", ""tracks"": """", ""id"": 511038, ""resource_url"": ""https://api.discogs.com/artists/511038""}]"
10444779,18,track,Thru 2 You (Bushwacka! Remix),2:32,"[{""name"": ""Echomen"", ""anv"": """", ""join"": """", ""role"": """", ""tracks"": """", ""id"": 9585, ""resource_url"": ""https://api.discogs.com/artists/9585""}]","[{""name"": ""Jesse Skeens"", ""anv"": """", ""join"": """", ""role"": ""Remix, Producer [Additional]"", ""tracks"": """", ""id"": 16938, ""resource_url"": ""https://api.discogs.com/artists/16938""}, {""name"": ""Pete Lazonby"", ""anv"": """", ""join"": """", ""role"": ""Written-By, Producer"", ""tracks"": """", ""id"": 5929, ""resource_url"": ""https://api.discogs.com/artists/5929""}]"
10444779,19,track,Fairytale,3:38,"[{""name"": ""Landmine"", ""anv"": """", ""join"": """", ""role"": """", ""tracks"": """", ""id"": 12805, ""resource_url"": ""https://api.discogs.com/artists/12805""}]","[{""name"": ""Sam Mollison"", ""anv"": """", ""join"": """", ""role"": ""Vocals"", ""tracks"": """", ""id"": 7530, ""resource_url"": ""https://api.discogs.com/artists/7530""}, {""name"": ""Jesse Skeens"", ""anv"": """", ""join"": """", ""role"": ""Written-By, Producer"", ""tracks"": """", ""id"": 16938, ""resource_url"": ""https://api.discogs.com/artists/16938""}, {""name"": ""Sam Mollison"", ""anv"": """", ""join"": """", ""role"": ""Written-By, Producer"", ""tracks"": """", ""id"": 7530, ""resource_url"": ""https://api.discogs.com/artists/7530""}]"
10444779,20,track,Sacred Cycles (Medway Remix),3:38,"[{""name"": ""Pete Lazonby"", ""anv"": ""Lazonby"", ""join"": """", ""role"": """", ""tracks"": """", ""id"": 5929, ""resource_url"": ""https://api.discogs.com/artists/5929""}]","[{""name"": ""Matthew Benjamin"", ""anv"": ""Matthew 'Bushwacka!' B."", ""join"": """", ""role"": ""Written-By, Producer, Engineer"", ""tracks"": """", ""id"": 511038, ""resource_url"": ""https://api.discogs.com/artists/511038""}]"
10444779,21,track,Release (Original Mix),2:54,"[{""name"": ""Medway"", ""anv"": """", ""join"": """", ""role"": """", ""tracks"": """", ""id"": 4242, ""resource_url"": ""https://api.discogs.com/artists/4242""}]","[{""name"": ""Nigel Godrich"", ""anv"": """", ""join"": """", ""role"": ""Engineer, Mixed By"", ""tracks"": """", ""id"": 169094, ""resource_url"": ""https://api.discogs.com/artists/169094""}, {""name"": ""Chris Blair"", ""anv"": """", ""join"": """", ""role"": ""Mastered By"", ""tracks"": """", ""id"": 336941, ""resource_url"": ""https://api.discogs.com/artists/336941""}, {""name"": ""Nigel Godrich"", ""anv"": """", ""join"": """", ""role"": ""Producer"", ""tracks"": """", ""id"": 169094, ""resource_url"": ""https://api.discogs.com/artists/169094""}, {""name"": ""Radiohead"", ""anv"": """", ""join"": """", ""role"": ""Producer"", ""tracks"": """", ""id"": 3840, ""resource_url"": ""https://api.discogs.com/artists/3840""}, {""name"": ""Colin Greenwood"", ""anv"": """", ""join"": """", ""role"": ""Written-By"", ""tracks"": """", ""id"": 365785, ""resource_url"": ""https://api.discogs.com/artists/365785""}, {""name"": ""Ed O'Brien"", ""anv"": ""Edward O'Brien"", ""join"": """", ""role"": ""Written-By"", ""tracks"": """", ""id"": 365794, ""resource_url"": ""https://api.discogs.com/artists/365794""}, {""name"": ""Jonny Greenwood"", ""anv"": ""Jonathan Greenwood"", ""join"": """", ""role"": ""Written-By"", ""tracks"": """", ""id"": 152377, ""resource_url"": ""https://api.discogs.com/artists/152377""}, {""name"": ""Phil Selway"", ""anv"": ""Philip Selway"", ""join"": """", ""role"": ""Written-By"", ""tracks"": """", ""id"": 365781, ""resource_url"": ""https://api.discogs.com/artists/365781""}, {""name"": ""Thom Yorke"", ""anv"": ""Thomas Yorke"", ""join"": """", ""role"": ""Written-By"", ""tracks"": """", ""id"": 4854, ""resource_url"": ""https://api.discogs.com/artists/4854""}]"
10444779,22,track,Healer,3:37,"[{""name"": ""Bushwacka!"", ""anv"": """", ""join"": """", ""role"": """", ""tracks"": """", ""id"": 4507, ""resource_url"": ""https://api.discogs.com/artists/4507""}]","[{""name"": ""James Lavelle"", ""anv"": ""J. Lavelle"", ""join"": """", ""role"": ""Written-By, Producer"", ""tracks"": """", ""id"": 21209, ""resource_url"": ""https://api.discogs.com/artists/21209""}, {""name"": ""Richard File"", ""anv"": ""R. File"", ""join"": """", ""role"": ""Written-By, Producer"", ""tracks"": """", ""id"": 204992, ""resource_url"": ""https://api.discogs.com/artists/204992""}]"
10444779,23.1,track,Everything In Its Right Place,4:39,"[{""name"": ""Radiohead"", ""anv"": """", ""join"": """", ""role"": """", ""tracks"": """", ""id"": 3840, ""resource_url"": ""https://api.discogs.com/artists/3840""}]",
10444779,23.2,track,Bonus Beats,,"[{""name"": ""UNKLE"", ""anv"": """", ""join"": """", ""role"": """", ""tracks"": """", ""id"": 3194, ""resource_url"": ""https://api.discogs.com/artists/3194""}]",
10444835,1,track,Surfin',,"[{""name"": ""The Beach Boys"", ""anv"": """", ""join"": """", ""role"": """", ""tracks"": """", ""id"": 70829, ""resource_url"": ""https://api.discogs.com/artists/70829""}]","[{""name"": ""Brian Wilson"", ""anv"": ""B. Wilson"", ""join"": """", ""role"": ""Written-By"", ""tracks"": """", ""id"": 189718, ""resource_url"": ""https://api.discogs.com/artists/189718""}, {""name"": ""Mike Love"", ""anv"": ""M. Love"", ""join"": """", ""role"": ""Written-By"", ""tracks"": """", ""id"": 372789, ""resource_url"": ""https://api.discogs.com/artists/372789""}]"
10444835,2,track,Surf City,,"[{""name"": ""Jan & Dean"", ""anv"": """", ""join"": """", ""role"": """", ""tracks"": """", ""id"": 254862, ""resource_url"": ""https://api.discogs.com/artists/254862""}]","[{""name"": ""Brian Wilson"", ""anv"": ""B. Wilson"", ""join"": """", ""role"": ""Written-By"", ""tracks"": """", ""id"": 189718, ""resource_url"": ""https://api.discogs.com/artists/189718""}, {""name"": ""Jan Berry"", ""anv"": ""J. Berry"", ""join"": """", ""role"": ""Written-By"", ""tracks"": """", ""id"": 284155, ""resource_url"": ""https://api.discogs.com/artists/284155""}]"
10444835,3,track,Surfer's Stomp,,"[{""name"": ""The Marketts"", ""anv"": """", ""join"": """", ""role"": """", ""tracks"": """", ""id"": 331399, ""resource_url"": ""https://api.discogs.com/artists/331399""}]","[{""name"": ""Joe Saraceno"", ""anv"": ""Saraceno"", ""join"": """", ""role"": ""Written-By"", ""tracks"": """", ""id"": 370566, ""resource_url"": ""https://api.discogs.com/artists/370566""}, {""name"": ""Mike Daughtry"", ""anv"": ""Daughtery"", ""join"": """", ""role"": ""Written-By"", ""tracks"": """", ""id"": 689456, ""resource_url"": ""https://api.discogs.com/artists/689456""}]"
10444835,4,track,"Theme From ""Endless Summer""",,"[{""name"": ""The Sandals"", ""anv"": """", ""join"": """", ""role"": """", ""tracks"": """", ""id"": 520697, ""resource_url"": ""https://api.discogs.com/artists/520697""}]","[{""name"": ""Gaston Georis"", ""anv"": ""G. Georis"", ""join"": """", ""role"": ""Written-By"", ""tracks"": """", ""id"": 890651, ""resource_url"": ""https://api.discogs.com/artists/890651""}, {""name"": ""John Blakeley"", ""anv"": ""J. Blakeley"", ""join"": """", ""role"": ""Written-By"", ""tracks"": """", ""id"": 405124, ""resource_url"": ""https://api.discogs.com/artists/405124""}]"
10444835,5,track,Hawaii Five-O,,"[{""name"": ""The Ventures"", ""anv"": """", ""join"": """", ""role"": """", ""tracks"": """", ""id"": 65376, ""resource_url"": ""https://api.discogs.com/artists/65376""}]","[{""name"": ""Morton Stevens"", ""anv"": ""Mort Stevens"", ""join"": """", ""role"": ""Written-By"", ""tracks"": """", ""id"": 23459, ""resource_url"": ""https://api.discogs.com/artists/23459""}]"
10444835,6,track,Surfin' Safari,,"[{""name"": ""The Beach Boys"", ""anv"": """", ""join"": """", ""role"": """", ""tracks"": """", ""id"": 70829, ""resource_url"": ""https://api.discogs.com/artists/70829""}]","[{""name"": ""Brian Wilson"", ""anv"": ""B. Wilson"", ""join"": """", ""role"": ""Written-By"", ""tracks"": """", ""id"": 189718, ""resource_url"": ""https://api.discogs.com/artists/189718""}, {""name"": ""Mike Love"", ""anv"": ""M. Love"", ""join"": """", ""role"": ""Written-By"", ""tracks"": """", ""id"": 372789, ""resource_url"": ""https://api.discogs.com/artists/372789""}]"
10444835,7,track,Finksville U.S.A.,,"[{""name"": ""Mr. Gasser & The Weirdos"", ""anv"": """", ""join"": """", ""role"": """", ""tracks"": """", ""id"": 597405, ""resource_url"": ""https://api.discogs.com/artists/597405""}]","[{""name"": ""Altizer"", ""anv"": """", ""join"": """", ""role"": ""Written By"", ""tracks"": """", ""id"": 0, ""resource_url"": """"}, {""name"": ""Day"", ""anv"": """", ""join"": """", ""role"": ""Written By"", ""tracks"": """", ""id"": 0, ""resource_url"": """"}, {""name"": ""Ed Roth (2)"", ""anv"": ""Roth"", ""join"": """", ""role"": ""Written-By"", ""tracks"": """", ""id"": 1832942, ""resource_url"": ""https://api.discogs.com/artists/1832942""}, {""name"": ""Robert Klimes"", ""anv"": ""Klimes"", ""join"": """", ""role"": ""Written-By"", ""tracks"": """", ""id"": 1718218, ""resource_url"": ""https://api.discogs.com/artists/1718218""}]"
10444835,8,track,Shoot The Curl,,"[{""name"": ""The Honeys"", ""anv"": """", ""join"": """", ""role"": """", ""tracks"": """", ""id"": 520695, ""resource_url"": ""https://api.discogs.com/artists/520695""}]","[{""name"": ""Diane Rovell"", ""anv"": ""D. Rovell"", ""join"": """", ""role"": ""Written By"", ""tracks"": """", ""id"": 0, ""resource_url"": """"}, {""name"": ""Sandra Glantz"", ""anv"": ""S. Glantz"", ""join"": """", ""role"": ""Written-By"", ""tracks"": """", ""id"": 1746456, ""resource_url"": ""https://api.discogs.com/artists/1746456""}]"
10444835,9,track,Tell 'Em I'm Surfin',,"[{""name"": ""The Fantastic Baggys"", ""anv"": ""The Fantastic Baggies"", ""join"": """", ""role"": """", ""tracks"": """", ""id"": 520680, ""resource_url"": ""https://api.discogs.com/artists/520680""}]","[{""name"": ""P.F. Sloan"", ""anv"": ""P. Sloan"", ""join"": """", ""role"": ""Written-By"", ""tracks"": """", ""id"": 639495, ""resource_url"": ""https://api.discogs.com/artists/639495""}, {""name"": ""Steve Barri"", ""anv"": ""S. Barri"", ""join"": """", ""role"": ""Written-By"", ""tracks"": """", ""id"": 105035, ""resource_url"": ""https://api.discogs.com/artists/105035""}]"
10444835,10,track,Ride The Wild Surf,,"[{""name"": ""Jan & Dean"", ""anv"": """", ""join"": """", ""role"": """", ""tracks"": """", ""id"": 254862, ""resource_url"": ""https://api.discogs.com/artists/254862""}]","[{""name"": ""Brian Wilson"", ""anv"": ""Wilson"", ""join"": """", ""role"": ""Written-By"", ""tracks"": """", ""id"": 189718, ""resource_url"": ""https://api.discogs.com/artists/189718""}, {""name"": ""Jan Berry"", ""anv"": ""Berry"", ""join"": """", ""role"": ""Written-By"", ""tracks"": """", ""id"": 284155, ""resource_url"": ""https://api.discogs.com/artists/284155""}, {""name"": ""Roger Christian"", ""anv"": ""Christian"", ""join"": """", ""role"": ""Written-By"", ""tracks"": """", ""id"": 647150, ""resource_url"": ""https://api.discogs.com/artists/647150""}]"
10444835,11,track,Surfin' Bird,,"[{""name"": ""The Trashmen"", ""anv"": """", ""join"": """", ""role"": """", ""tracks"": """", ""id"": 254857, ""resource_url"": ""https://api.discogs.com/artists/254857""}]","[{""name"": ""Al Frazier"", ""anv"": ""Frazier"", ""join"": """", ""role"": ""Written-By"", ""tracks"": """", ""id"": 704718, ""resource_url"": ""https://api.discogs.com/artists/704718""}, {""name"": ""Carl White (4)"", ""anv"": ""White"", ""join"": """", ""role"": ""Written-By"", ""tracks"": """", ""id"": 704715, ""resource_url"": ""https://api.discogs.com/artists/704715""}, {""name"": ""John Harris (26)"", ""anv"": ""Harris"", ""join"": """", ""role"": ""Written-By"", ""tracks"": """", ""id"": 3474682, ""resource_url"": ""https://api.discogs.com/artists/3474682""}, {""name"": ""Turner Wilson, Jr."", ""anv"": ""Wilson"", ""join"": """", ""role"": ""Written-By"", ""tracks"": """", ""id"": 758518, ""resource_url"": ""https://api.discogs.com/artists/758518""}]"
10444835,12,track,Surf Age,,"[{""name"": ""Jerry Cole And His Spacemen"", ""anv"": ""Jerry Cole & His Spacemen"", ""join"": """", ""role"": """", ""tracks"": """", ""id"": 2012952, ""resource_url"": ""https://api.discogs.com/artists/2012952""}]","[{""name"": ""Jerry Cole"", ""anv"": """", ""join"": """", ""role"": ""Written-By"", ""tracks"": """", ""id"": 516112, ""resource_url"": ""https://api.discogs.com/artists/516112""}]"
10444835,13,track,I Live For The Sun,,"[{""name"": ""The Sunrays"", ""anv"": """", ""join"": """", ""role"": """", ""tracks"": """", ""id"": 418770, ""resource_url"": ""https://api.discogs.com/artists/418770""}]","[{""name"": ""Richard Henn"", ""anv"": ""R. Henn"", ""join"": """", ""role"": ""Written-By"", ""tracks"": """", ""id"": 476328, ""resource_url"": ""https://api.discogs.com/artists/476328""}]"
10444835,14,track,Surfin' U.S.A.,,"[{""name"": ""The Beach Boys"", ""anv"": """", ""join"": """", ""role"": """", ""tracks"": """", ""id"": 70829, ""resource_url"": ""https://api.discogs.com/artists/70829""}]","[{""name"": ""Chuck Berry"", ""anv"": """", ""join"": """", ""role"": ""Written-By"", ""tracks"": """", ""id"": 180119, ""resource_url"": ""https://api.discogs.com/artists/180119""}]"
10444835,15,track,Papa-Oom-Mow-Mow,,"[{""name"": ""The Rivingtons"", ""anv"": """", ""join"": """", ""role"": """", ""tracks"": """", ""id"": 254872, ""resource_url"": ""https://api.discogs.com/artists/254872""}]","[{""name"": ""Al Frazier"", ""anv"": ""Frazier"", ""join"": """", ""role"": ""Written-By"", ""tracks"": """", ""id"": 704718, ""resource_url"": ""https://api.discogs.com/artists/704718""}, {""name"": ""Carl White (4)"", ""anv"": ""White"", ""join"": """", ""role"": ""Written-By"", ""tracks"": """", ""id"": 704715, ""resource_url"": ""https://api.discogs.com/artists/704715""}, {""name"": ""John Harris (26)"", ""anv"": ""Harris"", ""join"": """", ""role"": ""Written-By"", ""tracks"": """", ""id"": 3474682, ""resource_url"": ""https://api.discogs.com/artists/3474682""}, {""name"": ""Turner Wilson, Jr."", ""anv"": ""Wilson"", ""join"": """", ""role"": ""Written-By"", ""tracks"": """", ""id"": 758518, ""resource_url"": ""https://api.discogs.com/artists/758518""}]"
10444835,16,track,Wipe Out,,"[{""name"": ""The Ventures"", ""anv"": """", ""join"": """", ""role"": """", ""tracks"": """", ""id"": 65376, ""resource_url"": ""https://api.discogs.com/artists/65376""}]","[{""name"": ""The Surfaris"", ""anv"": """", ""join"": """", ""role"": ""Written-By"", ""tracks"": """", ""id"": 254867, ""resource_url"": ""https://api.discogs.com/artists/254867""}]"
10444835,17,track,Pipeline,,"[{""name"": ""Jerry Cole And His Spacemen"", ""anv"": ""Jerry Cole & His Spacemen"", ""join"": """", ""role"": """", ""tracks"": """", ""id"": 2012952, ""resource_url"": ""https://api.discogs.com/artists/2012952""}]","[{""name"": ""Bob Spickard"", ""anv"": ""Spickard"", ""join"": """", ""role"": ""Written-By"", ""tracks"": """", ""id"": 663951, ""resource_url"": ""https://api.discogs.com/artists/663951""}, {""name"": ""Brian Carman"", ""anv"": ""Carmen"", ""join"": """", ""role"": ""Written-By"", ""tracks"": """", ""id"": 663949, ""resource_url"": ""https://api.discogs.com/artists/663949""}]"
10444835,18,track,Summer Means Fun,,"[{""name"": ""The Fantastic Baggys"", ""anv"": ""The Fantastic Baggies"", ""join"": """", ""role"": """", ""tracks"": """", ""id"": 520680, ""resource_url"": ""https://api.discogs.com/artists/520680""}]","[{""name"": ""P.F. Sloan"", ""anv"": """", ""join"": """", ""role"": ""Written-By"", ""tracks"": """", ""id"": 639495, ""resource_url"": ""https://api.discogs.com/artists/639495""}, {""name"": ""Steve Barri"", ""anv"": ""S. Barri"", ""join"": """", ""role"": ""Written-By"", ""tracks"": """", ""id"": 105035, ""resource_url"": ""https://api.discogs.com/artists/105035""}]"
10444835,19,track,Pray For Surf,,"[{""name"": ""The Honeys"", ""anv"": """", ""join"": """", ""role"": """", ""tracks"": """", ""id"": 520695, ""resource_url"": ""https://api.discogs.com/artists/520695""}]","[{""name"": ""Diane Rovell"", ""anv"": ""D. Rovell"", ""join"": """", ""role"": ""Written-By"", ""tracks"": """", ""id"": 1009332, ""resource_url"": ""https://api.discogs.com/artists/1009332""}, {""name"": ""Sandra Glantz"", ""anv"": ""S. Glantz"", ""join"": """", ""role"": ""Written-By"", ""tracks"": """", ""id"": 1746456, ""resource_url"": ""https://api.discogs.com/artists/1746456""}]"
10444835,20,track,Surfer Girl,,"[{""name"": ""The Beach Boys"", ""anv"": """", ""join"": """", ""role"": """", ""tracks"": """", ""id"": 70829, ""resource_url"": ""https://api.discogs.com/artists/70829""}]","[{""name"": ""Brian Wilson"", ""anv"": """", ""join"": """", ""role"": ""Written-By"", ""tracks"": """", ""id"": 189718, ""resource_url"": ""https://api.discogs.com/artists/189718""}]"
10444835,21,track,Goofy-Foot Glen,,"[{""name"": ""John Severson"", ""anv"": """", ""join"": """", ""role"": """", ""tracks"": """", ""id"": 1157683, ""resource_url"": ""https://api.discogs.com/artists/1157683""}]","[{""name"": ""Jimmie Haskell"", ""anv"": """", ""join"": """", ""role"": ""Written-By"", ""tracks"": """", ""id"": 252860, ""resource_url"": ""https://api.discogs.com/artists/252860""}]"
10444835,22,track,Sidewalk Surfin',,"[{""name"": ""Jan & Dean"", ""anv"": """", ""join"": """", ""role"": """", ""tracks"": """", ""id"": 254862, ""resource_url"": ""https://api.discogs.com/artists/254862""}]","[{""name"": ""Brian Wilson"", ""anv"": ""B. Wilson"", ""join"": """", ""role"": ""Written-By"", ""tracks"": """", ""id"": 189718, ""resource_url"": ""https://api.discogs.com/artists/189718""}, {""name"": ""Roger Christian"", ""anv"": ""R. Christian"", ""join"": """", ""role"": ""Written-By"", ""tracks"": """", ""id"": 647150, ""resource_url"": ""https://api.discogs.com/artists/647150""}]"
10444835,23,track,Surf Route 101,,"[{""name"": ""The Super Stocks"", ""anv"": """", ""join"": """", ""role"": """", ""tracks"": """", ""id"": 1157682, ""resource_url"": ""https://api.discogs.com/artists/1157682""}]","[{""name"": ""Gary Usher"", ""anv"": ""G. Usher"", ""join"": """", ""role"": ""Written-By"", ""tracks"": """", ""id"": 269419, ""resource_url"": ""https://api.discogs.com/artists/269419""}, {""name"": ""Roger Christian"", ""anv"": ""R. Christian"", ""join"": """", ""role"": ""Written-By"", ""tracks"": """", ""id"": 647150, ""resource_url"": ""https://api.discogs.com/artists/647150""}]"
10444835,24,track,Doin' The Surfink,,"[{""name"": ""Mr. Gasser & The Weirdos"", ""anv"": """", ""join"": """", ""role"": """", ""tracks"": """", ""id"": 597405, ""resource_url"": ""https://api.discogs.com/artists/597405""}]","[{""name"": ""Altizer"", ""anv"": """", ""join"": """", ""role"": ""Written By"", ""tracks"": """", ""id"": 0, ""resource_url"": """"}, {""name"": ""Day"", ""anv"": """", ""join"": """", ""role"": ""Written By"", ""tracks"": """", ""id"": 0, ""resource_url"": """"}, {""name"": ""Ed Roth (2)"", ""anv"": ""Roth"", ""join"": """", ""role"": ""Written-By"", ""tracks"": """", ""id"": 1832942, ""resource_url"": ""https://api.discogs.com/artists/1832942""}, {""name"": ""Robert Klimes"", ""anv"": ""Klimes"", ""join"": """", ""role"": ""Written-By"", ""tracks"": """", ""id"": 1718218, ""resource_url"": ""https://api.discogs.com/artists/1718218""}]"
10444835,25,track,Muscle Beach Party,,"[{""name"": ""The Super Stocks"", ""anv"": """", ""join"": """", ""role"": """", ""tracks"": """", ""id"": 1157682, ""resource_url"": ""https://api.discogs.com/artists/1157682""}]","[{""name"": ""Brian Wilson"", ""anv"": ""Wilson"", ""join"": """", ""role"": ""Written-By"", ""tracks"": """", ""id"": 189718, ""resource_url"": ""https://api.discogs.com/artists/189718""}, {""name"": ""Gary Usher"", ""anv"": ""Usher"", ""join"": """", ""role"": ""Written-By"", ""tracks"": """", ""id"": 269419, ""resource_url"": ""https://api.discogs.com/artists/269419""}, {""name"": ""Roger Christian"", ""anv"": ""Christian"", ""join"": """", ""role"": ""Written-By"", ""tracks"": """", ""id"": 647150, ""resource_url"": ""https://api.discogs.com/artists/647150""}]"
10444835,26,track,Come September,,"[{""name"": ""John Severson"", ""anv"": """", ""join"": """", ""role"": """", ""tracks"": """", ""id"": 1157683, ""resource_url"": ""https://api.discogs.com/artists/1157683""}]","[{""name"": ""Bobby Darin"", ""anv"": """", ""join"": """", ""role"": ""Written-By"", ""tracks"": """", ""id"": 48822, ""resource_url"": ""https://api.discogs.com/artists/48822""}]"
10460477,A1,track,On Down Down (Iperdance),4:21,,
10460477,A2,track,On Down Down (Ipercapella),7:33,,
10460477,B1,track,On Down Down (Iperacido),4:00,,
10460477,B2,track,On Down Down (Ipertakno),4:09,,
